{"type":"FeatureCollection", "features": [
{"type":"Feature","geometry":{"type":"Polygon","coordinates":[[[96.36634,42.722923],[96.294308,42.933272],[95.908492,43.214547],[95.832837,43.408902],[95.692484,43.630542],[95.589235,43.869494],[95.510273,43.979125],[95.327545,44.006669],[95.321447,44.148417],[95.379428,44.287117],[95.036814,44.254974],[94.69823,44.343496],[94.588055,44.4361],[94.338458,44.512116],[94.195005,44.65433],[93.97507,44.659962],[93.874507,44.714223],[93.714,44.874575],[93.525278,44.951263],[93.165713,45.007642],[92.945055,45.005833],[92.752715,45.037976],[92.475109,44.997461],[92.19368,45.014514],[92.009401,45.076216],[91.662963,45.059525],[91.521783,45.077456],[91.45605,45.137453],[91.249138,45.129701],[91.135036,45.197862],[90.90549,45.185977],[90.796556,45.292844],[90.737955,45.441724],[90.651138,45.493142],[90.710773,45.752196],[91.002435,46.021843],[90.995923,46.113724],[90.896188,46.302033],[91.047496,46.566409],[91.004812,46.74043],[90.828182,46.982301],[90.712116,47.014702],[90.46872,47.308922],[90.441228,47.493045],[90.327437,47.623037],[90.082852,47.756104],[90.044612,47.879766],[89.889066,47.824317],[89.751296,47.824317],[89.5418,48.031023],[89.334268,48.032366],[89.243989,47.980225],[89.045551,47.992989],[88.932328,48.096962],[88.805411,48.105954],[88.580774,48.211994],[88.565116,48.342993],[88.235627,48.493191],[87.942828,48.599489],[88.033779,48.72912],[87.805885,48.800588],[87.756896,48.920374],[87.821905,49.02874],[87.816324,49.165837],[87.525282,49.119794],[87.400432,49.071011],[87.116315,49.129767],[86.887337,49.106823],[86.727502,48.990344],[86.789462,48.839139],[86.744503,48.70354],[86.565083,48.527323],[86.333831,48.4904],[86.19203,48.418234],[85.783683,48.407589],[85.718674,48.358832],[85.586383,48.141249],[85.515379,47.92028],[85.595426,47.624071],[85.579975,47.523767],[85.670357,47.384344],[85.65966,47.206525],[85.556824,47.178749],[85.498636,47.051832],[85.205114,47.033719],[84.916036,46.850552],[84.739613,46.814766],[84.731655,46.947756],[84.663545,46.983852],[84.15908,46.993257],[83.905348,46.973956],[83.524493,47.067102],[83.150356,47.211538],[83.013516,47.194588],[82.985508,46.94251],[82.838953,46.732446],[82.674364,46.331127],[82.568272,46.19651],[82.488949,45.901695],[82.372212,45.73416],[82.291493,45.533191],[82.362652,45.481204],[82.615711,45.435419],[82.63385,45.339353],[82.585222,45.17683],[82.475823,45.115697],[82.294594,45.228197],[81.950119,45.144481],[81.807285,45.188716],[81.739279,45.338061],[81.144173,45.204684],[80.853855,45.126497],[80.69712,45.143654],[80.425096,45.092132],[80.365048,45.043195],[80.061707,45.018959],[79.858205,44.90372],[79.991737,44.793649],[80.218287,44.818092],[80.476152,44.73541],[80.376313,44.67128],[80.332905,44.417393],[80.373006,44.270219],[80.345101,44.103097],[80.476152,43.910241],[80.712727,43.458873],[80.64286,43.32622],[80.735464,43.288883],[80.773395,43.112925],[80.575887,43.119411],[80.368148,43.02846],[80.476152,42.863896],[80.227485,42.790981],[80.140048,42.622955],[80.268413,42.237966],[80.210328,42.189519],[80.256527,42.084357],[80.181906,42.020976],[79.842909,42.00183],[79.747514,41.879745],[79.610985,41.867626],[79.410997,41.778588],[79.30413,41.787554],[78.976192,41.6418],[78.672128,41.538448],[78.619211,41.478089],[78.359899,41.377527],[78.359692,41.287455],[78.176034,41.105502],[78.074955,41.039512],[77.866699,41.064058],[77.665574,41.001271],[77.474888,40.982047],[77.332985,41.02065],[77.118838,41.011658],[77.007733,41.044214],[76.860972,41.013208],[76.766818,40.944685],[76.770848,40.867119],[76.630805,40.728885],[76.624191,40.627547],[76.449111,40.415519],[76.330152,40.348081],[76.244162,40.441202],[76.07611,40.391954],[75.921495,40.309117],[75.681819,40.291702],[75.666936,40.450245],[75.559863,40.63287],[75.481832,40.614111],[75.19389,40.441254],[75.039068,40.441099],[74.835359,40.511637],[74.705755,40.331286],[74.369858,40.105822],[74.167596,40.10639],[74.003989,40.060812],[73.823018,39.805685],[73.926784,39.592882],[73.820744,39.468186],[73.632642,39.448343],[73.602256,39.235772],[73.698168,39.078417],[73.81599,38.993771],[73.683698,38.854942],[73.797387,38.602839],[73.932882,38.529665],[74.140415,38.669217],[74.334201,38.666995],[74.776345,38.510674],[74.838253,38.379416],[74.771074,38.29154],[74.790711,38.081449],[74.892824,37.994013],[74.883212,37.843867],[74.965171,37.767463],[74.891893,37.599205],[75.164125,37.400638],[75.06842,37.312142],[74.783269,37.219667],[74.721464,37.297776],[74.623279,37.230804],[74.487267,37.225946],[74.366137,37.14776],[74.542354,37.021669],[74.66245,37.054484],[74.910497,36.962551],[75.100149,36.994125],[75.351297,36.915784],[75.410518,36.747319],[75.570508,36.766749],[75.790547,36.687839],[75.874779,36.619471],[75.976582,36.462633],[75.96883,36.301971],[76.014409,36.230399],[75.894313,36.097384],[75.922321,36.031652],[76.061434,35.991603],[76.166027,35.806239],[76.311962,35.80965],[76.432058,35.8605],[76.56528,35.865461],[76.570757,35.751256],[76.896422,35.589612],[77.039049,35.585013],[77.105298,35.537987],[77.250819,35.530701],[77.412773,35.469412],[77.660613,35.458095],[77.800346,35.495406],[77.883132,35.431068],[77.985865,35.494165],[78.055628,35.452876],[78.001161,35.268908],[78.130042,35.055432],[78.273186,34.658867],[78.379432,34.578666],[78.607325,34.546471],[78.801732,34.415006],[78.95694,34.339961],[79.204499,34.439449],[79.338393,34.430819],[79.512646,34.471695],[79.717336,34.412784],[79.793972,34.431025],[79.956288,34.684757],[79.883838,34.9196],[80.046928,35.017708],[80.014165,35.085921],[80.176171,35.253249],[80.319211,35.509254],[80.486023,35.404248],[80.858455,35.347145],[80.978861,35.293402],[81.060923,35.388564],[81.210217,35.316914],[81.357339,35.332391],[81.54508,35.251776],[81.711426,35.245653],[82.00221,35.319447],[82.086029,35.447992],[82.289169,35.544962],[82.318934,35.633743],[82.428178,35.68976],[82.710435,35.650176],[82.784591,35.684541],[82.935899,35.674076],[82.971763,35.490444],[83.09868,35.412774],[83.246113,35.421249],[83.564801,35.36071],[83.870674,35.374534],[83.984414,35.41603],[84.214684,35.388951],[84.563449,35.559484],[84.777647,35.600489],[84.923633,35.689321],[85.149769,35.749808],[85.389341,35.756707],[85.619766,35.675394],[85.716866,35.759265],[85.929928,35.761693],[86.087438,35.875588],[86.21234,36.115935],[86.399512,36.170041],[86.459405,36.219443],[86.71386,36.231458],[86.786982,36.260268],[87.193831,36.30396],[87.345604,36.374059],[87.570914,36.333803],[87.924535,36.38256],[88.000086,36.428371],[88.459231,36.448887],[88.711722,36.368401],[88.828098,36.373672],[88.958271,36.287294],[89.223629,36.263575],[89.677813,36.081958],[89.866794,36.065603],[89.972007,36.104928],[90.013762,36.252775],[90.165691,36.129242],[90.622665,36.111129],[90.829371,36.010412],[91.111318,36.073922],[91.135761,36.140637],[91.006724,36.503483],[90.80529,36.558518],[90.688139,36.698484],[90.712376,36.8215],[90.80777,36.910564],[91.05499,36.945135],[91.287586,37.013503],[91.316318,37.118975],[91.234979,37.195404],[91.073749,37.487945],[90.957218,37.519416],[90.834487,37.607782],[90.436475,37.778573],[90.439266,37.996079],[90.193492,38.325671],[90.150911,38.432797],[90.312452,38.465792],[90.635998,38.624309],[90.653516,38.674074],[91.012461,38.698672],[91.294407,38.745129],[91.491604,38.817269],[91.62865,38.825667],[92.122729,38.940647],[92.333103,39.049865],[92.935961,39.152856],[92.94795,39.452476],[92.772405,39.810542],[92.777417,39.905523],[92.919528,40.118068],[92.925884,40.422908],[93.036833,40.489854],[93.286327,40.469261],[93.577472,40.587962],[93.759941,40.823322],[94.011037,41.104029],[94.580925,41.585214],[95.05826,41.788561],[95.49198,41.856024],[95.771912,41.829721],[95.863947,41.855017],[96.035823,41.995292],[96.01784,42.13872],[96.043781,42.499887],[96.09091,42.58691],[96.36634,42.722923]]]},"properties":{"LOCATION_TYPE":"level1","ADM0_A3":"CHN","LOCATION_ID":"CHN-XJ","NAME":"Xinjiang","TYPE_EN":"Autonomous Region"}},
{"type":"Feature","geometry":{"type":"Polygon","coordinates":[[[78.95694,34.339961],[78.976192,34.217163],[78.730109,34.079265],[78.721117,33.994386],[78.794084,33.74391],[78.781372,33.552785],[78.824263,33.461059],[78.964986,33.344254],[79.098028,33.287655],[79.260061,33.291776],[79.456096,33.250399],[79.37317,33.11214],[79.414089,32.972053],[79.620673,32.728725],[79.443497,32.534773],[79.287412,32.532579],[79.112928,32.472386],[79.09174,32.390556],[78.943429,32.346373],[78.77145,32.461663],[78.713262,32.637518],[78.630166,32.578013],[78.447542,32.566256],[78.380983,32.528041],[78.448782,32.426782],[78.457981,32.229662],[78.513068,32.20757],[78.649287,32.036444],[78.744578,31.9642],[78.670887,31.770517],[78.818889,31.607374],[78.699516,31.510016],[78.762561,31.44511],[78.73848,31.334988],[78.921008,31.269685],[79.07021,31.461381],[79.238319,31.329656],[79.302162,31.16345],[79.394978,31.036711],[79.529646,30.953564],[79.739039,30.979247],[79.833504,30.961522],[80.062534,30.784789],[80.169297,30.785254],[80.16692,30.661902],[80.252806,30.565009],[80.723062,30.392048],[80.781663,30.320993],[80.976018,30.255209],[81.097768,30.016929],[81.194506,30.004475],[81.277705,30.131857],[81.357287,30.17356],[81.387518,30.373909],[81.483067,30.331896],[81.591588,30.414269],[81.779018,30.358045],[82.088767,30.330088],[82.095898,30.213454],[82.155688,30.181363],[82.144526,30.069432],[82.394433,30.003131],[82.541814,29.923239],[82.836576,29.659793],[82.899725,29.688422],[83.032895,29.620467],[83.162086,29.62517],[83.327968,29.485023],[83.517052,29.191708],[83.65601,29.160779],[83.719727,29.233591],[83.945553,29.291831],[84.099135,29.247001],[84.13226,29.143804],[84.231427,29.025981],[84.235147,28.90002],[84.354003,28.861289],[84.450845,28.73388],[84.607218,28.698198],[84.677756,28.604405],[84.799144,28.546631],[84.918723,28.535675],[85.054942,28.638692],[85.16801,28.583192],[85.077577,28.435681],[85.080212,28.318789],[85.259581,28.266932],[85.43156,28.297059],[85.611807,28.251145],[85.675059,28.306387],[85.756605,28.203241],[85.848279,28.158928],[85.98026,27.885172],[86.112862,27.926798],[86.068731,28.076763],[86.15596,28.156525],[86.203038,28.002581],[86.438837,27.910856],[86.496921,27.937882],[86.544154,28.093015],[86.661976,28.106838],[86.76998,28.01209],[86.893073,27.954186],[87.030532,27.938089],[87.155796,27.825796],[87.38679,27.804402],[87.531587,27.836803],[87.756379,27.82037],[87.825884,27.906566],[88.095739,27.865329],[88.126693,27.95044],[88.37877,27.982634],[88.610488,28.105831],[88.81771,27.994726],[88.853884,27.843676],[88.805669,27.655109],[88.741022,27.54571],[88.773578,27.408509],[88.892331,27.315543],[88.997019,27.330869],[88.95106,27.433144],[89.050954,27.608282],[89.127359,27.62729],[89.22492,27.807813],[89.336025,27.869075],[89.444545,28.031184],[89.561489,28.13464],[89.755844,28.184379],[89.862918,28.295793],[90.07086,28.34523],[90.261804,28.335354],[90.587726,28.233298],[90.475232,28.072344],[90.683901,28.087072],[91.092558,27.971679],[91.175861,28.057487],[91.269705,28.072861],[91.418843,27.994726],[91.621725,27.950724],[91.729871,27.804136],[91.826589,27.807627],[91.864914,27.729988],[92.064878,27.761721],[92.239568,27.865277],[92.303854,27.78616],[92.404416,27.853831],[92.574977,27.847806],[92.736392,27.985909],[92.65484,28.105831],[92.779174,28.195903],[92.85028,28.19195],[92.974924,28.282306],[93.207825,28.340539],[93.186286,28.431995],[93.286972,28.520517],[93.31717,28.603463],[93.446213,28.671894],[93.62553,28.67236],[93.86308,28.704871],[93.927786,28.682752],[93.992019,28.844649],[94.250183,28.933107],[94.347311,29.024349],[94.270786,29.09793],[94.396439,29.207081],[94.528628,29.23124],[94.63043,29.319452],[94.704224,29.284699],[94.776571,29.166696],[95.047666,29.140806],[95.224916,29.059364],[95.367406,29.036496],[95.487577,29.068994],[95.515337,29.209433],[95.592335,29.249689],[95.717165,29.218284],[95.744781,29.340432],[95.863134,29.323985],[95.953735,29.359219],[96.141966,29.368467],[96.205424,29.256949],[96.316425,29.171864],[96.174625,29.108845],[96.195323,28.941106],[96.366568,29.036537],[96.457605,28.994588],[96.576668,28.808527],[96.59801,28.70991],[96.336459,28.479667],[96.369644,28.378116],[96.561518,28.447293],[96.716924,28.436539],[96.933959,28.336618],[97.11555,28.366564],[97.323496,28.217478],[97.436667,28.286414],[97.445349,28.382971],[97.527721,28.529526],[97.699597,28.48803],[97.740008,28.38261],[97.897518,28.355325],[97.991052,28.214015],[98.115002,28.143888],[98.23016,28.202878],[98.299768,28.354807],[98.409994,28.250602],[98.489885,28.248069],[98.640419,28.424131],[98.589207,28.670292],[98.678143,28.757056],[98.638713,28.878651],[98.66481,28.974175],[98.785009,29.000246],[98.873479,28.811808],[99.006288,29.073161],[98.990165,29.20199],[99.108814,29.223772],[99.062512,29.308289],[99.041996,29.562459],[98.986754,29.650904],[99.005461,29.820092],[99.056311,29.915332],[98.986754,30.144362],[98.960709,30.459976],[98.905364,30.663813],[98.954301,30.747865],[98.775088,30.902223],[98.803044,30.990977],[98.620265,31.187942],[98.68269,31.315918],[98.767801,31.230368],[98.884952,31.354081],[98.592153,31.598821],[98.445495,31.803615],[98.452988,31.984095],[98.220186,32.252192],[98.205768,32.355648],[98.014152,32.464505],[97.715721,32.54419],[97.630868,32.444092],[97.562293,32.484348],[97.360859,32.500187],[97.393156,32.384974],[97.359773,32.260486],[97.254405,32.203952],[97.25487,32.075794],[97.124077,32.009338],[97.018089,32.022904],[96.754126,31.973837],[96.752885,31.838677],[96.795415,31.715455],[96.483238,31.753463],[96.278186,31.90906],[96.182636,31.871156],[96.094218,31.700546],[95.848858,31.714266],[95.592698,31.761576],[95.497096,31.741655],[95.406766,31.810668],[95.354314,31.954406],[95.425266,32.09476],[95.382116,32.170052],[95.259075,32.244079],[95.061826,32.261209],[94.951342,32.337225],[94.938939,32.42815],[94.75523,32.535456],[94.582217,32.672192],[94.316858,32.540753],[94.110773,32.478225],[93.877402,32.495381],[93.734155,32.572457],[93.597161,32.564576],[93.510396,32.516103],[93.345341,32.577702],[93.218527,32.65979],[93.031252,32.66351],[93.005931,32.734617],[92.649983,32.740431],[92.465809,32.769421],[92.221379,32.744978],[92.196109,32.86864],[92.08609,32.885642],[91.976846,32.848615],[91.813135,32.968272],[91.720324,32.982509],[91.542661,33.080333],[91.376469,33.271251],[91.361587,33.336958],[91.189194,33.336958],[91.127906,33.254327],[90.949932,33.239393],[90.80405,33.140536],[90.660337,33.155858],[90.436268,33.282181],[90.3232,33.288718],[90.205688,33.401502],[90.203208,33.500074],[90.140576,33.578209],[89.975108,33.630557],[89.877233,33.822742],[89.741892,33.909507],[89.636731,34.093371],[89.786592,34.198533],[89.840284,34.383328],[89.723909,34.739637],[89.825246,34.84609],[89.787677,34.926396],[89.583607,34.940917],[89.57167,35.073312],[89.45483,35.212838],[89.484337,35.34221],[89.73011,35.443651],[89.690267,35.508582],[89.788763,35.826857],[89.581437,35.839777],[89.484647,35.880187],[89.435141,35.987804],[89.514671,36.053252],[89.677813,36.081958],[89.223629,36.263575],[88.958271,36.287294],[88.828098,36.373672],[88.711722,36.368401],[88.459231,36.448887],[88.000086,36.428371],[87.924535,36.38256],[87.570914,36.333803],[87.345604,36.374059],[87.193831,36.30396],[86.786982,36.260268],[86.71386,36.231458],[86.459405,36.219443],[86.399512,36.170041],[86.21234,36.115935],[86.087438,35.875588],[85.929928,35.761693],[85.716866,35.759265],[85.619766,35.675394],[85.389341,35.756707],[85.149769,35.749808],[84.923633,35.689321],[84.777647,35.600489],[84.563449,35.559484],[84.214684,35.388951],[83.984414,35.41603],[83.870674,35.374534],[83.564801,35.36071],[83.246113,35.421249],[83.09868,35.412774],[82.971763,35.490444],[82.935899,35.674076],[82.784591,35.684541],[82.710435,35.650176],[82.428178,35.68976],[82.318934,35.633743],[82.289169,35.544962],[82.086029,35.447992],[82.00221,35.319447],[81.711426,35.245653],[81.54508,35.251776],[81.357339,35.332391],[81.210217,35.316914],[81.060923,35.388564],[80.978861,35.293402],[80.858455,35.347145],[80.486023,35.404248],[80.319211,35.509254],[80.176171,35.253249],[80.014165,35.085921],[80.046928,35.017708],[79.883838,34.9196],[79.956288,34.684757],[79.793972,34.431025],[79.717336,34.412784],[79.512646,34.471695],[79.338393,34.430819],[79.204499,34.439449],[78.95694,34.339961]]]},"properties":{"LOCATION_TYPE":"level1","ADM0_A3":"CHN","LOCATION_ID":"CHN-XZ","NAME":"Xizang","TYPE_EN":"Autonomous Region"}},
{"type":"Feature","geometry":{"type":"Polygon","coordinates":[[[121.413275,53.317335],[121.203485,53.276749],[120.874255,53.28016],[120.450301,53.008342],[120.280182,52.865922],[120.032962,52.760657],[120.056423,52.600511],[120.175951,52.583742],[120.429941,52.636091],[120.72398,52.542169],[120.626156,52.346806],[120.758086,52.237407],[120.77917,52.117595],[120.705634,52.061035],[120.647602,51.911019],[120.493141,51.875724],[120.153782,51.663979],[120.108203,51.665194],[119.915657,51.330744],[119.758147,51.199021],[119.748277,51.083395],[119.517955,50.904801],[119.496664,50.737059],[119.293576,50.599238],[119.243656,50.445501],[119.3529,50.345507],[119.31621,50.092654],[119.091676,49.986562],[118.644365,49.954575],[118.168632,49.671491],[117.893816,49.546641],[117.758838,49.512741],[117.47286,49.614285],[117.252925,49.62245],[117.057588,49.672886],[116.684278,49.823265],[116.037806,48.870145],[116.028194,48.767464],[115.800404,48.530372],[115.809292,48.273954],[115.770845,48.224086],[115.51453,48.122103],[115.561866,47.933199],[115.852701,47.705565],[115.9729,47.709053],[116.084314,47.806928],[116.243891,47.862894],[116.49969,47.836358],[116.85326,47.872118],[117.069681,47.810158],[117.317107,47.654069],[117.527224,47.78649],[117.741681,47.977589],[118.182481,48.028206],[118.542252,47.966246],[118.767406,47.756156],[119.08346,47.661562],[119.157564,47.517669],[119.310112,47.476095],[119.320654,47.40703],[119.699959,47.159526],[119.770136,46.992998],[119.902893,46.842413],[119.904185,46.708933],[119.680116,46.591628],[119.452946,46.627491],[119.316934,46.611678],[119.062376,46.660951],[118.967239,46.740456],[118.816241,46.758181],[118.720071,46.676739],[118.238291,46.715393],[117.878313,46.596382],[117.696206,46.512253],[117.582001,46.591989],[117.393795,46.57137],[117.353074,46.379496],[117.301708,46.350144],[116.804581,46.382906],[116.603559,46.309319],[116.357166,46.105559],[116.213195,45.908155],[116.251643,45.803252],[116.169891,45.709097],[116.011967,45.678557],[115.63783,45.444359],[115.33728,45.394698],[114.938855,45.373769],[114.737317,45.425032],[114.533711,45.3855],[114.418886,45.20148],[114.163605,45.040146],[114.055291,44.940565],[113.889306,44.908268],[113.635058,44.746262],[113.104858,44.794373],[112.614242,44.908836],[112.441333,45.052393],[112.011488,45.087482],[111.843333,45.039526],[111.738533,44.9663],[111.551361,44.69319],[111.543816,44.601258],[111.406357,44.416463],[111.519425,44.18857],[111.634457,44.065942],[111.838785,43.938792],[111.944309,43.786372],[111.933353,43.696636],[111.753829,43.663202],[111.59725,43.523391],[111.096092,43.366656],[110.933724,43.287772],[110.680096,43.057657],[110.608163,42.944667],[110.406728,42.768605],[110.074862,42.643522],[109.912701,42.62882],[109.667342,42.54898],[109.485131,42.449296],[109.253414,42.425939],[108.994463,42.449529],[108.796852,42.398369],[108.536455,42.435111],[108.177355,42.454309],[106.767829,42.286619],[105.868607,41.993484],[105.274483,41.755463],[105.200896,41.743474],[105.014809,41.596144],[104.892336,41.644772],[104.497993,41.665778],[104.500784,41.870598],[103.720986,41.755566],[103.073481,42.004517],[102.034164,42.18461],[101.886473,42.278015],[101.735371,42.461156],[101.637599,42.515442],[101.41074,42.544872],[101.21871,42.529834],[100.016975,42.676518],[99.474476,42.564199],[98.662234,42.643622],[97.19068,42.787061],[97.846875,41.619269],[97.647611,41.455532],[97.708486,41.349414],[97.950538,41.119816],[98.326536,40.855672],[98.23481,40.541686],[98.515207,40.533547],[98.645845,40.56755],[98.825679,40.726558],[99.157441,40.836319],[99.496025,40.842882],[99.664542,40.901276],[100.011188,40.89629],[100.176036,40.735085],[100.203786,40.616953],[100.014185,40.402495],[99.89936,40.204781],[99.627025,40.069182],[99.430861,39.878806],[99.686143,39.876016],[100.043486,39.727653],[100.188851,39.69489],[100.306829,39.549834],[100.454985,39.495574],[100.543455,39.408861],[100.789538,39.407879],[100.833153,39.380077],[100.851963,39.16748],[100.88855,39.105159],[101.04854,39.000824],[101.179954,39.020642],[101.247805,38.870031],[101.413996,38.749211],[101.580188,38.688233],[101.831077,38.689835],[102.020367,38.856931],[102.022848,38.892717],[101.825496,39.064438],[102.39311,39.237192],[102.593459,39.177919],[102.965374,39.11937],[103.28396,39.292977],[103.463794,39.357185],[103.749254,39.424881],[104.023966,39.441107],[104.059985,39.307834],[104.224781,39.090689],[104.171554,38.959509],[104.04257,38.874062],[103.979524,38.758978],[103.794316,38.590771],[103.471235,38.435897],[103.521671,38.139843],[103.388088,38.10199],[103.438162,37.842393],[103.678716,37.775033],[103.863666,37.626437],[104.108509,37.461848],[104.262453,37.390328],[104.358519,37.401232],[104.425234,37.49859],[104.522385,37.529958],[104.646977,37.5066],[104.944323,37.545719],[105.084883,37.660673],[105.354428,37.752631],[105.534106,37.724984],[105.658698,37.739816],[105.788096,37.805057],[105.824735,38.005484],[105.755643,38.135502],[105.828094,38.226814],[105.84122,38.571289],[105.896617,38.736189],[106.060276,38.979068],[106.113193,39.120817],[106.283415,39.156525],[106.275663,39.269154],[106.496942,39.285794],[106.614092,39.358321],[106.78912,39.360957],[106.808241,39.199055],[106.977843,39.035602],[106.931747,38.921139],[106.704423,38.637229],[106.644995,38.459203],[106.470122,38.290686],[106.82917,38.150385],[107.060835,38.114935],[107.162638,38.138603],[107.324178,38.065946],[107.40469,37.921665],[107.657646,37.852935],[107.884971,37.801646],[107.991114,37.725708],[108.038708,37.632509],[108.332954,37.633595],[108.496355,37.668605],[108.764349,37.681886],[108.790704,37.941767],[108.863309,37.987604],[108.954259,37.925541],[109.02795,38.110956],[108.953484,38.199064],[108.986351,38.335206],[109.159983,38.542144],[109.313152,38.620485],[109.423947,38.769055],[109.537996,38.785204],[109.674267,39.011211],[109.820563,39.054464],[109.963345,39.181278],[110.176872,39.285199],[110.109176,39.428395],[110.225241,39.424054],[110.338103,39.318143],[110.494165,39.374315],[110.603409,39.267216],[110.684852,39.264374],[110.845669,39.465188],[111.0131,39.564872],[111.137072,39.56495],[111.041005,39.422969],[111.110045,39.385193],[111.342692,39.444414],[111.489919,39.652154],[111.761168,39.598048],[111.921469,39.688844],[112.098977,40.00544],[112.279276,40.228966],[112.399217,40.288342],[112.734235,40.172845],[112.84379,40.225659],[112.961405,40.355857],[113.229864,40.416655],[113.334147,40.318728],[113.518322,40.343739],[113.676607,40.42854],[114.043768,40.487994],[114.026973,40.635169],[114.154097,40.742578],[114.060149,40.813659],[114.018602,40.923601],[113.880677,41.0993],[113.984908,41.240894],[113.908892,41.294017],[113.927961,41.418351],[114.027283,41.53129],[114.197092,41.593586],[114.255693,41.860081],[114.419714,41.956302],[114.481312,42.075262],[114.596344,42.141278],[114.804858,42.178408],[114.920304,41.936872],[114.87581,41.81166],[114.888988,41.610044],[115.097399,41.616168],[115.225866,41.585834],[115.347358,41.624075],[115.339761,41.720839],[115.527502,41.772334],[115.858799,41.927467],[115.937347,41.927467],[116.037858,41.800627],[116.20715,41.884007],[116.377527,42.009684],[116.599736,41.92372],[116.858118,42.019503],[116.878892,42.220214],[116.826595,42.308167],[116.887109,42.395371],[117.055936,42.462835],[117.243883,42.482265],[117.4124,42.458081],[117.450433,42.549289],[117.80049,42.568823],[118.024248,42.382633],[118.133906,42.021906],[118.267851,42.073866],[118.322163,41.863543],[118.278238,41.752697],[118.159382,41.719133],[118.24439,41.592345],[118.313637,41.569556],[118.370274,41.313964],[118.478433,41.355099],[119.152655,41.312207],[119.230997,41.273398],[119.361635,41.374994],[119.389747,41.472559],[119.298641,41.777347],[119.365872,42.10048],[119.245259,42.191947],[119.335745,42.289409],[119.562759,42.371833],[119.629422,42.250548],[119.821451,42.208613],[119.808222,42.12022],[120.030328,41.860598],[120.14076,41.789284],[120.340179,41.965811],[120.468802,42.038003],[120.509161,42.148694],[120.627862,42.160373],[120.912599,42.296566],[121.034246,42.260108],[121.368851,42.49999],[121.544447,42.535233],[121.646095,42.453585],[121.87776,42.539574],[121.918274,42.646596],[122.045037,42.720855],[122.299388,42.636468],[122.425685,42.722044],[122.366877,42.799093],[122.47638,42.849633],[122.727941,42.741009],[122.892789,42.744936],[123.131275,42.826378],[123.181866,42.944097],[123.611969,43.08135],[123.696254,43.353478],[123.378134,43.453162],[123.36139,43.539772],[123.489961,43.591448],[123.522156,43.696971],[123.322271,44.04186],[123.359065,44.151336],[123.257572,44.204072],[123.123782,44.49439],[122.955317,44.446848],[122.715383,44.335563],[122.376644,44.219963],[122.254068,44.24593],[122.28187,44.428658],[122.088186,44.61968],[122.045967,44.694947],[122.010775,45.118332],[122.191849,45.20104],[122.234017,45.287055],[122.136452,45.449087],[122.027053,45.484511],[121.934397,45.68995],[121.784949,45.675972],[121.666403,45.715763],[121.814766,45.913709],[121.773684,46.010344],[121.995996,45.980295],[122.239805,45.813483],[122.398555,45.949185],[122.497877,45.82542],[122.646964,45.725065],[122.773416,45.788472],[122.798737,46.089332],[123.068902,46.108659],[123.161661,46.220073],[122.988907,46.406573],[123.019706,46.612349],[123.397254,46.597828],[123.608714,46.774639],[123.379994,46.898068],[123.186827,46.761642],[122.996245,46.840294],[122.797342,47.033719],[122.574048,47.131129],[122.405221,47.331685],[122.565367,47.531156],[123.206826,47.813826],[123.293281,47.945653],[123.577553,48.054328],[123.726949,48.191064],[124.077936,48.448309],[124.23405,48.530836],[124.300765,48.491872],[124.327171,48.332192],[124.425563,48.174372],[124.562247,48.236177],[124.520699,48.369038],[124.538063,48.571687],[124.62183,48.741986],[124.82156,49.060882],[124.863934,49.175397],[125.158128,49.151109],[125.222879,49.220045],[125.267372,49.438481],[125.219572,49.668131],[125.234764,49.847965],[125.188462,49.941861],[125.295226,50.014467],[125.264427,50.105727],[125.418422,50.194611],[125.530767,50.393048],[125.809406,50.562237],[125.824031,50.766798],[126.056265,50.980274],[125.984383,51.104219],[125.719489,51.253719],[125.486635,51.507399],[125.333311,51.582743],[125.127536,51.615739],[125.060615,51.534374],[124.82063,51.365857],[124.66622,51.335265],[124.501889,51.360586],[124.350787,51.278627],[124.162065,51.328366],[123.866269,51.313432],[123.788755,51.232816],[123.569646,51.203903],[123.438337,51.273098],[123.27168,51.26669],[123.088125,51.312475],[122.956247,51.386063],[122.714453,51.701677],[122.754192,51.847482],[122.637662,52.09496],[122.775121,52.200018],[122.730731,52.248904],[122.491779,52.294844],[122.33861,52.453698],[122.173659,52.479639],[122.017907,52.283114],[121.831251,52.269368],[121.692345,52.388534],[121.49091,52.44468],[121.173927,52.594981],[121.502744,52.774686],[121.800194,53.023586],[121.607182,53.24073],[121.413275,53.317335]]]},"properties":{"LOCATION_TYPE":"level1","ADM0_A3":"CHN","LOCATION_ID":"CHN-NM","NAME":"Inner Mongol","TYPE_EN":"Autonomous Region"}},
{"type":"Feature","geometry":{"type":"Polygon","coordinates":[[[96.36634,42.722923],[96.09091,42.58691],[96.043781,42.499887],[96.01784,42.13872],[96.035823,41.995292],[95.863947,41.855017],[95.771912,41.829721],[95.49198,41.856024],[95.05826,41.788561],[94.580925,41.585214],[94.011037,41.104029],[93.759941,40.823322],[93.577472,40.587962],[93.286327,40.469261],[93.036833,40.489854],[92.925884,40.422908],[92.919528,40.118068],[92.777417,39.905523],[92.772405,39.810542],[92.94795,39.452476],[92.935961,39.152856],[93.140341,39.198745],[93.27563,39.188719],[93.502024,39.271918],[93.722063,39.306748],[93.908925,39.285639],[94.116974,39.321941],[94.479329,39.317833],[94.631051,39.29538],[94.724637,39.23683],[95.057175,39.147456],[95.305325,39.182777],[95.460923,39.046609],[95.565774,39.015242],[95.72163,38.874733],[96.007608,38.751692],[96.054788,38.678828],[96.315496,38.626945],[96.502616,38.549017],[96.510368,38.470107],[96.845076,38.356419],[96.945483,38.358227],[96.971218,38.567259],[96.991114,38.996793],[96.962537,39.103247],[97.02646,39.196212],[97.137461,39.203163],[97.362564,39.150427],[98.068619,38.801844],[98.262561,38.931681],[98.324314,39.023251],[98.444565,38.957312],[98.60223,38.947597],[98.781909,39.067693],[98.962105,38.981755],[99.094758,38.957777],[99.099254,38.889642],[99.496335,38.601107],[99.557159,38.515375],[99.799883,38.365721],[100.079039,38.278439],[100.08307,38.394504],[100.140792,38.485842],[100.357833,38.307042],[100.554307,38.252084],[100.635749,38.1054],[101.049781,37.96373],[101.292918,37.798933],[101.64654,37.611865],[101.765603,37.524971],[101.937065,37.730695],[102.067238,37.548303],[102.032666,37.478901],[102.426648,37.278061],[102.550619,37.16383],[102.460134,36.955652],[102.674746,36.80163],[102.610822,36.657194],[102.698156,36.608877],[102.769727,36.497566],[102.818562,36.326052],[103.040357,36.216498],[102.933283,36.086066],[102.999533,35.990749],[102.97602,35.833291],[102.837527,35.860757],[102.700326,35.839466],[102.679862,35.756836],[102.721307,35.619066],[102.702186,35.524034],[102.534961,35.535635],[102.426441,35.435305],[102.289292,35.406935],[102.375591,35.203691],[102.267122,35.055871],[102.00936,34.942131],[101.912829,34.844798],[101.923216,34.787283],[101.755061,34.70367],[101.793353,34.631892],[102.150282,34.495078],[102.212345,34.351547],[102.07654,34.266978],[102.011996,34.177604],[101.862548,34.141379],[101.780382,34.067507],[101.611659,34.191247],[101.323666,34.259511],[101.256021,34.300491],[101.035828,34.338938],[100.935266,34.386325],[100.81548,34.2946],[100.791709,34.154866],[100.947978,33.929764],[101.129466,33.850647],[101.160265,33.664147],[101.39963,33.645078],[101.495593,33.704636],[101.57688,33.630506],[101.613364,33.511857],[101.77754,33.530047],[101.883993,33.546325],[101.923216,33.406385],[101.832162,33.26921],[101.863685,33.12263],[102.27875,33.377756],[102.481838,33.465038],[102.481838,33.540149],[102.356006,33.609396],[102.343138,33.725177],[102.171211,33.941753],[102.4406,34.05973],[102.617644,34.083501],[102.5978,34.16546],[102.78182,34.274187],[102.930596,34.295581],[103.000566,34.213984],[103.120094,34.168612],[103.142108,33.961545],[103.184172,33.822096],[103.350674,33.755692],[103.55862,33.806877],[103.522756,33.714118],[103.74512,33.676033],[104.093006,33.66854],[104.156309,33.62402],[104.174655,33.490152],[104.29289,33.363571],[104.280591,33.272052],[104.328237,33.140355],[104.405855,33.063279],[104.288859,32.847892],[104.4057,32.809367],[104.558404,32.688341],[104.898331,32.611834],[105.031812,32.63868],[105.146792,32.608346],[105.269988,32.641703],[105.435249,32.773555],[105.386364,32.823371],[105.498553,32.907397],[105.63932,32.885487],[105.886488,32.978013],[105.91274,33.233682],[105.747168,33.293989],[105.832435,33.497542],[106.073453,33.617509],[106.170605,33.562241],[106.392659,33.618827],[106.495547,33.543586],[106.55947,33.598621],[106.481749,33.700889],[106.479837,33.868191],[106.430227,33.942115],[106.513737,34.106601],[106.587427,34.137451],[106.656002,34.254214],[106.673623,34.384672],[106.498337,34.520219],[106.368371,34.520219],[106.317728,34.583342],[106.491516,34.740955],[106.549703,34.862575],[106.491206,35.03011],[106.564586,35.079616],[106.914849,35.089047],[107.051533,35.038146],[107.210852,34.891772],[107.320767,34.942209],[107.496881,34.925775],[107.569641,34.965411],[107.830349,34.976728],[107.670462,35.227979],[107.741672,35.318361],[107.97866,35.223458],[108.15498,35.290559],[108.276781,35.262835],[108.492634,35.272498],[108.617226,35.392827],[108.603738,35.547856],[108.509997,35.70087],[108.493099,35.881195],[108.677119,36.005244],[108.699753,36.125547],[108.649937,36.226497],[108.70368,36.35897],[108.606529,36.431988],[108.441268,36.461289],[108.356363,36.546038],[108.041705,36.597741],[107.886521,36.75538],[107.695473,36.825091],[107.548867,36.840026],[107.500911,36.890772],[107.299632,36.907205],[107.285472,37.068461],[107.187804,37.117063],[106.932936,37.107193],[106.790671,37.189668],[106.644065,37.181658],[106.633936,36.997897],[106.574818,36.931338],[106.649026,36.834186],[106.602155,36.725821],[106.502368,36.706519],[106.49658,36.268355],[106.60386,36.277838],[106.813667,36.21164],[106.94477,36.076946],[106.913402,35.788824],[106.767106,35.706555],[106.469605,35.727432],[106.429297,35.699449],[106.495081,35.553127],[106.464851,35.332366],[106.313387,35.27361],[106.210654,35.395152],[106.065082,35.487653],[105.936149,35.524809],[105.829386,35.493648],[105.686965,35.660459],[105.431839,35.756422],[105.318099,35.933208],[105.351482,36.057644],[105.43742,36.106685],[105.445946,36.254583],[105.392771,36.384394],[105.268748,36.550224],[105.220482,36.692954],[105.321665,36.780727],[105.180175,36.972136],[104.922413,37.096754],[104.855388,37.218194],[104.764748,37.250491],[104.689507,37.411929],[104.464508,37.440247],[104.358519,37.401232],[104.262453,37.390328],[104.108509,37.461848],[103.863666,37.626437],[103.678716,37.775033],[103.438162,37.842393],[103.388088,38.10199],[103.521671,38.139843],[103.471235,38.435897],[103.794316,38.590771],[103.979524,38.758978],[104.04257,38.874062],[104.171554,38.959509],[104.224781,39.090689],[104.059985,39.307834],[104.023966,39.441107],[103.749254,39.424881],[103.463794,39.357185],[103.28396,39.292977],[102.965374,39.11937],[102.593459,39.177919],[102.39311,39.237192],[101.825496,39.064438],[102.022848,38.892717],[102.020367,38.856931],[101.831077,38.689835],[101.580188,38.688233],[101.413996,38.749211],[101.247805,38.870031],[101.179954,39.020642],[101.04854,39.000824],[100.88855,39.105159],[100.851963,39.16748],[100.833153,39.380077],[100.789538,39.407879],[100.543455,39.408861],[100.454985,39.495574],[100.306829,39.549834],[100.188851,39.69489],[100.043486,39.727653],[99.686143,39.876016],[99.430861,39.878806],[99.627025,40.069182],[99.89936,40.204781],[100.014185,40.402495],[100.203786,40.616953],[100.176036,40.735085],[100.011188,40.89629],[99.664542,40.901276],[99.496025,40.842882],[99.157441,40.836319],[98.825679,40.726558],[98.645845,40.56755],[98.515207,40.533547],[98.23481,40.541686],[98.326536,40.855672],[97.950538,41.119816],[97.708486,41.349414],[97.647611,41.455532],[97.846875,41.619269],[97.19068,42.787061],[96.36634,42.722923]]]},"properties":{"LOCATION_TYPE":"level1","ADM0_A3":"CHN","LOCATION_ID":"CHN-GS","NAME":"Gansu","TYPE_EN":"Province"}},
{"type":"Feature","geometry":{"type":"Polygon","coordinates":[[[98.115002,28.143888],[98.107117,27.973074],[98.176674,27.898117],[98.204372,27.727301],[98.294703,27.536615],[98.383276,27.555787],[98.400019,27.675728],[98.679279,27.577336],[98.674421,27.386598],[98.704187,27.304174],[98.672561,27.175603],[98.749248,26.771442],[98.755553,26.625043],[98.717209,26.408725],[98.657781,26.311625],[98.70553,26.174941],[98.54554,26.105643],[98.582437,25.982291],[98.692404,25.87899],[98.610032,25.800597],[98.461307,25.794654],[98.332633,25.566968],[98.150215,25.613063],[98.099469,25.493329],[98.108357,25.388891],[98.044899,25.311944],[97.888939,25.205646],[97.82362,25.261612],[97.737527,25.090511],[97.703318,24.960416],[97.748483,24.82647],[97.66394,24.829778],[97.536093,24.745028],[97.519556,24.430784],[97.639859,24.439285],[97.718407,24.277667],[97.707658,24.125299],[97.516456,23.942829],[97.637068,23.863557],[97.889973,24.022617],[98.181531,24.118658],[98.330669,24.099486],[98.503269,24.121268],[98.585227,24.075715],[98.866967,24.143256],[98.856219,24.083802],[98.663259,23.969546],[98.663672,23.796947],[98.777877,23.7693],[98.857356,23.604348],[98.780874,23.532854],[98.875546,23.446425],[98.910686,23.297597],[98.859009,23.179387],[99.026441,23.160448],[99.074913,23.101666],[99.21661,23.057379],[99.350969,23.119262],[99.478196,23.065751],[99.534627,22.949324],[99.42993,22.936741],[99.414428,22.856901],[99.307871,22.719596],[99.355,22.608544],[99.35779,22.495476],[99.282756,22.411915],[99.166381,22.204641],[99.166381,22.132087],[99.364922,22.098859],[99.438612,22.124232],[99.739162,22.066768],[99.821018,22.017779],[99.942406,22.045529],[99.96566,21.963002],[99.920185,21.852001],[99.95026,21.721156],[100.082345,21.684466],[100.089994,21.52892],[100.187145,21.427892],[100.326517,21.524269],[100.456689,21.455022],[100.621744,21.469078],[100.79703,21.626123],[101.068693,21.762032],[101.173855,21.611912],[101.171426,21.403398],[101.234782,21.363658],[101.208995,21.245526],[101.275296,21.174109],[101.495127,21.242839],[101.75599,21.143258],[101.823738,21.234467],[101.722504,21.30423],[101.734751,21.554396],[101.793559,21.588244],[101.72855,21.717539],[101.751546,21.80637],[101.673669,21.931376],[101.6068,21.967601],[101.518227,22.228205],[101.606128,22.284842],[101.654549,22.446125],[101.71315,22.491548],[101.817795,22.406334],[102.014579,22.446073],[102.218029,22.410675],[102.252549,22.495476],[102.376882,22.615572],[102.442718,22.765175],[102.535787,22.695825],[102.692729,22.670504],[102.845174,22.585238],[102.893698,22.487362],[102.989093,22.437598],[103.142004,22.537799],[103.141745,22.607045],[103.252488,22.678565],[103.309642,22.787938],[103.401729,22.737838],[103.473146,22.591645],[103.550919,22.64079],[103.590038,22.768017],[103.646934,22.799049],[103.866817,22.575419],[103.985363,22.527153],[104.02381,22.719183],[104.073316,22.782667],[104.213256,22.825016],[104.249481,22.72833],[104.340173,22.686368],[104.553545,22.836049],[104.728212,22.839098],[104.827017,22.954285],[104.797923,23.085569],[104.870064,23.163548],[104.945201,23.159828],[105.06106,23.232459],[105.332258,23.317958],[105.430856,23.267806],[105.521325,23.163148],[105.848041,23.519392],[105.98302,23.469033],[106.128127,23.540656],[106.152157,23.750411],[106.193756,23.869396],[106.157428,23.973731],[105.970772,24.087729],[105.787993,24.020653],[105.532091,24.126305],[105.447187,24.037603],[105.320269,24.118141],[105.253038,24.085507],[105.169943,24.167362],[105.176247,24.309912],[105.060802,24.43068],[104.961067,24.416417],[104.752655,24.468326],[104.728729,24.364198],[104.599176,24.402516],[104.50187,24.57819],[104.494635,24.698209],[104.539852,24.741772],[104.54564,24.813421],[104.707025,25.01731],[104.719738,25.210942],[104.565845,25.38119],[104.553546,25.484543],[104.432675,25.506815],[104.422443,25.579266],[104.306223,25.664765],[104.420583,25.856923],[104.392936,25.947874],[104.498976,26.030789],[104.545175,26.270412],[104.675503,26.379269],[104.559437,26.584708],[104.358519,26.647831],[104.153364,26.651242],[104.0204,26.514196],[103.829249,26.547114],[103.757832,26.629434],[103.775092,26.731702],[103.717318,26.798959],[103.778296,26.955874],[103.700885,27.052432],[103.695407,27.151702],[103.911311,27.39037],[103.981126,27.399517],[104.174345,27.271514],[104.344412,27.441194],[104.443682,27.34722],[104.594216,27.313785],[104.783403,27.332208],[104.870891,27.309755],[105.082558,27.412513],[105.197383,27.398638],[105.296963,27.721745],[105.22813,27.855794],[105.282391,28.000746],[105.055738,28.088131],[104.966182,28.047797],[104.897401,27.901114],[104.702374,27.88295],[104.604758,27.845846],[104.375366,27.961679],[104.333818,28.046738],[104.444612,28.099887],[104.376503,28.282305],[104.268499,28.333801],[104.25005,28.530791],[104.414227,28.640113],[104.056781,28.630475],[103.836691,28.604921],[103.795246,28.531179],[103.880306,28.325739],[103.708947,28.215875],[103.571797,28.243186],[103.434648,28.068158],[103.51423,27.971445],[103.508545,27.864527],[103.414753,27.742906],[103.218124,27.566871],[103.120765,27.412255],[102.977415,27.388897],[102.889462,27.291487],[102.913853,27.112299],[102.878196,27.031968],[102.901347,26.924739],[102.975296,26.831127],[103.057927,26.557242],[102.995812,26.485412],[103.003253,26.400353],[102.878196,26.365058],[102.720273,26.237624],[102.609944,26.260206],[102.568138,26.378649],[102.252085,26.228864],[102.112558,26.084429],[101.921562,26.098872],[101.849525,26.034845],[101.763742,26.176335],[101.579981,26.306922],[101.643646,26.349477],[101.544169,26.494972],[101.412446,26.569671],[101.50288,26.766429],[101.370691,26.774645],[101.342424,26.871047],[101.141455,27.044861],[101.172822,27.191054],[101.00384,27.197513],[100.991748,27.330813],[100.866949,27.494653],[100.872117,27.561987],[100.660916,27.875095],[100.532603,27.816261],[100.295925,27.852615],[100.202081,27.898788],[100.058833,28.066142],[100.046896,28.187091],[100.162031,28.236261],[100.143066,28.341578],[100.000956,28.456196],[99.828408,28.672565],[99.628679,28.814624],[99.534369,28.680808],[99.502898,28.579367],[99.393138,28.54278],[99.38151,28.184533],[99.274747,28.277318],[99.162557,28.438161],[99.169482,28.602492],[99.117702,28.708713],[99.108814,29.223772],[98.990165,29.20199],[99.006288,29.073161],[98.873479,28.811808],[98.785009,29.000246],[98.66481,28.974175],[98.638713,28.878651],[98.678143,28.757056],[98.589207,28.670292],[98.640419,28.424131],[98.489885,28.248069],[98.409994,28.250602],[98.299768,28.354807],[98.23016,28.202878],[98.115002,28.143888]]]},"properties":{"LOCATION_TYPE":"level1","ADM0_A3":"CHN","LOCATION_ID":"CHN-YN","NAME":"Yunnan","TYPE_EN":"Province"}},
{"type":"Feature","geometry":{"type":"Polygon","coordinates":[[[131.252848,43.469169],[131.192023,43.588633],[131.170319,43.781101],[131.264473,44.054211],[131.065829,44.682028],[130.933434,44.841708],[131.051566,44.909043],[131.15802,44.901705],[131.329482,44.967644],[131.419502,44.958962],[131.609052,45.089704],[131.627758,45.198483],[131.723153,45.215329],[131.818031,45.33279],[131.96965,45.233829],[132.839777,45.059163],[132.953362,45.024385],[133.11542,45.123035],[133.09754,45.243544],[133.140224,45.435419],[133.202133,45.51128],[133.413489,45.573343],[133.4878,45.68667],[133.514362,45.879268],[133.658125,45.93451],[133.71931,46.079307],[133.687374,46.141836],[133.902452,46.258986],[133.921469,46.41014],[133.849328,46.480291],[133.988028,46.625166],[134.044665,46.772004],[134.020481,46.834042],[134.124247,47.070513],[134.22729,47.117745],[134.154116,47.257892],[134.292815,47.409717],[134.484638,47.430181],[134.682662,47.587846],[134.772579,47.710732],[134.567217,48.040376],[134.682972,48.135513],[134.700852,48.261526],[134.542619,48.357308],[134.38635,48.381337],[134.057171,48.32718],[133.982447,48.285168],[133.721274,48.244757],[133.55994,48.113292],[133.463719,48.089521],[133.185183,48.124816],[133.091958,48.10678],[132.820657,47.942372],[132.67462,47.950614],[132.658807,47.869818],[132.524655,47.707528],[132.332418,47.736519],[132.161679,47.69001],[131.894305,47.670011],[131.702999,47.69616],[131.577426,47.668564],[131.418366,47.742617],[131.023351,47.682284],[130.941805,47.717967],[130.906976,47.884262],[130.68239,48.05035],[130.663373,48.116444],[130.819436,48.281886],[130.715876,48.499056],[130.533252,48.635792],[130.674328,48.870817],[130.386801,48.896293],[130.249341,48.864512],[129.913444,49.03954],[129.755625,49.184286],[129.711183,49.274151],[129.57176,49.279836],[129.50241,49.410784],[129.362057,49.349805],[129.193902,49.3897],[129.050551,49.376677],[128.879192,49.47972],[128.796923,49.572479],[128.666182,49.609479],[128.09247,49.541577],[127.991598,49.598731],[127.830884,49.593873],[127.722002,49.648599],[127.644281,49.767144],[127.508113,49.822335],[127.534003,49.922484],[127.486668,50.02563],[127.578393,50.220553],[127.330656,50.328195],[127.288953,50.466016],[127.364814,50.554745],[127.287352,50.751012],[127.144259,50.903509],[126.931766,51.063783],[126.905411,51.164268],[126.954607,51.329581],[126.800301,51.418956],[126.807432,51.53422],[126.446059,51.982539],[126.53117,52.152658],[126.316713,52.199761],[126.421203,52.287301],[126.212327,52.533048],[125.973168,52.631569],[126.035128,52.727119],[125.837363,52.90672],[125.621355,53.062137],[125.521309,53.042422],[125.127432,53.206547],[125.019428,53.210733],[124.72017,53.148824],[124.678674,53.199338],[124.408199,53.235692],[124.232706,53.381652],[124.121808,53.352688],[123.970551,53.455188],[123.639564,53.551254],[123.485516,53.525985],[123.252559,53.567791],[123.153599,53.513117],[122.859663,53.473946],[122.471211,53.464748],[122.337835,53.49131],[122.081623,53.429505],[121.888973,53.43059],[121.413275,53.317335],[121.607182,53.24073],[121.800194,53.023586],[121.502744,52.774686],[121.173927,52.594981],[121.49091,52.44468],[121.692345,52.388534],[121.831251,52.269368],[122.017907,52.283114],[122.173659,52.479639],[122.33861,52.453698],[122.491779,52.294844],[122.730731,52.248904],[122.775121,52.200018],[122.637662,52.09496],[122.754192,51.847482],[122.714453,51.701677],[122.956247,51.386063],[123.088125,51.312475],[123.27168,51.26669],[123.438337,51.273098],[123.569646,51.203903],[123.788755,51.232816],[123.866269,51.313432],[124.162065,51.328366],[124.350787,51.278627],[124.501889,51.360586],[124.66622,51.335265],[124.82063,51.365857],[125.060615,51.534374],[125.127536,51.615739],[125.333311,51.582743],[125.486635,51.507399],[125.719489,51.253719],[125.984383,51.104219],[126.056265,50.980274],[125.824031,50.766798],[125.809406,50.562237],[125.530767,50.393048],[125.418422,50.194611],[125.264427,50.105727],[125.295226,50.014467],[125.188462,49.941861],[125.234764,49.847965],[125.219572,49.668131],[125.267372,49.438481],[125.222879,49.220045],[125.158128,49.151109],[124.863934,49.175397],[124.82156,49.060882],[124.62183,48.741986],[124.538063,48.571687],[124.520699,48.369038],[124.562247,48.236177],[124.425563,48.174372],[124.327171,48.332192],[124.300765,48.491872],[124.23405,48.530836],[124.077936,48.448309],[123.726949,48.191064],[123.577553,48.054328],[123.293281,47.945653],[123.206826,47.813826],[122.565367,47.531156],[122.405221,47.331685],[122.574048,47.131129],[122.797342,47.033719],[122.996245,46.840294],[123.186827,46.761642],[123.379994,46.898068],[123.608714,46.774639],[123.397254,46.597828],[123.019706,46.612349],[122.988907,46.406573],[123.161661,46.220073],[123.919393,46.272344],[124.034063,46.018483],[123.979441,45.978124],[124.061968,45.871671],[124.017836,45.781728],[124.141033,45.632202],[124.22356,45.635509],[124.395591,45.45149],[124.872461,45.448596],[125.027749,45.49836],[125.103506,45.395317],[125.307422,45.41697],[125.432478,45.47725],[125.698715,45.510917],[125.704917,45.359712],[125.840722,45.23481],[126.150471,45.141173],[126.421049,45.228454],[126.559335,45.246748],[126.788985,45.149337],[126.952696,45.134196],[127.076616,44.934002],[126.978276,44.826101],[127.032277,44.730552],[127.233092,44.615959],[127.375202,44.648825],[127.559274,44.573791],[127.492818,44.410907],[127.714716,44.161491],[127.849592,44.055916],[128.05206,44.125782],[128.042965,44.340705],[128.155258,44.353004],[128.206934,44.440492],[128.358708,44.501677],[128.418756,44.450104],[128.445938,44.153946],[128.631508,43.912178],[128.747418,43.802185],[128.764471,43.709064],[128.882862,43.556153],[129.014895,43.539668],[129.228939,43.608398],[129.249248,43.786165],[129.534915,43.87032],[129.752422,43.87417],[129.802134,43.965482],[129.912929,44.021603],[130.000107,43.983569],[130.03318,43.855618],[130.103615,43.845438],[130.280193,43.964449],[130.3328,43.92781],[130.414087,43.669169],[130.588701,43.627725],[130.916588,43.450475],[130.99462,43.507732],[131.149494,43.436109],[131.252848,43.469169]]]},"properties":{"LOCATION_TYPE":"level1","ADM0_A3":"CHN","LOCATION_ID":"CHN-HL","NAME":"Heilongjiang","TYPE_EN":"Province"}},
{"type":"Feature","geometry":{"type":"Polygon","coordinates":[[[131.252848,43.469169],[131.149494,43.436109],[130.99462,43.507732],[130.916588,43.450475],[130.588701,43.627725],[130.414087,43.669169],[130.3328,43.92781],[130.280193,43.964449],[130.103615,43.845438],[130.03318,43.855618],[130.000107,43.983569],[129.912929,44.021603],[129.802134,43.965482],[129.752422,43.87417],[129.534915,43.87032],[129.249248,43.786165],[129.228939,43.608398],[129.014895,43.539668],[128.882862,43.556153],[128.764471,43.709064],[128.747418,43.802185],[128.631508,43.912178],[128.445938,44.153946],[128.418756,44.450104],[128.358708,44.501677],[128.206934,44.440492],[128.155258,44.353004],[128.042965,44.340705],[128.05206,44.125782],[127.849592,44.055916],[127.714716,44.161491],[127.492818,44.410907],[127.559274,44.573791],[127.375202,44.648825],[127.233092,44.615959],[127.032277,44.730552],[126.978276,44.826101],[127.076616,44.934002],[126.952696,45.134196],[126.788985,45.149337],[126.559335,45.246748],[126.421049,45.228454],[126.150471,45.141173],[125.840722,45.23481],[125.704917,45.359712],[125.698715,45.510917],[125.432478,45.47725],[125.307422,45.41697],[125.103506,45.395317],[125.027749,45.49836],[124.872461,45.448596],[124.395591,45.45149],[124.22356,45.635509],[124.141033,45.632202],[124.017836,45.781728],[124.061968,45.871671],[123.979441,45.978124],[124.034063,46.018483],[123.919393,46.272344],[123.161661,46.220073],[123.068902,46.108659],[122.798737,46.089332],[122.773416,45.788472],[122.646964,45.725065],[122.497877,45.82542],[122.398555,45.949185],[122.239805,45.813483],[121.995996,45.980295],[121.773684,46.010344],[121.814766,45.913709],[121.666403,45.715763],[121.784949,45.675972],[121.934397,45.68995],[122.027053,45.484511],[122.136452,45.449087],[122.234017,45.287055],[122.191849,45.20104],[122.010775,45.118332],[122.045967,44.694947],[122.088186,44.61968],[122.28187,44.428658],[122.254068,44.24593],[122.376644,44.219963],[122.715383,44.335563],[122.955317,44.446848],[123.123782,44.49439],[123.257572,44.204072],[123.359065,44.151336],[123.322271,44.04186],[123.522156,43.696971],[123.489961,43.591448],[123.36139,43.539772],[123.378134,43.453162],[123.696254,43.353478],[123.806531,43.454221],[124.006416,43.310122],[124.281851,43.225992],[124.295804,43.156565],[124.418897,43.081867],[124.375902,42.985568],[124.519563,42.871673],[124.765697,43.105586],[124.888429,43.086724],[124.860317,42.887693],[124.942121,42.803693],[125.101956,42.493866],[125.20872,42.405836],[125.28396,42.234451],[125.480538,42.151433],[125.295433,41.957233],[125.306285,41.680376],[125.449532,41.679937],[125.469892,41.574569],[125.65076,41.286266],[125.737679,41.245235],[125.766412,41.139479],[125.691739,41.004061],[125.576449,40.912619],[125.70409,40.859195],[126.007843,40.899313],[126.147421,41.092273],[126.260696,41.143123],[126.501301,41.434371],[126.617883,41.665933],[126.788622,41.695906],[126.887118,41.784918],[127.033155,41.731588],[127.045454,41.668],[127.269058,41.504961],[127.47411,41.498812],[127.638338,41.429875],[127.848868,41.431322],[127.944211,41.470855],[128.064152,41.388431],[128.185695,41.404451],[128.303,41.583406],[128.159133,41.711822],[128.039967,41.87959],[128.034593,41.993743],[128.261969,42.032862],[128.502368,41.996094],[128.720959,42.04759],[128.940067,42.035368],[128.963838,42.088517],[129.211162,42.219956],[129.243098,42.378706],[129.36309,42.445007],[129.517086,42.390954],[129.703328,42.442372],[129.761309,42.746048],[129.879751,42.996033],[130.121494,42.981848],[130.239006,42.90224],[130.243037,42.743361],[130.431242,42.561512],[130.571906,42.621818],[130.407161,42.735377],[130.586478,42.817258],[130.769516,42.865808],[130.992448,42.848729],[131.103036,42.910431],[131.085466,43.042103],[131.280906,43.380221],[131.252848,43.469169]]]},"properties":{"LOCATION_TYPE":"level1","ADM0_A3":"CHN","LOCATION_ID":"CHN-JL","NAME":"Jilin","TYPE_EN":"Province"}},
{"type":"Feature","geometry":{"type":"Polygon","coordinates":[[[125.70409,40.859195],[125.576449,40.912619],[125.691739,41.004061],[125.766412,41.139479],[125.737679,41.245235],[125.65076,41.286266],[125.469892,41.574569],[125.449532,41.679937],[125.306285,41.680376],[125.295433,41.957233],[125.480538,42.151433],[125.28396,42.234451],[125.20872,42.405836],[125.101956,42.493866],[124.942121,42.803693],[124.860317,42.887693],[124.888429,43.086724],[124.765697,43.105586],[124.519563,42.871673],[124.375902,42.985568],[124.418897,43.081867],[124.295804,43.156565],[124.281851,43.225992],[124.006416,43.310122],[123.806531,43.454221],[123.696254,43.353478],[123.611969,43.08135],[123.181866,42.944097],[123.131275,42.826378],[122.892789,42.744936],[122.727941,42.741009],[122.47638,42.849633],[122.366877,42.799093],[122.425685,42.722044],[122.299388,42.636468],[122.045037,42.720855],[121.918274,42.646596],[121.87776,42.539574],[121.646095,42.453585],[121.544447,42.535233],[121.368851,42.49999],[121.034246,42.260108],[120.912599,42.296566],[120.627862,42.160373],[120.509161,42.148694],[120.468802,42.038003],[120.340179,41.965811],[120.14076,41.789284],[120.030328,41.860598],[119.808222,42.12022],[119.821451,42.208613],[119.629422,42.250548],[119.562759,42.371833],[119.335745,42.289409],[119.245259,42.191947],[119.365872,42.10048],[119.298641,41.777347],[119.389747,41.472559],[119.361635,41.374994],[119.230997,41.273398],[119.163507,41.176402],[118.96476,41.074702],[118.854689,40.820609],[119.067906,40.651343],[119.189759,40.620105],[119.293628,40.530705],[119.563689,40.540058],[119.580123,40.373402],[119.634745,40.209071],[119.742593,40.205195],[119.738046,40.099517],[119.85019,39.986314],[119.950277,40.056502],[120.436046,40.194485],[120.501758,40.32691],[120.620942,40.474433],[120.798432,40.599677],[120.825321,40.674033],[120.940195,40.691246],[120.990977,40.831285],[121.175792,40.922309],[121.361339,40.939643],[121.575043,40.841498],[121.851085,40.832261],[122.049083,40.74608],[122.137586,40.62402],[122.30185,40.502346],[122.211029,40.380601],[122.106116,40.310123],[122.091646,40.227207],[121.774425,39.920844],[121.535899,39.861762],[121.457286,39.748481],[121.449805,39.615098],[121.306163,39.597968],[121.306163,39.501776],[121.436046,39.508612],[121.54892,39.361884],[121.779796,39.371487],[121.601654,39.221259],[121.674083,39.088039],[121.090424,38.899075],[121.153087,38.727607],[121.344737,38.814643],[121.484955,38.809882],[121.654796,38.857856],[121.649262,38.994452],[121.811534,38.972846],[122.127452,39.141995],[122.115001,39.200751],[122.396332,39.411038],[123.009125,39.680487],[123.174327,39.665758],[123.249034,39.748236],[123.410411,39.796617],[123.591401,39.784329],[123.622569,39.871731],[123.985688,39.810248],[124.202159,39.878607],[124.352306,39.998969],[124.358246,40.089057],[124.642603,40.294286],[124.71247,40.310305],[124.895508,40.483628],[125.363593,40.646719],[125.533092,40.721805],[125.70409,40.859195]]]},"properties":{"LOCATION_TYPE":"level1","ADM0_A3":"CHN","LOCATION_ID":"CHN-LN","NAME":"Liaoning","TYPE_EN":"Province"}},
{"type":"Feature","geometry":{"type":"Polygon","coordinates":[[[105.521325,23.163148],[105.551572,23.059679],[105.690324,23.043969],[105.853879,22.90465],[105.999245,22.975369],[106.202385,22.946998],[106.234011,22.863851],[106.31566,22.8538],[106.487794,22.925423],[106.667473,22.86752],[106.731035,22.800108],[106.735531,22.695412],[106.680186,22.57945],[106.568771,22.574592],[106.526913,22.427779],[106.662926,22.223296],[106.672176,22.092503],[106.722354,22.006978],[107.021147,21.892257],[107.065847,21.795828],[107.172352,21.715058],[107.272656,21.718314],[107.348155,21.599355],[107.613204,21.605607],[107.744823,21.657542],[107.855463,21.600336],[107.991222,21.485663],[108.135265,21.581855],[108.44809,21.658108],[108.505138,21.691718],[108.463145,21.862982],[108.571381,21.812812],[108.751557,21.650133],[108.855235,21.684963],[108.970225,21.60635],[109.135753,21.602973],[109.142589,21.510199],[109.21461,21.417426],[109.315522,21.459052],[109.438243,21.455064],[109.649669,21.520453],[109.748057,21.574937],[109.91725,21.687152],[109.967221,21.866728],[110.142352,21.897449],[110.355879,21.888974],[110.355466,22.10077],[110.466725,22.151],[110.642373,22.183452],[110.754563,22.580172],[111.023797,22.63867],[111.066017,22.740576],[111.181462,22.748534],[111.351219,22.908214],[111.410957,23.052598],[111.362846,23.273024],[111.391217,23.431257],[111.471005,23.613236],[111.601178,23.658014],[111.657505,23.841697],[111.793311,23.849191],[111.899144,23.990862],[111.869327,24.231829],[111.975936,24.276761],[112.047301,24.381458],[111.990922,24.465871],[112.005546,24.553075],[111.933251,24.601367],[111.932476,24.698286],[111.996554,24.735674],[111.925964,24.774871],[111.667117,24.779676],[111.516945,24.642656],[111.428165,24.681026],[111.473641,24.792854],[111.429716,24.943413],[111.426925,25.106194],[111.274376,25.147664],[111.125755,25.044466],[111.079039,24.94424],[111.006279,24.935455],[110.954602,25.025346],[110.993205,25.150765],[111.113766,25.238641],[111.164202,25.364938],[111.253757,25.399122],[111.315821,25.503198],[111.323727,25.729825],[111.411267,25.802611],[111.408322,25.90785],[111.256238,25.86899],[111.202081,25.930278],[111.256703,26.210132],[111.251897,26.279714],[110.935482,26.382473],[110.878948,26.275218],[110.724022,26.274314],[110.577054,26.350795],[110.484554,26.171555],[110.341668,26.112748],[110.246997,25.978208],[110.138218,26.051666],[110.062047,26.149929],[109.911669,26.181219],[109.772039,25.908161],[109.60316,26.052674],[109.456709,26.03885],[109.399142,25.998543],[109.30044,25.743054],[109.148615,25.750651],[109.085363,25.805428],[109.024384,25.59495],[108.941185,25.548828],[108.774115,25.521931],[108.694637,25.602003],[108.567875,25.415865],[108.404784,25.514877],[108.29337,25.5387],[108.131829,25.386435],[108.129194,25.26882],[107.861871,25.145959],[107.776037,25.152987],[107.641626,25.267528],[107.498896,25.21412],[107.397869,25.387288],[107.244235,25.558595],[107.021923,25.497953],[106.974587,25.440437],[107.014585,25.353414],[106.995516,25.255384],[106.885962,25.196964],[106.666802,25.173503],[106.587117,25.104359],[106.306566,24.981473],[106.155722,24.960363],[106.198717,24.876802],[106.176186,24.782234],[106.001158,24.64847],[105.91646,24.728723],[105.787734,24.715727],[105.675338,24.789676],[105.50863,24.817452],[105.444396,24.923621],[105.289419,24.933181],[105.205909,25.0039],[105.100076,24.954317],[105.012485,24.797479],[104.876731,24.755027],[104.729349,24.631391],[104.539852,24.741772],[104.494635,24.698209],[104.50187,24.57819],[104.599176,24.402516],[104.728729,24.364198],[104.752655,24.468326],[104.961067,24.416417],[105.060802,24.43068],[105.176247,24.309912],[105.169943,24.167362],[105.253038,24.085507],[105.320269,24.118141],[105.447187,24.037603],[105.532091,24.126305],[105.787993,24.020653],[105.970772,24.087729],[106.157428,23.973731],[106.193756,23.869396],[106.152157,23.750411],[106.128127,23.540656],[105.98302,23.469033],[105.848041,23.519392],[105.521325,23.163148]]]},"properties":{"LOCATION_TYPE":"level1","ADM0_A3":"CHN","LOCATION_ID":"CHN-GX","NAME":"Guangxi","TYPE_EN":"Autonomous Region"}},
{"type":"Feature","geometry":{"type":"Polygon","coordinates":[[[109.748057,21.574937],[109.802745,21.473334],[109.917979,21.489407],[109.904796,21.390692],[109.807384,21.355943],[109.773204,21.215399],[109.670177,21.123236],[109.709809,21.057196],[109.661225,20.927558],[109.689464,20.835395],[109.773204,20.821519],[109.74586,20.629788],[109.822113,20.516547],[110.015473,20.418402],[110.02711,20.300767],[110.127533,20.247992],[110.280284,20.252997],[110.399994,20.300767],[110.53419,20.478258],[110.408539,20.585924],[110.337494,20.725816],[110.386241,20.825995],[110.156749,20.848863],[110.156749,20.986029],[110.481456,21.21719],[110.636485,21.23017],[110.67628,21.309638],[110.790538,21.403754],[110.869395,21.384711],[111.206309,21.53205],[111.30128,21.499335],[111.437999,21.534084],[111.630463,21.529853],[111.69044,21.603827],[111.991954,21.763821],[112.172699,21.814439],[112.244884,21.706529],[112.363292,21.733344],[112.443207,21.828437],[112.608002,21.775092],[112.645112,21.849351],[112.82602,21.966132],[112.879405,21.87519],[112.957081,21.875653],[113.028618,21.961148],[113.026614,22.143212],[113.157467,22.0247],[113.230561,22.043158],[113.302745,22.183295],[113.483745,22.155142],[113.587655,22.237882],[113.546355,22.437585],[113.59917,22.57518],[113.439545,22.739447],[113.494233,22.774848],[113.367931,22.880683],[113.473725,22.918199],[113.536388,23.063137],[113.612071,22.994696],[113.662608,22.798082],[113.744395,22.761176],[113.890345,22.452712],[113.951939,22.523841],[114.055268,22.506944],[114.161951,22.560536],[114.3956,22.613511],[114.53712,22.567206],[114.52378,22.687214],[114.716732,22.790803],[114.743776,22.609404],[114.865816,22.601745],[115.065475,22.795985],[115.245616,22.835354],[115.33057,22.78854],[115.373508,22.694177],[115.523936,22.741767],[115.583995,22.880316],[115.653331,22.893744],[115.809906,22.808336],[115.958014,22.804743],[116.076178,22.867871],[116.170989,22.864465],[116.298487,22.963247],[116.494688,22.939352],[116.56325,23.018774],[116.533648,23.109135],[116.731293,23.257717],[116.748635,23.326288],[116.866628,23.450233],[116.854991,23.524888],[116.917572,23.637926],[117.023448,23.658677],[117.174622,23.616348],[117.036505,23.738267],[116.924832,24.0776],[116.967672,24.185113],[116.882406,24.393989],[116.748564,24.551499],[116.745308,24.670923],[116.529559,24.615371],[116.372101,24.841301],[116.114701,24.846055],[116.035688,24.893571],[115.887531,24.916774],[115.787279,24.860912],[115.74909,24.74774],[115.799216,24.572738],[115.705785,24.545711],[115.599177,24.609067],[115.420583,24.78456],[115.239664,24.746113],[115.139102,24.684153],[115.046963,24.706658],[114.944643,24.669967],[114.862684,24.587828],[114.74047,24.625241],[114.498107,24.55584],[114.424882,24.49959],[114.192338,24.695263],[114.301633,24.758644],[114.413513,24.97969],[114.729307,25.118881],[114.683057,25.163451],[114.706932,25.289568],[114.580479,25.360054],[114.429222,25.38597],[114.278844,25.291816],[114.114978,25.30843],[114.026043,25.267657],[114.01209,25.435114],[113.927548,25.448111],[113.828071,25.356747],[113.582452,25.325948],[113.523438,25.385583],[113.421635,25.3838],[113.217462,25.505575],[112.917377,25.324863],[112.88911,25.241457],[112.969053,25.180582],[112.988897,24.963929],[112.807823,24.942845],[112.714082,24.999508],[112.663335,25.113144],[112.458387,25.164252],[112.213957,25.200374],[112.120991,24.949278],[112.144762,24.793552],[111.996554,24.735674],[111.932476,24.698286],[111.933251,24.601367],[112.005546,24.553075],[111.990922,24.465871],[112.047301,24.381458],[111.975936,24.276761],[111.869327,24.231829],[111.899144,23.990862],[111.793311,23.849191],[111.657505,23.841697],[111.601178,23.658014],[111.471005,23.613236],[111.391217,23.431257],[111.362846,23.273024],[111.410957,23.052598],[111.351219,22.908214],[111.181462,22.748534],[111.066017,22.740576],[111.023797,22.63867],[110.754563,22.580172],[110.642373,22.183452],[110.466725,22.151],[110.355466,22.10077],[110.355879,21.888974],[110.142352,21.897449],[109.967221,21.866728],[109.91725,21.687152],[109.748057,21.574937]]]},"properties":{"LOCATION_TYPE":"level1","ADM0_A3":"CHN","LOCATION_ID":"CHN-GD","NAME":"Guangdong","TYPE_EN":"Province"}},
{"type":"Feature","geometry":{"type":"Polygon","coordinates":[[[111.010509,19.683783],[110.934581,19.995063],[110.788341,20.010403],[110.640147,20.108344],[110.569347,20.079779],[110.580333,19.979722],[110.382986,20.081041],[110.260997,20.033149],[110.156993,20.067369],[110.08961,19.978095],[109.883311,19.984849],[109.807628,19.951361],[109.719005,20.010647],[109.527029,19.951361],[109.465017,19.834052],[109.303722,19.921698],[109.16684,19.805487],[109.156505,19.649644],[109.01588,19.601264],[108.940766,19.514106],[108.770681,19.394355],[108.694347,19.380316],[108.631684,19.286282],[108.663097,19.156236],[108.615245,19.10163],[108.653819,18.921047],[108.627452,18.835883],[108.693614,18.719875],[108.694998,18.504828],[108.795584,18.486558],[109.000743,18.367174],[109.091645,18.368598],[109.21811,18.30565],[109.439952,18.288967],[109.568044,18.193183],[109.677257,18.245063],[109.746104,18.395901],[109.915375,18.416815],[110.052582,18.390204],[110.103282,18.539374],[110.270844,18.668158],[110.426768,18.680894],[110.465587,18.881903],[110.563243,19.05565],[110.589041,19.176703],[110.698253,19.416938],[110.757579,19.430894],[110.821788,19.554104],[110.876475,19.539781],[111.010509,19.683783]]]},"properties":{"LOCATION_TYPE":"level1","ADM0_A3":"CHN","LOCATION_ID":"CHN-HI","NAME":"Hainan","TYPE_EN":"Province"}},
{"type":"Feature","geometry":{"type":"MultiPolygon","coordinates":[[[[120.4192,27.206366],[120.344004,27.379647],[120.147736,27.400214],[120.064434,27.343628],[119.770085,27.315878],[119.693397,27.41104],[119.686576,27.511293],[119.615831,27.665573],[119.511703,27.636711],[119.467313,27.525297],[119.26562,27.424114],[119.185831,27.419929],[119.005274,27.480054],[118.922695,27.549998],[118.889467,27.722158],[118.819807,27.90995],[118.748132,27.973202],[118.76565,28.178177],[118.735213,28.325972],[118.498897,28.262435],[118.446445,28.288687],[118.34888,28.219802],[118.367793,28.099706],[118.130702,28.040537],[118.0613,27.979016],[117.823434,27.937261],[117.745557,27.81329],[117.605256,27.866155],[117.544433,27.966665],[117.284242,27.857034],[117.287136,27.77262],[117.112263,27.56762],[117.101101,27.346652],[117.153811,27.276397],[117.040123,27.109534],[116.923437,27.021012],[116.669706,26.986906],[116.545269,26.867869],[116.504961,26.689301],[116.542323,26.562798],[116.619476,26.492078],[116.594465,26.395082],[116.501654,26.407045],[116.398973,26.287543],[116.419282,26.152874],[116.323215,25.955109],[116.135165,25.866328],[116.123693,25.764242],[116.027574,25.636368],[115.97874,25.35083],[115.842831,25.194742],[115.887531,24.916774],[116.035688,24.893571],[116.114701,24.846055],[116.372101,24.841301],[116.529559,24.615371],[116.745308,24.670923],[116.748564,24.551499],[116.882406,24.393989],[116.967672,24.185113],[116.924832,24.0776],[117.036505,23.738267],[117.174622,23.616348],[117.263649,23.655425],[117.292328,23.762152],[117.463477,23.788287],[117.582367,23.889309],[117.791352,24.001532],[117.893647,24.028022],[117.989268,24.193101],[118.126475,24.26203],[118.090587,24.341457],[117.98935,24.394761],[118.04477,24.575995],[118.130951,24.620063],[118.351654,24.582343],[118.428071,24.631334],[118.571137,24.568996],[118.746837,24.720689],[118.716075,24.843573],[118.997325,24.953437],[118.87794,25.040717],[118.987315,25.222235],[119.288829,25.189114],[119.344249,25.242377],[119.288666,25.325426],[119.10963,25.406806],[119.365977,25.520697],[119.504893,25.474921],[119.483246,25.371161],[119.646007,25.392564],[119.558442,25.563788],[119.459727,25.63288],[119.593028,25.693183],[119.616466,25.892646],[119.698985,25.972561],[119.566417,26.050238],[119.440929,25.963813],[119.246837,25.967231],[119.19516,26.087592],[119.458507,25.982489],[119.673595,26.280504],[119.689789,26.459459],[119.818858,26.453192],[119.675059,26.618801],[119.55421,26.61518],[119.584565,26.794623],[119.732677,26.763414],[119.888031,26.687242],[119.9463,26.796942],[120.079682,26.646064],[120.128184,26.796942],[120.024506,26.837877],[120.125743,26.927314],[120.237397,26.927232],[120.282725,27.112291],[120.421723,27.153144],[120.225678,27.268622],[120.276134,27.316718],[120.4192,27.206366]]],[[[119.846528,25.536322],[119.777029,25.652086],[119.696056,25.509345],[119.722179,25.413804],[119.846528,25.536322]]]]},"properties":{"LOCATION_TYPE":"level1","ADM0_A3":"CHN","LOCATION_ID":"CHN-FJ","NAME":"Fujian","TYPE_EN":"Province"}},
{"type":"Feature","geometry":{"type":"MultiPolygon","coordinates":[[[[121.274807,30.69124],[121.256144,30.744067],[121.104371,30.834346],[120.981019,30.832046],[120.969185,31.009451],[120.909344,31.011725],[120.692096,30.976559],[120.709459,30.891086],[120.577891,30.845792],[120.490971,30.763704],[120.446943,30.889691],[120.361677,30.938758],[120.128616,30.943176],[119.943098,31.086578],[119.931936,31.150037],[119.740113,31.176495],[119.629784,31.13288],[119.574955,30.847058],[119.443128,30.639215],[119.350627,30.675363],[119.241539,30.550849],[119.32081,30.518163],[119.362875,30.404475],[119.210688,30.313731],[119.057519,30.311871],[118.934684,30.352127],[118.909466,30.222212],[118.852725,30.159271],[118.893963,29.982589],[118.741311,29.828361],[118.723741,29.730201],[118.556929,29.62522],[118.373219,29.452828],[118.17473,29.407869],[118.132356,29.297928],[118.051999,29.275319],[118.000787,29.143932],[118.063936,29.050553],[118.229042,28.954538],[118.425516,28.6952],[118.476262,28.33225],[118.446445,28.288687],[118.498897,28.262435],[118.735213,28.325972],[118.76565,28.178177],[118.748132,27.973202],[118.819807,27.90995],[118.889467,27.722158],[118.922695,27.549998],[119.005274,27.480054],[119.185831,27.419929],[119.26562,27.424114],[119.467313,27.525297],[119.511703,27.636711],[119.615831,27.665573],[119.686576,27.511293],[119.693397,27.41104],[119.770085,27.315878],[120.064434,27.343628],[120.147736,27.400214],[120.344004,27.379647],[120.4192,27.206366],[120.517833,27.201606],[120.545909,27.403266],[120.622569,27.380357],[120.67685,27.494615],[120.596574,27.570283],[120.666484,27.625358],[120.807486,27.834827],[120.835297,27.955959],[120.965228,27.987145],[121.009378,28.103133],[121.119467,28.218936],[121.144298,28.343573],[121.236827,28.306098],[121.287852,28.180894],[121.408946,28.304918],[121.656342,28.339301],[121.510128,28.657059],[121.669932,28.825344],[121.681733,29.02676],[121.62143,29.113267],[121.496837,29.104438],[121.471202,29.191352],[121.614757,29.206],[121.840587,29.161119],[121.939708,29.21011],[121.905854,29.284613],[121.966319,29.602484],[121.915782,29.640855],[121.465074,29.420886],[121.458344,29.525214],[121.704112,29.572008],[121.983039,29.823176],[121.914876,29.918696],[121.677756,30.000641],[121.506847,30.220026],[121.377384,30.325064],[121.149697,30.325753],[120.892812,30.169796],[120.734401,30.232213],[120.939545,30.421942],[120.977759,30.543318],[121.13087,30.599758],[121.274807,30.69124]]],[[[122.327485,30.024482],[122.289561,30.067328],[122.087413,30.147528],[121.97462,30.148017],[122.012218,30.031928],[122.184744,29.994452],[122.29363,29.933783],[122.327485,30.024482]]]]},"properties":{"LOCATION_TYPE":"level1","ADM0_A3":"CHN","LOCATION_ID":"CHN-ZJ","NAME":"Zhejiang","TYPE_EN":"Province"}},
{"type":"Feature","geometry":{"type":"MultiPolygon","coordinates":[[[[121.340912,31.490953],[121.186794,31.457512],[121.126281,31.276954],[121.058637,31.248403],[121.034711,31.143758],[120.882989,31.140038],[120.909344,31.011725],[120.969185,31.009451],[120.981019,30.832046],[121.104371,30.834346],[121.256144,30.744067],[121.274807,30.69124],[121.410598,30.767388],[121.631132,30.836556],[121.907399,30.857086],[121.977383,30.914923],[121.877025,31.099136],[121.725164,31.281567],[121.340912,31.490953]]],[[[121.844075,31.607947],[121.663223,31.652352],[121.475304,31.77077],[121.264065,31.841077],[121.176288,31.784323],[121.314464,31.655585],[121.851374,31.439179],[121.977851,31.477771],[121.980086,31.540296],[121.844075,31.607947]]]]},"properties":{"LOCATION_TYPE":"level1","ADM0_A3":"CHN","LOCATION_ID":"CHN-SH","NAME":"Shanghai","TYPE_EN":"Municipality"}},
{"type":"Feature","geometry":{"type":"Polygon","coordinates":[[[119.280284,35.076606],[119.175599,35.10592],[119.076277,35.049825],[118.866781,35.036311],[118.759449,34.748629],[118.680746,34.683852],[118.477192,34.689201],[118.391048,34.443738],[118.165429,34.399244],[118.050448,34.651477],[117.914694,34.676953],[117.790051,34.651167],[117.773308,34.526549],[117.653212,34.52611],[117.590683,34.471591],[117.469037,34.475338],[117.336952,34.588613],[117.181819,34.450146],[117.060586,34.709458],[116.941421,34.879628],[116.827629,34.958306],[116.470028,34.898258],[116.420212,34.834256],[116.377217,34.63954],[116.428119,34.639695],[116.624851,34.485001],[116.769545,34.451825],[116.802256,34.400071],[116.949482,34.389297],[117.033921,34.155538],[117.159443,34.091175],[117.321294,34.07885],[117.391729,34.031256],[117.503453,34.049757],[117.650886,33.982474],[117.745557,33.882273],[117.752224,33.72435],[118.123674,33.766001],[118.176746,33.692621],[117.931851,33.235129],[118.080731,33.149553],[118.218035,33.179913],[118.239016,32.923701],[118.299684,32.777405],[118.399109,32.730897],[118.720175,32.732137],[118.748235,32.838539],[118.857376,32.972303],[118.992975,32.962045],[119.190379,32.711234],[119.199371,32.593721],[119.080515,32.446082],[118.891327,32.595685],[118.751853,32.612506],[118.551813,32.574446],[118.667878,32.453213],[118.65036,32.237878],[118.514399,32.199766],[118.499052,32.137677],[118.383141,32.053961],[118.35198,31.946681],[118.481068,31.858702],[118.476882,31.79023],[118.684363,31.700856],[118.680746,31.646751],[118.860477,31.627372],[118.88094,31.522443],[118.827249,31.397541],[118.751026,31.357957],[118.816086,31.226337],[119.074727,31.238843],[119.162887,31.287445],[119.316831,31.266722],[119.362771,31.19236],[119.629784,31.13288],[119.740113,31.176495],[119.931936,31.150037],[119.943098,31.086578],[120.128616,30.943176],[120.361677,30.938758],[120.446943,30.889691],[120.490971,30.763704],[120.577891,30.845792],[120.709459,30.891086],[120.692096,30.976559],[120.909344,31.011725],[120.882989,31.140038],[121.034711,31.143758],[121.058637,31.248403],[121.126281,31.276954],[121.186794,31.457512],[121.340912,31.490953],[121.144402,31.684658],[120.895363,31.76332],[120.824799,31.828702],[120.750354,31.978336],[120.517833,32.018744],[120.229991,31.908881],[120.006396,31.950305],[119.855561,32.086982],[119.788585,32.198635],[119.69044,32.235338],[119.692393,32.31977],[119.81837,32.313707],[119.921153,32.196479],[119.908458,32.138861],[119.992035,32.015855],[120.131358,31.943183],[120.2671,31.948676],[120.490758,32.082453],[120.634376,32.07701],[120.810802,32.02261],[120.977817,31.814365],[121.115087,31.796334],[121.286418,31.890589],[121.675554,31.723573],[121.817306,31.690949],[121.922057,31.754378],[121.821945,31.952486],[121.655365,32.062934],[121.44337,32.114325],[121.35414,32.414823],[121.120209,32.507392],[120.911199,32.630121],[120.86142,32.719672],[120.907807,32.843899],[120.895763,33.013577],[120.730235,33.204901],[120.627778,33.478013],[120.511729,33.656724],[120.498302,33.753323],[120.407074,33.859768],[120.371349,34.036038],[120.257091,34.311835],[119.939952,34.457913],[119.826182,34.470404],[119.640961,34.550523],[119.34669,34.780829],[119.201915,34.78498],[119.192882,35.000434],[119.280284,35.076606]]]},"properties":{"LOCATION_TYPE":"level1","ADM0_A3":"CHN","LOCATION_ID":"CHN-JS","NAME":"Jiangsu","TYPE_EN":"Province"}},
{"type":"Feature","geometry":{"type":"Polygon","coordinates":[[[117.837159,38.270908],[117.687318,38.072663],[117.568669,38.048918],[117.420616,37.846682],[116.839515,37.83366],[116.743913,37.799295],[116.608728,37.639408],[116.4106,37.484637],[116.350087,37.620908],[116.219914,37.462365],[116.255571,37.387331],[115.97502,37.321702],[115.851823,37.057222],[115.62641,36.793568],[115.477841,36.753571],[115.341622,36.599756],[115.275734,36.474208],[115.343327,36.352148],[115.44885,36.249157],[115.460322,36.157871],[115.423994,35.994599],[115.468229,35.912925],[115.738703,35.968606],[115.828724,36.031031],[115.965718,35.985917],[115.617987,35.731256],[115.504247,35.722833],[115.395055,35.615759],[115.345032,35.496257],[115.226538,35.416236],[115.068357,35.380115],[114.941749,35.218833],[114.864286,35.188705],[114.834211,35.016183],[114.997767,35.007786],[115.1745,34.944172],[115.216048,34.835729],[115.317644,34.842835],[115.429265,34.779712],[115.435776,34.675713],[115.541713,34.577528],[115.706767,34.600266],[115.816425,34.57143],[116.043749,34.600214],[116.151288,34.566728],[116.266888,34.576701],[116.377217,34.63954],[116.420212,34.834256],[116.470028,34.898258],[116.827629,34.958306],[116.941421,34.879628],[117.060586,34.709458],[117.181819,34.450146],[117.336952,34.588613],[117.469037,34.475338],[117.590683,34.471591],[117.653212,34.52611],[117.773308,34.526549],[117.790051,34.651167],[117.914694,34.676953],[118.050448,34.651477],[118.165429,34.399244],[118.391048,34.443738],[118.477192,34.689201],[118.680746,34.683852],[118.759449,34.748629],[118.866781,35.036311],[119.076277,35.049825],[119.175599,35.10592],[119.280284,35.076606],[119.358002,35.097113],[119.42392,35.313463],[119.551524,35.380032],[119.64796,35.58393],[119.811615,35.647895],[119.900157,35.736274],[120.00294,35.727769],[120.038829,35.842841],[120.242768,35.973578],[120.10019,36.096096],[120.105317,36.200873],[120.273529,36.23428],[120.361583,36.191636],[120.292003,36.068101],[120.353526,36.040839],[120.696788,36.143988],[120.647716,36.330878],[120.75058,36.459174],[120.949962,36.459174],[120.920258,36.55329],[121.157725,36.668606],[121.408946,36.753974],[121.560069,36.767646],[121.785981,36.891181],[122.039643,36.984605],[122.211192,36.918443],[122.200287,36.84276],[122.319835,36.822943],[122.525401,36.944485],[122.448497,37.057196],[122.447602,37.147447],[122.602875,37.209906],[122.549083,37.310858],[122.656098,37.384589],[122.296479,37.418158],[122.129893,37.483466],[121.659434,37.472724],[121.591645,37.424465],[121.476899,37.468004],[121.381684,37.566107],[121.191498,37.575181],[121.13795,37.701158],[121.032563,37.710395],[120.925792,37.819281],[120.738048,37.83397],[120.46339,37.747748],[120.306407,37.665188],[120.297618,37.597886],[120.059825,37.440416],[119.858897,37.360175],[119.897309,37.249416],[119.7706,37.151842],[119.441173,37.120551],[119.145518,37.17886],[118.972423,37.280666],[118.944591,37.378119],[118.976654,37.610907],[119.037128,37.722089],[119.243083,37.769482],[118.996593,37.963121],[118.840099,38.152574],[118.654871,38.145695],[118.542979,38.068345],[118.215831,38.144965],[118.084809,38.138739],[117.837159,38.270908]]]},"properties":{"LOCATION_TYPE":"level1","ADM0_A3":"CHN","LOCATION_ID":"CHN-SD","NAME":"Shandong","TYPE_EN":"Province"}},
{"type":"Feature","geometry":{"type":"MultiPolygon","coordinates":[[[[117.543549,38.621324],[117.271323,38.559249],[117.0949,38.611752],[117.021054,38.708232],[116.880752,38.699395],[116.71084,38.820525],[116.712184,39.011831],[116.891811,39.102523],[116.82613,39.216547],[116.853467,39.341423],[116.791249,39.492939],[116.793419,39.602312],[116.604387,39.611174],[116.428274,39.521412],[116.386622,39.442141],[116.249783,39.505806],[116.210406,39.5719],[115.945409,39.575388],[115.755911,39.508958],[115.618452,39.603733],[115.463423,39.643214],[115.437326,39.749305],[115.510914,39.838499],[115.427094,39.962574],[115.577628,40.096313],[115.819835,40.151891],[115.945202,40.293717],[115.728161,40.539593],[115.874457,40.610235],[115.994708,40.595972],[116.130359,40.657984],[116.207305,40.750381],[116.458866,40.791567],[116.438195,40.899726],[116.652653,41.03101],[116.675804,40.940137],[116.910415,40.749218],[117.058003,40.677207],[117.428523,40.669042],[117.411779,40.597367],[117.243108,40.57016],[117.250549,40.337822],[117.356796,40.257026],[117.451054,40.226692],[117.749743,40.063472],[117.765556,39.964073],[117.501283,39.988722],[117.533116,39.750416],[117.622516,39.666416],[117.630887,39.575879],[117.892784,39.564614],[117.897124,39.398681],[118.007919,39.342663],[118.009563,39.218552],[118.140528,39.172835],[118.235285,39.053098],[118.34427,39.030709],[118.61936,39.161042],[118.940196,39.138861],[119.184804,39.354814],[119.305075,39.432978],[119.261981,39.535084],[119.33961,39.715562],[119.535592,39.890826],[119.85019,39.986314],[119.738046,40.099517],[119.742593,40.205195],[119.634745,40.209071],[119.580123,40.373402],[119.563689,40.540058],[119.293628,40.530705],[119.189759,40.620105],[119.067906,40.651343],[118.854689,40.820609],[118.96476,41.074702],[119.163507,41.176402],[119.230997,41.273398],[119.152655,41.312207],[118.478433,41.355099],[118.370274,41.313964],[118.313637,41.569556],[118.24439,41.592345],[118.159382,41.719133],[118.278238,41.752697],[118.322163,41.863543],[118.267851,42.073866],[118.133906,42.021906],[118.024248,42.382633],[117.80049,42.568823],[117.450433,42.549289],[117.4124,42.458081],[117.243883,42.482265],[117.055936,42.462835],[116.887109,42.395371],[116.826595,42.308167],[116.878892,42.220214],[116.858118,42.019503],[116.599736,41.92372],[116.377527,42.009684],[116.20715,41.884007],[116.037858,41.800627],[115.937347,41.927467],[115.858799,41.927467],[115.527502,41.772334],[115.339761,41.720839],[115.347358,41.624075],[115.225866,41.585834],[115.097399,41.616168],[114.888988,41.610044],[114.87581,41.81166],[114.920304,41.936872],[114.804858,42.178408],[114.596344,42.141278],[114.481312,42.075262],[114.419714,41.956302],[114.255693,41.860081],[114.197092,41.593586],[114.027283,41.53129],[113.927961,41.418351],[113.908892,41.294017],[113.984908,41.240894],[113.880677,41.0993],[114.018602,40.923601],[114.060149,40.813659],[114.154097,40.742578],[114.15172,40.67359],[114.257553,40.54998],[114.285769,40.378569],[114.433667,40.360534],[114.450306,40.293768],[114.085367,40.185015],[113.995967,40.131814],[113.935919,40.015723],[114.085988,39.916918],[114.382817,39.861056],[114.402144,39.658458],[114.540947,39.531231],[114.420334,39.299979],[114.393979,39.169341],[114.216316,39.069037],[114.01271,39.118827],[113.85334,39.072292],[113.760219,38.909202],[113.825125,38.810267],[113.534497,38.537286],[113.518012,38.377606],[113.557906,38.243428],[113.790657,38.152865],[113.891477,37.949467],[114.026353,37.750771],[114.100405,37.69819],[114.053121,37.50058],[113.886723,37.296122],[113.857681,37.208944],[113.754328,37.114944],[113.776032,36.890617],[113.679242,36.8716],[113.607774,36.769074],[113.453933,36.736621],[113.458739,36.6358],[113.547364,36.548519],[113.535117,36.483381],[113.721049,36.355869],[113.989301,36.359021],[114.156268,36.246677],[114.343078,36.244713],[114.548388,36.139035],[114.707242,36.152781],[115.033837,36.100949],[115.10608,36.184562],[115.245245,36.161359],[115.349683,36.082191],[115.460322,36.157871],[115.44885,36.249157],[115.343327,36.352148],[115.275734,36.474208],[115.341622,36.599756],[115.477841,36.753571],[115.62641,36.793568],[115.851823,37.057222],[115.97502,37.321702],[116.255571,37.387331],[116.219914,37.462365],[116.350087,37.620908],[116.4106,37.484637],[116.608728,37.639408],[116.743913,37.799295],[116.839515,37.83366],[117.420616,37.846682],[117.568669,38.048918],[117.687318,38.072663],[117.837159,38.270908],[117.716082,38.378511],[117.543549,38.621324]]],[[[117.239077,40.092618],[116.987671,40.034353],[116.829386,40.036678],[116.744223,39.959008],[116.922197,39.773593],[116.875636,39.686467],[117.152777,39.618409],[117.202903,39.761604],[117.147506,39.948001],[117.239077,40.092618]]]]},"properties":{"LOCATION_TYPE":"level1","ADM0_A3":"CHN","LOCATION_ID":"CHN-HE","NAME":"Hebei","TYPE_EN":"Province"}},
{"type":"Feature","geometry":{"type":"Polygon","coordinates":[[[118.009563,39.218552],[118.007919,39.342663],[117.897124,39.398681],[117.892784,39.564614],[117.630887,39.575879],[117.622516,39.666416],[117.533116,39.750416],[117.501283,39.988722],[117.765556,39.964073],[117.749743,40.063472],[117.451054,40.226692],[117.356796,40.257026],[117.310597,40.110472],[117.239077,40.092618],[117.147506,39.948001],[117.202903,39.761604],[117.152777,39.618409],[116.875636,39.686467],[116.793419,39.602312],[116.791249,39.492939],[116.853467,39.341423],[116.82613,39.216547],[116.891811,39.102523],[116.712184,39.011831],[116.71084,38.820525],[116.880752,38.699395],[117.021054,38.708232],[117.0949,38.611752],[117.271323,38.559249],[117.543549,38.621324],[117.583995,38.811591],[117.708751,38.981024],[117.718272,39.093004],[117.88559,39.201117],[118.009563,39.218552]]]},"properties":{"LOCATION_TYPE":"level1","ADM0_A3":"CHN","LOCATION_ID":"CHN-TJ","NAME":"Tianjin","TYPE_EN":"Municipality"}},
{"type":"Feature","geometry":{"type":"Polygon","coordinates":[[[111.196544,15.775377],[111.20753,15.782172],[111.199392,15.789211],[111.196544,15.775377]]]},"properties":{"LOCATION_TYPE":"level1","ADM0_A3":"CHN","LOCATION_ID":"CHN-X01~","NAME":"Paracel Islands","TYPE_EN":null}},
{"type":"Feature","geometry":{"type":"Polygon","coordinates":[[[117.356796,40.257026],[117.250549,40.337822],[117.243108,40.57016],[117.411779,40.597367],[117.428523,40.669042],[117.058003,40.677207],[116.910415,40.749218],[116.675804,40.940137],[116.652653,41.03101],[116.438195,40.899726],[116.458866,40.791567],[116.207305,40.750381],[116.130359,40.657984],[115.994708,40.595972],[115.874457,40.610235],[115.728161,40.539593],[115.945202,40.293717],[115.819835,40.151891],[115.577628,40.096313],[115.427094,39.962574],[115.510914,39.838499],[115.437326,39.749305],[115.463423,39.643214],[115.618452,39.603733],[115.755911,39.508958],[115.945409,39.575388],[116.210406,39.5719],[116.249783,39.505806],[116.386622,39.442141],[116.428274,39.521412],[116.604387,39.611174],[116.793419,39.602312],[116.875636,39.686467],[116.922197,39.773593],[116.744223,39.959008],[116.829386,40.036678],[116.987671,40.034353],[117.239077,40.092618],[117.310597,40.110472],[117.356796,40.257026]]]},"properties":{"LOCATION_TYPE":"level1","ADM0_A3":"CHN","LOCATION_ID":"CHN-BJ","NAME":"Beijing","TYPE_EN":"Municipality"}},
{"type":"Feature","geometry":{"type":"Polygon","coordinates":[[[108.518369,32.19757],[108.479405,32.25028],[108.236732,32.262656],[108.051782,32.226612],[107.960057,32.158347],[107.843526,32.228162],[107.659196,32.388618],[107.459622,32.408642],[107.448305,32.522227],[107.284129,32.452929],[107.20217,32.452774],[107.069982,32.522925],[107.065331,32.708314],[106.712588,32.737821],[106.603964,32.675525],[106.363978,32.63868],[106.228948,32.591964],[106.056504,32.713559],[106.082342,32.873523],[105.875481,32.844714],[105.813418,32.762109],[105.633274,32.707461],[105.568265,32.730457],[105.498553,32.907397],[105.386364,32.823371],[105.435249,32.773555],[105.269988,32.641703],[105.146792,32.608346],[105.031812,32.63868],[104.898331,32.611834],[104.558404,32.688341],[104.4057,32.809367],[104.288859,32.847892],[104.405855,33.063279],[104.328237,33.140355],[104.280591,33.272052],[104.29289,33.363571],[104.174655,33.490152],[104.156309,33.62402],[104.093006,33.66854],[103.74512,33.676033],[103.522756,33.714118],[103.55862,33.806877],[103.350674,33.755692],[103.184172,33.822096],[103.142108,33.961545],[103.120094,34.168612],[103.000566,34.213984],[102.930596,34.295581],[102.78182,34.274187],[102.5978,34.16546],[102.617644,34.083501],[102.4406,34.05973],[102.171211,33.941753],[102.343138,33.725177],[102.356006,33.609396],[102.481838,33.540149],[102.481838,33.465038],[102.27875,33.377756],[101.863685,33.12263],[101.832162,33.26921],[101.923216,33.406385],[101.883993,33.546325],[101.77754,33.530047],[101.691085,33.420286],[101.665144,33.320395],[101.726949,33.267789],[101.643646,33.127772],[101.445157,33.235853],[101.220003,33.170611],[101.164141,33.128082],[101.131429,32.938352],[101.23194,32.85771],[101.170807,32.688341],[100.902193,32.630463],[100.697089,32.685731],[100.603038,32.451224],[100.47302,32.485278],[100.560922,32.563336],[100.399433,32.758388],[100.254997,32.725806],[100.223165,32.636897],[100.119036,32.670874],[100.158621,32.782263],[100.046896,32.935484],[99.840966,32.957007],[99.76929,32.921763],[99.698545,32.744617],[99.50941,32.835438],[99.289371,32.88714],[99.225293,32.998916],[99.100649,33.072452],[98.852085,33.174875],[98.772917,33.302722],[98.73571,33.489765],[98.633287,33.607716],[98.645845,33.676162],[98.457949,33.840105],[98.30168,33.845841],[98.211814,33.939453],[98.034926,33.959788],[97.819074,33.864187],[97.745073,33.864858],[97.69567,34.005237],[97.610249,33.930875],[97.383545,33.869871],[97.390521,33.611385],[97.477389,33.562241],[97.539297,33.453721],[97.724299,33.406127],[97.615675,33.328379],[97.50054,33.194357],[97.504261,33.045606],[97.360962,32.897036],[97.430673,32.70033],[97.715721,32.54419],[98.014152,32.464505],[98.205768,32.355648],[98.220186,32.252192],[98.452988,31.984095],[98.445495,31.803615],[98.592153,31.598821],[98.884952,31.354081],[98.767801,31.230368],[98.68269,31.315918],[98.620265,31.187942],[98.803044,30.990977],[98.775088,30.902223],[98.954301,30.747865],[98.905364,30.663813],[98.960709,30.459976],[98.986754,30.144362],[99.056311,29.915332],[99.005461,29.820092],[98.986754,29.650904],[99.041996,29.562459],[99.062512,29.308289],[99.108814,29.223772],[99.117702,28.708713],[99.169482,28.602492],[99.162557,28.438161],[99.274747,28.277318],[99.38151,28.184533],[99.393138,28.54278],[99.502898,28.579367],[99.534369,28.680808],[99.628679,28.814624],[99.828408,28.672565],[100.000956,28.456196],[100.143066,28.341578],[100.162031,28.236261],[100.046896,28.187091],[100.058833,28.066142],[100.202081,27.898788],[100.295925,27.852615],[100.532603,27.816261],[100.660916,27.875095],[100.872117,27.561987],[100.866949,27.494653],[100.991748,27.330813],[101.00384,27.197513],[101.172822,27.191054],[101.141455,27.044861],[101.342424,26.871047],[101.370691,26.774645],[101.50288,26.766429],[101.412446,26.569671],[101.544169,26.494972],[101.643646,26.349477],[101.579981,26.306922],[101.763742,26.176335],[101.849525,26.034845],[101.921562,26.098872],[102.112558,26.084429],[102.252085,26.228864],[102.568138,26.378649],[102.609944,26.260206],[102.720273,26.237624],[102.878196,26.365058],[103.003253,26.400353],[102.995812,26.485412],[103.057927,26.557242],[102.975296,26.831127],[102.901347,26.924739],[102.878196,27.031968],[102.913853,27.112299],[102.889462,27.291487],[102.977415,27.388897],[103.120765,27.412255],[103.218124,27.566871],[103.414753,27.742906],[103.508545,27.864527],[103.51423,27.971445],[103.434648,28.068158],[103.571797,28.243186],[103.708947,28.215875],[103.880306,28.325739],[103.795246,28.531179],[103.836691,28.604921],[104.056781,28.630475],[104.414227,28.640113],[104.25005,28.530791],[104.268499,28.333801],[104.376503,28.282305],[104.444612,28.099887],[104.333818,28.046738],[104.375366,27.961679],[104.604758,27.845846],[104.702374,27.88295],[104.897401,27.901114],[104.966182,28.047797],[105.055738,28.088131],[105.282391,28.000746],[105.22813,27.855794],[105.296963,27.721745],[105.524495,27.774636],[105.646916,27.67813],[105.875946,27.745206],[106.103581,27.788072],[106.247603,27.77523],[106.345375,27.834942],[106.298969,28.000436],[106.199337,28.124253],[106.10942,28.174715],[105.906228,28.150582],[105.846801,28.269153],[105.667225,28.318298],[105.620561,28.482422],[105.683193,28.583449],[105.891914,28.609313],[105.984415,28.753542],[106.188795,28.584612],[106.382427,28.572494],[106.298039,28.672436],[106.260315,28.869323],[106.008444,28.9734],[105.877961,28.920044],[105.745308,28.994768],[105.700608,29.223695],[105.644591,29.269661],[105.422382,29.333559],[105.405174,29.429961],[105.314843,29.469597],[105.291072,29.584784],[105.411685,29.703174],[105.55147,29.747616],[105.557516,29.803918],[105.709961,29.867505],[105.7389,30.032637],[105.557206,30.147592],[105.708669,30.274096],[105.791713,30.423363],[106.124716,30.342334],[106.239025,30.220249],[106.53234,30.337658],[106.617813,30.268695],[106.71729,30.059277],[106.770362,30.036565],[107.03293,30.057856],[107.228732,30.238155],[107.372134,30.49987],[107.477605,30.609501],[107.456676,30.760862],[107.507578,30.821995],[107.736298,30.88318],[107.849882,30.809618],[107.929516,30.872664],[108.006772,31.038623],[108.033127,31.222229],[108.194047,31.33093],[108.22309,31.467899],[108.406799,31.566032],[108.516198,31.708272],[108.500695,31.790825],[108.286962,31.92216],[108.26779,31.972907],[108.388971,32.184289],[108.518369,32.19757]]]},"properties":{"LOCATION_TYPE":"level1","ADM0_A3":"CHN","LOCATION_ID":"CHN-SC","NAME":"Sichuan","TYPE_EN":"Province"}},
{"type":"Feature","geometry":{"type":"Polygon","coordinates":[[[108.518369,32.19757],[108.388971,32.184289],[108.26779,31.972907],[108.286962,31.92216],[108.500695,31.790825],[108.516198,31.708272],[108.406799,31.566032],[108.22309,31.467899],[108.194047,31.33093],[108.033127,31.222229],[108.006772,31.038623],[107.929516,30.872664],[107.849882,30.809618],[107.736298,30.88318],[107.507578,30.821995],[107.456676,30.760862],[107.477605,30.609501],[107.372134,30.49987],[107.228732,30.238155],[107.03293,30.057856],[106.770362,30.036565],[106.71729,30.059277],[106.617813,30.268695],[106.53234,30.337658],[106.239025,30.220249],[106.124716,30.342334],[105.791713,30.423363],[105.708669,30.274096],[105.557206,30.147592],[105.7389,30.032637],[105.709961,29.867505],[105.557516,29.803918],[105.55147,29.747616],[105.411685,29.703174],[105.291072,29.584784],[105.314843,29.469597],[105.405174,29.429961],[105.422382,29.333559],[105.644591,29.269661],[105.700608,29.223695],[105.745308,28.994768],[105.877961,28.920044],[106.008444,28.9734],[106.260315,28.869323],[106.298039,28.672436],[106.382427,28.572494],[106.488725,28.540971],[106.562416,28.767133],[106.626495,28.6374],[106.562416,28.510741],[106.750001,28.502162],[106.828963,28.608693],[106.835061,28.730521],[106.973347,28.804521],[107.030708,28.887617],[107.161087,28.881338],[107.296996,28.808371],[107.436833,28.877256],[107.499671,28.993063],[107.423965,29.077011],[107.430477,29.18287],[107.557239,29.186823],[107.783478,29.137369],[107.789834,29.040192],[107.875359,28.984071],[108.054573,29.064505],[108.286238,29.077166],[108.367319,28.777029],[108.330318,28.689154],[108.582448,28.601097],[108.582758,28.37416],[108.730035,28.475446],[108.783727,28.426095],[108.728485,28.24223],[108.942942,28.199855],[109.094974,28.205204],[109.155332,28.435526],[109.258375,28.505909],[109.21321,28.628795],[109.281216,28.729125],[109.246748,28.78553],[109.274808,29.049261],[109.206595,29.104244],[109.014152,29.307488],[108.920566,29.348984],[108.872042,29.50161],[108.872042,29.638966],[108.696032,29.698162],[108.61304,29.858023],[108.512633,29.721855],[108.400443,29.831074],[108.538213,29.885463],[108.532011,30.315488],[108.380599,30.399695],[108.433206,30.487287],[108.868425,30.551365],[108.964646,30.607486],[109.179259,30.566791],[109.394181,30.583741],[109.639799,30.717944],[109.748578,30.835353],[109.870689,30.88858],[110.066233,30.82848],[110.127676,30.906408],[110.107626,31.122338],[110.174857,31.188665],[110.108246,31.398032],[109.929497,31.518722],[109.73261,31.561123],[109.724497,31.63608],[109.593962,31.737598],[109.335993,31.705249],[109.055907,31.940635],[108.789308,32.045331],[108.518369,32.19757]]]},"properties":{"LOCATION_TYPE":"level1","ADM0_A3":"CHN","LOCATION_ID":"CHN-CQ","NAME":"Chongqing","TYPE_EN":"Municipality"}},
{"type":"Feature","geometry":{"type":"Polygon","coordinates":[[[109.258375,28.505909],[109.155332,28.435526],[109.094974,28.205204],[108.942942,28.199855],[108.728485,28.24223],[108.783727,28.426095],[108.730035,28.475446],[108.582758,28.37416],[108.582448,28.601097],[108.330318,28.689154],[108.367319,28.777029],[108.286238,29.077166],[108.054573,29.064505],[107.875359,28.984071],[107.789834,29.040192],[107.783478,29.137369],[107.557239,29.186823],[107.430477,29.18287],[107.423965,29.077011],[107.499671,28.993063],[107.436833,28.877256],[107.296996,28.808371],[107.161087,28.881338],[107.030708,28.887617],[106.973347,28.804521],[106.835061,28.730521],[106.828963,28.608693],[106.750001,28.502162],[106.562416,28.510741],[106.626495,28.6374],[106.562416,28.767133],[106.488725,28.540971],[106.382427,28.572494],[106.188795,28.584612],[105.984415,28.753542],[105.891914,28.609313],[105.683193,28.583449],[105.620561,28.482422],[105.667225,28.318298],[105.846801,28.269153],[105.906228,28.150582],[106.10942,28.174715],[106.199337,28.124253],[106.298969,28.000436],[106.345375,27.834942],[106.247603,27.77523],[106.103581,27.788072],[105.875946,27.745206],[105.646916,27.67813],[105.524495,27.774636],[105.296963,27.721745],[105.197383,27.398638],[105.082558,27.412513],[104.870891,27.309755],[104.783403,27.332208],[104.594216,27.313785],[104.443682,27.34722],[104.344412,27.441194],[104.174345,27.271514],[103.981126,27.399517],[103.911311,27.39037],[103.695407,27.151702],[103.700885,27.052432],[103.778296,26.955874],[103.717318,26.798959],[103.775092,26.731702],[103.757832,26.629434],[103.829249,26.547114],[104.0204,26.514196],[104.153364,26.651242],[104.358519,26.647831],[104.559437,26.584708],[104.675503,26.379269],[104.545175,26.270412],[104.498976,26.030789],[104.392936,25.947874],[104.420583,25.856923],[104.306223,25.664765],[104.422443,25.579266],[104.432675,25.506815],[104.553546,25.484543],[104.565845,25.38119],[104.719738,25.210942],[104.707025,25.01731],[104.54564,24.813421],[104.539852,24.741772],[104.729349,24.631391],[104.876731,24.755027],[105.012485,24.797479],[105.100076,24.954317],[105.205909,25.0039],[105.289419,24.933181],[105.444396,24.923621],[105.50863,24.817452],[105.675338,24.789676],[105.787734,24.715727],[105.91646,24.728723],[106.001158,24.64847],[106.176186,24.782234],[106.198717,24.876802],[106.155722,24.960363],[106.306566,24.981473],[106.587117,25.104359],[106.666802,25.173503],[106.885962,25.196964],[106.995516,25.255384],[107.014585,25.353414],[106.974587,25.440437],[107.021923,25.497953],[107.244235,25.558595],[107.397869,25.387288],[107.498896,25.21412],[107.641626,25.267528],[107.776037,25.152987],[107.861871,25.145959],[108.129194,25.26882],[108.131829,25.386435],[108.29337,25.5387],[108.404784,25.514877],[108.567875,25.415865],[108.694637,25.602003],[108.774115,25.521931],[108.941185,25.548828],[109.024384,25.59495],[109.085363,25.805428],[109.148615,25.750651],[109.30044,25.743054],[109.399142,25.998543],[109.456709,26.03885],[109.399297,26.269947],[109.296564,26.312529],[109.315013,26.425726],[109.402553,26.537295],[109.377231,26.646152],[109.294032,26.727309],[109.505285,26.824797],[109.443842,26.900994],[109.507146,26.976364],[109.438209,27.131032],[109.230573,27.151986],[109.095491,27.134442],[108.950177,27.026904],[108.791324,27.083128],[109.014928,27.262186],[109.206389,27.444759],[109.418366,27.559507],[109.447253,27.650018],[109.328242,27.807657],[109.298735,28.09472],[109.354287,28.265174],[109.263853,28.322225],[109.258375,28.505909]]]},"properties":{"LOCATION_TYPE":"level1","ADM0_A3":"CHN","LOCATION_ID":"CHN-GZ","NAME":"Guizhou","TYPE_EN":"Province"}},
{"type":"Feature","geometry":{"type":"Polygon","coordinates":[[[109.258375,28.505909],[109.263853,28.322225],[109.354287,28.265174],[109.298735,28.09472],[109.328242,27.807657],[109.447253,27.650018],[109.418366,27.559507],[109.206389,27.444759],[109.014928,27.262186],[108.791324,27.083128],[108.950177,27.026904],[109.095491,27.134442],[109.230573,27.151986],[109.438209,27.131032],[109.507146,26.976364],[109.443842,26.900994],[109.505285,26.824797],[109.294032,26.727309],[109.377231,26.646152],[109.402553,26.537295],[109.315013,26.425726],[109.296564,26.312529],[109.399297,26.269947],[109.456709,26.03885],[109.60316,26.052674],[109.772039,25.908161],[109.911669,26.181219],[110.062047,26.149929],[110.138218,26.051666],[110.246997,25.978208],[110.341668,26.112748],[110.484554,26.171555],[110.577054,26.350795],[110.724022,26.274314],[110.878948,26.275218],[110.935482,26.382473],[111.251897,26.279714],[111.256703,26.210132],[111.202081,25.930278],[111.256238,25.86899],[111.408322,25.90785],[111.411267,25.802611],[111.323727,25.729825],[111.315821,25.503198],[111.253757,25.399122],[111.164202,25.364938],[111.113766,25.238641],[110.993205,25.150765],[110.954602,25.025346],[111.006279,24.935455],[111.079039,24.94424],[111.125755,25.044466],[111.274376,25.147664],[111.426925,25.106194],[111.429716,24.943413],[111.473641,24.792854],[111.428165,24.681026],[111.516945,24.642656],[111.667117,24.779676],[111.925964,24.774871],[111.996554,24.735674],[112.144762,24.793552],[112.120991,24.949278],[112.213957,25.200374],[112.458387,25.164252],[112.663335,25.113144],[112.714082,24.999508],[112.807823,24.942845],[112.988897,24.963929],[112.969053,25.180582],[112.88911,25.241457],[112.917377,25.324863],[113.217462,25.505575],[113.421635,25.3838],[113.523438,25.385583],[113.582452,25.325948],[113.828071,25.356747],[113.927548,25.448111],[113.982428,25.581669],[113.907187,25.749772],[114.018291,25.934619],[114.041442,26.068848],[114.213525,26.169772],[114.162159,26.221371],[114.062837,26.177782],[113.939485,26.209434],[114.068418,26.453709],[114.085057,26.577499],[113.864709,26.655867],[113.831636,26.827484],[113.892408,26.945332],[113.754018,27.141858],[113.823575,27.228674],[113.850963,27.345902],[113.66746,27.329547],[113.600126,27.368226],[113.562092,27.590564],[113.700998,27.818948],[113.73681,27.981574],[113.916489,28.021184],[114.013796,28.106476],[114.091879,28.257707],[114.184483,28.29308],[114.226858,28.408964],[114.112808,28.615515],[114.142728,28.788501],[114.01209,28.912913],[113.905172,28.955985],[113.902381,29.06634],[113.772828,29.125303],[113.654903,29.124037],[113.587723,29.293794],[113.729369,29.437092],[113.634697,29.684829],[113.53615,29.685734],[113.519511,29.841667],[113.415848,29.764566],[113.145683,29.472077],[113.008121,29.518095],[112.908488,29.600803],[112.945592,29.709298],[112.886164,29.791774],[112.648143,29.6269],[112.443917,29.641369],[112.363095,29.572175],[112.170032,29.649043],[111.923639,29.856395],[111.76861,29.919595],[111.5849,29.904351],[111.414988,29.925796],[111.246161,30.031733],[110.741851,30.096174],[110.715599,30.02964],[110.543361,30.055013],[110.46316,30.013982],[110.500573,29.86257],[110.591162,29.771361],[110.446727,29.726687],[110.361667,29.650103],[110.103905,29.785417],[109.783201,29.73493],[109.700002,29.655735],[109.432318,29.533908],[109.338164,29.289685],[109.269227,29.24235],[109.206595,29.104244],[109.274808,29.049261],[109.246748,28.78553],[109.281216,28.729125],[109.21321,28.628795],[109.258375,28.505909]]]},"properties":{"LOCATION_TYPE":"level1","ADM0_A3":"CHN","LOCATION_ID":"CHN-HN","NAME":"Hunan","TYPE_EN":"Province"}},
{"type":"Feature","geometry":{"type":"Polygon","coordinates":[[[107.657646,37.852935],[107.40469,37.921665],[107.324178,38.065946],[107.162638,38.138603],[107.060835,38.114935],[106.82917,38.150385],[106.470122,38.290686],[106.644995,38.459203],[106.704423,38.637229],[106.931747,38.921139],[106.977843,39.035602],[106.808241,39.199055],[106.78912,39.360957],[106.614092,39.358321],[106.496942,39.285794],[106.275663,39.269154],[106.283415,39.156525],[106.113193,39.120817],[106.060276,38.979068],[105.896617,38.736189],[105.84122,38.571289],[105.828094,38.226814],[105.755643,38.135502],[105.824735,38.005484],[105.788096,37.805057],[105.658698,37.739816],[105.534106,37.724984],[105.354428,37.752631],[105.084883,37.660673],[104.944323,37.545719],[104.646977,37.5066],[104.522385,37.529958],[104.425234,37.49859],[104.358519,37.401232],[104.464508,37.440247],[104.689507,37.411929],[104.764748,37.250491],[104.855388,37.218194],[104.922413,37.096754],[105.180175,36.972136],[105.321665,36.780727],[105.220482,36.692954],[105.268748,36.550224],[105.392771,36.384394],[105.445946,36.254583],[105.43742,36.106685],[105.351482,36.057644],[105.318099,35.933208],[105.431839,35.756422],[105.686965,35.660459],[105.829386,35.493648],[105.936149,35.524809],[106.065082,35.487653],[106.210654,35.395152],[106.313387,35.27361],[106.464851,35.332366],[106.495081,35.553127],[106.429297,35.699449],[106.469605,35.727432],[106.767106,35.706555],[106.913402,35.788824],[106.94477,36.076946],[106.813667,36.21164],[106.60386,36.277838],[106.49658,36.268355],[106.502368,36.706519],[106.602155,36.725821],[106.649026,36.834186],[106.574818,36.931338],[106.633936,36.997897],[106.644065,37.181658],[106.790671,37.189668],[106.932936,37.107193],[107.187804,37.117063],[107.285472,37.068461],[107.324953,37.163572],[107.238033,37.301367],[107.322163,37.527632],[107.317202,37.590186],[107.436058,37.663464],[107.509438,37.764284],[107.606745,37.765731],[107.657646,37.852935]]]},"properties":{"LOCATION_TYPE":"level1","ADM0_A3":"CHN","LOCATION_ID":"CHN-NX","NAME":"Ningxia","TYPE_EN":"Autonomous Region"}},
{"type":"Feature","geometry":{"type":"Polygon","coordinates":[[[108.518369,32.19757],[108.789308,32.045331],[109.055907,31.940635],[109.335993,31.705249],[109.593962,31.737598],[109.610188,31.927302],[109.666309,32.043006],[109.619025,32.188914],[109.487405,32.335934],[109.561303,32.405025],[109.579441,32.541218],[109.634838,32.590647],[109.879526,32.591629],[110.000862,32.551941],[110.168294,32.62235],[110.095844,32.841252],[109.899111,32.914425],[109.739586,32.930006],[109.75726,33.080074],[109.491023,33.145006],[109.515672,33.237067],[109.659694,33.264094],[110.094293,33.213322],[110.23444,33.156323],[110.432257,33.173066],[110.547392,33.245335],[110.604495,33.153894],[110.711258,33.108109],[110.823448,33.19893],[110.974601,33.266471],[111.015581,33.374449],[110.968245,33.598828],[110.792132,33.705126],[110.74924,33.802795],[110.593798,33.879741],[110.642373,33.980303],[110.593643,34.065337],[110.606665,34.170499],[110.433807,34.261397],[110.478663,34.326381],[110.327664,34.479808],[110.336036,34.615846],[110.252268,34.663259],[110.259658,34.944767],[110.335415,35.198007],[110.424816,35.294228],[110.619843,35.597259],[110.560415,35.849182],[110.51096,35.886854],[110.447243,36.141877],[110.458974,36.349409],[110.496129,36.484078],[110.483158,36.593012],[110.397531,36.781373],[110.389469,37.021952],[110.460059,37.051279],[110.665008,37.282272],[110.630281,37.396632],[110.788773,37.561429],[110.753064,37.745758],[110.515043,37.954996],[110.511219,38.20219],[110.671209,38.31699],[110.899412,38.545451],[110.871817,38.621364],[110.980337,38.816649],[110.995013,39.003847],[111.118003,39.067435],[111.22487,39.310547],[111.110045,39.385193],[111.041005,39.422969],[111.137072,39.56495],[111.0131,39.564872],[110.845669,39.465188],[110.684852,39.264374],[110.603409,39.267216],[110.494165,39.374315],[110.338103,39.318143],[110.225241,39.424054],[110.109176,39.428395],[110.176872,39.285199],[109.963345,39.181278],[109.820563,39.054464],[109.674267,39.011211],[109.537996,38.785204],[109.423947,38.769055],[109.313152,38.620485],[109.159983,38.542144],[108.986351,38.335206],[108.953484,38.199064],[109.02795,38.110956],[108.954259,37.925541],[108.863309,37.987604],[108.790704,37.941767],[108.764349,37.681886],[108.496355,37.668605],[108.332954,37.633595],[108.038708,37.632509],[107.991114,37.725708],[107.884971,37.801646],[107.657646,37.852935],[107.606745,37.765731],[107.509438,37.764284],[107.436058,37.663464],[107.317202,37.590186],[107.322163,37.527632],[107.238033,37.301367],[107.324953,37.163572],[107.285472,37.068461],[107.299632,36.907205],[107.500911,36.890772],[107.548867,36.840026],[107.695473,36.825091],[107.886521,36.75538],[108.041705,36.597741],[108.356363,36.546038],[108.441268,36.461289],[108.606529,36.431988],[108.70368,36.35897],[108.649937,36.226497],[108.699753,36.125547],[108.677119,36.005244],[108.493099,35.881195],[108.509997,35.70087],[108.603738,35.547856],[108.617226,35.392827],[108.492634,35.272498],[108.276781,35.262835],[108.15498,35.290559],[107.97866,35.223458],[107.741672,35.318361],[107.670462,35.227979],[107.830349,34.976728],[107.569641,34.965411],[107.496881,34.925775],[107.320767,34.942209],[107.210852,34.891772],[107.051533,35.038146],[106.914849,35.089047],[106.564586,35.079616],[106.491206,35.03011],[106.549703,34.862575],[106.491516,34.740955],[106.317728,34.583342],[106.368371,34.520219],[106.498337,34.520219],[106.673623,34.384672],[106.656002,34.254214],[106.587427,34.137451],[106.513737,34.106601],[106.430227,33.942115],[106.479837,33.868191],[106.481749,33.700889],[106.55947,33.598621],[106.495547,33.543586],[106.392659,33.618827],[106.170605,33.562241],[106.073453,33.617509],[105.832435,33.497542],[105.747168,33.293989],[105.91274,33.233682],[105.886488,32.978013],[105.63932,32.885487],[105.498553,32.907397],[105.568265,32.730457],[105.633274,32.707461],[105.813418,32.762109],[105.875481,32.844714],[106.082342,32.873523],[106.056504,32.713559],[106.228948,32.591964],[106.363978,32.63868],[106.603964,32.675525],[106.712588,32.737821],[107.065331,32.708314],[107.069982,32.522925],[107.20217,32.452774],[107.284129,32.452929],[107.448305,32.522227],[107.459622,32.408642],[107.659196,32.388618],[107.843526,32.228162],[107.960057,32.158347],[108.051782,32.226612],[108.236732,32.262656],[108.479405,32.25028],[108.518369,32.19757]]]},"properties":{"LOCATION_TYPE":"level1","ADM0_A3":"CHN","LOCATION_ID":"CHN-SN","NAME":"Shaanxi","TYPE_EN":"Province"}},
{"type":"Feature","geometry":{"type":"Polygon","coordinates":[[[92.935961,39.152856],[92.333103,39.049865],[92.122729,38.940647],[91.62865,38.825667],[91.491604,38.817269],[91.294407,38.745129],[91.012461,38.698672],[90.653516,38.674074],[90.635998,38.624309],[90.312452,38.465792],[90.150911,38.432797],[90.193492,38.325671],[90.439266,37.996079],[90.436475,37.778573],[90.834487,37.607782],[90.957218,37.519416],[91.073749,37.487945],[91.234979,37.195404],[91.316318,37.118975],[91.287586,37.013503],[91.05499,36.945135],[90.80777,36.910564],[90.712376,36.8215],[90.688139,36.698484],[90.80529,36.558518],[91.006724,36.503483],[91.135761,36.140637],[91.111318,36.073922],[90.829371,36.010412],[90.622665,36.111129],[90.165691,36.129242],[90.013762,36.252775],[89.972007,36.104928],[89.866794,36.065603],[89.677813,36.081958],[89.514671,36.053252],[89.435141,35.987804],[89.484647,35.880187],[89.581437,35.839777],[89.788763,35.826857],[89.690267,35.508582],[89.73011,35.443651],[89.484337,35.34221],[89.45483,35.212838],[89.57167,35.073312],[89.583607,34.940917],[89.787677,34.926396],[89.825246,34.84609],[89.723909,34.739637],[89.840284,34.383328],[89.786592,34.198533],[89.636731,34.093371],[89.741892,33.909507],[89.877233,33.822742],[89.975108,33.630557],[90.140576,33.578209],[90.203208,33.500074],[90.205688,33.401502],[90.3232,33.288718],[90.436268,33.282181],[90.660337,33.155858],[90.80405,33.140536],[90.949932,33.239393],[91.127906,33.254327],[91.189194,33.336958],[91.361587,33.336958],[91.376469,33.271251],[91.542661,33.080333],[91.720324,32.982509],[91.813135,32.968272],[91.976846,32.848615],[92.08609,32.885642],[92.196109,32.86864],[92.221379,32.744978],[92.465809,32.769421],[92.649983,32.740431],[93.005931,32.734617],[93.031252,32.66351],[93.218527,32.65979],[93.345341,32.577702],[93.510396,32.516103],[93.597161,32.564576],[93.734155,32.572457],[93.877402,32.495381],[94.110773,32.478225],[94.316858,32.540753],[94.582217,32.672192],[94.75523,32.535456],[94.938939,32.42815],[94.951342,32.337225],[95.061826,32.261209],[95.259075,32.244079],[95.382116,32.170052],[95.425266,32.09476],[95.354314,31.954406],[95.406766,31.810668],[95.497096,31.741655],[95.592698,31.761576],[95.848858,31.714266],[96.094218,31.700546],[96.182636,31.871156],[96.278186,31.90906],[96.483238,31.753463],[96.795415,31.715455],[96.752885,31.838677],[96.754126,31.973837],[97.018089,32.022904],[97.124077,32.009338],[97.25487,32.075794],[97.254405,32.203952],[97.359773,32.260486],[97.393156,32.384974],[97.360859,32.500187],[97.562293,32.484348],[97.630868,32.444092],[97.715721,32.54419],[97.430673,32.70033],[97.360962,32.897036],[97.504261,33.045606],[97.50054,33.194357],[97.615675,33.328379],[97.724299,33.406127],[97.539297,33.453721],[97.477389,33.562241],[97.390521,33.611385],[97.383545,33.869871],[97.610249,33.930875],[97.69567,34.005237],[97.745073,33.864858],[97.819074,33.864187],[98.034926,33.959788],[98.211814,33.939453],[98.30168,33.845841],[98.457949,33.840105],[98.645845,33.676162],[98.633287,33.607716],[98.73571,33.489765],[98.772917,33.302722],[98.852085,33.174875],[99.100649,33.072452],[99.225293,32.998916],[99.289371,32.88714],[99.50941,32.835438],[99.698545,32.744617],[99.76929,32.921763],[99.840966,32.957007],[100.046896,32.935484],[100.158621,32.782263],[100.119036,32.670874],[100.223165,32.636897],[100.254997,32.725806],[100.399433,32.758388],[100.560922,32.563336],[100.47302,32.485278],[100.603038,32.451224],[100.697089,32.685731],[100.902193,32.630463],[101.170807,32.688341],[101.23194,32.85771],[101.131429,32.938352],[101.164141,33.128082],[101.220003,33.170611],[101.445157,33.235853],[101.643646,33.127772],[101.726949,33.267789],[101.665144,33.320395],[101.691085,33.420286],[101.77754,33.530047],[101.613364,33.511857],[101.57688,33.630506],[101.495593,33.704636],[101.39963,33.645078],[101.160265,33.664147],[101.129466,33.850647],[100.947978,33.929764],[100.791709,34.154866],[100.81548,34.2946],[100.935266,34.386325],[101.035828,34.338938],[101.256021,34.300491],[101.323666,34.259511],[101.611659,34.191247],[101.780382,34.067507],[101.862548,34.141379],[102.011996,34.177604],[102.07654,34.266978],[102.212345,34.351547],[102.150282,34.495078],[101.793353,34.631892],[101.755061,34.70367],[101.923216,34.787283],[101.912829,34.844798],[102.00936,34.942131],[102.267122,35.055871],[102.375591,35.203691],[102.289292,35.406935],[102.426441,35.435305],[102.534961,35.535635],[102.702186,35.524034],[102.721307,35.619066],[102.679862,35.756836],[102.700326,35.839466],[102.837527,35.860757],[102.97602,35.833291],[102.999533,35.990749],[102.933283,36.086066],[103.040357,36.216498],[102.818562,36.326052],[102.769727,36.497566],[102.698156,36.608877],[102.610822,36.657194],[102.674746,36.80163],[102.460134,36.955652],[102.550619,37.16383],[102.426648,37.278061],[102.032666,37.478901],[102.067238,37.548303],[101.937065,37.730695],[101.765603,37.524971],[101.64654,37.611865],[101.292918,37.798933],[101.049781,37.96373],[100.635749,38.1054],[100.554307,38.252084],[100.357833,38.307042],[100.140792,38.485842],[100.08307,38.394504],[100.079039,38.278439],[99.799883,38.365721],[99.557159,38.515375],[99.496335,38.601107],[99.099254,38.889642],[99.094758,38.957777],[98.962105,38.981755],[98.781909,39.067693],[98.60223,38.947597],[98.444565,38.957312],[98.324314,39.023251],[98.262561,38.931681],[98.068619,38.801844],[97.362564,39.150427],[97.137461,39.203163],[97.02646,39.196212],[96.962537,39.103247],[96.991114,38.996793],[96.971218,38.567259],[96.945483,38.358227],[96.845076,38.356419],[96.510368,38.470107],[96.502616,38.549017],[96.315496,38.626945],[96.054788,38.678828],[96.007608,38.751692],[95.72163,38.874733],[95.565774,39.015242],[95.460923,39.046609],[95.305325,39.182777],[95.057175,39.147456],[94.724637,39.23683],[94.631051,39.29538],[94.479329,39.317833],[94.116974,39.321941],[93.908925,39.285639],[93.722063,39.306748],[93.502024,39.271918],[93.27563,39.188719],[93.140341,39.198745],[92.935961,39.152856]]]},"properties":{"LOCATION_TYPE":"level1","ADM0_A3":"CHN","LOCATION_ID":"CHN-QH","NAME":"Qinghai","TYPE_EN":"Province"}},
{"type":"Feature","geometry":{"type":"Polygon","coordinates":[[[114.154097,40.742578],[114.026973,40.635169],[114.043768,40.487994],[113.676607,40.42854],[113.518322,40.343739],[113.334147,40.318728],[113.229864,40.416655],[112.961405,40.355857],[112.84379,40.225659],[112.734235,40.172845],[112.399217,40.288342],[112.279276,40.228966],[112.098977,40.00544],[111.921469,39.688844],[111.761168,39.598048],[111.489919,39.652154],[111.342692,39.444414],[111.110045,39.385193],[111.22487,39.310547],[111.118003,39.067435],[110.995013,39.003847],[110.980337,38.816649],[110.871817,38.621364],[110.899412,38.545451],[110.671209,38.31699],[110.511219,38.20219],[110.515043,37.954996],[110.753064,37.745758],[110.788773,37.561429],[110.630281,37.396632],[110.665008,37.282272],[110.460059,37.051279],[110.389469,37.021952],[110.397531,36.781373],[110.483158,36.593012],[110.496129,36.484078],[110.458974,36.349409],[110.447243,36.141877],[110.51096,35.886854],[110.560415,35.849182],[110.619843,35.597259],[110.424816,35.294228],[110.335415,35.198007],[110.259658,34.944767],[110.252268,34.663259],[110.336036,34.615846],[110.530546,34.583677],[110.883806,34.666101],[111.025709,34.747492],[111.331272,34.840923],[111.557666,34.863402],[111.62221,34.947273],[111.829433,35.082562],[112.061098,35.108477],[112.058463,35.23449],[112.525979,35.220279],[112.682456,35.311178],[112.807616,35.241984],[112.902752,35.240588],[113.019799,35.328593],[113.12956,35.352287],[113.491295,35.52548],[113.609944,35.646067],[113.584726,35.686866],[113.627566,35.953232],[113.687149,36.055732],[113.672886,36.221459],[113.721049,36.355869],[113.535117,36.483381],[113.547364,36.548519],[113.458739,36.6358],[113.453933,36.736621],[113.607774,36.769074],[113.679242,36.8716],[113.776032,36.890617],[113.754328,37.114944],[113.857681,37.208944],[113.886723,37.296122],[114.053121,37.50058],[114.100405,37.69819],[114.026353,37.750771],[113.891477,37.949467],[113.790657,38.152865],[113.557906,38.243428],[113.518012,38.377606],[113.534497,38.537286],[113.825125,38.810267],[113.760219,38.909202],[113.85334,39.072292],[114.01271,39.118827],[114.216316,39.069037],[114.393979,39.169341],[114.420334,39.299979],[114.540947,39.531231],[114.402144,39.658458],[114.382817,39.861056],[114.085988,39.916918],[113.935919,40.015723],[113.995967,40.131814],[114.085367,40.185015],[114.450306,40.293768],[114.433667,40.360534],[114.285769,40.378569],[114.257553,40.54998],[114.15172,40.67359],[114.154097,40.742578]]]},"properties":{"LOCATION_TYPE":"level1","ADM0_A3":"CHN","LOCATION_ID":"CHN-SX","NAME":"Shanxi","TYPE_EN":"Province"}},
{"type":"Feature","geometry":{"type":"Polygon","coordinates":[[[113.927548,25.448111],[114.01209,25.435114],[114.026043,25.267657],[114.114978,25.30843],[114.278844,25.291816],[114.429222,25.38597],[114.580479,25.360054],[114.706932,25.289568],[114.683057,25.163451],[114.729307,25.118881],[114.413513,24.97969],[114.301633,24.758644],[114.192338,24.695263],[114.424882,24.49959],[114.498107,24.55584],[114.74047,24.625241],[114.862684,24.587828],[114.944643,24.669967],[115.046963,24.706658],[115.139102,24.684153],[115.239664,24.746113],[115.420583,24.78456],[115.599177,24.609067],[115.705785,24.545711],[115.799216,24.572738],[115.74909,24.74774],[115.787279,24.860912],[115.887531,24.916774],[115.842831,25.194742],[115.97874,25.35083],[116.027574,25.636368],[116.123693,25.764242],[116.135165,25.866328],[116.323215,25.955109],[116.419282,26.152874],[116.398973,26.287543],[116.501654,26.407045],[116.594465,26.395082],[116.619476,26.492078],[116.542323,26.562798],[116.504961,26.689301],[116.545269,26.867869],[116.669706,26.986906],[116.923437,27.021012],[117.040123,27.109534],[117.153811,27.276397],[117.101101,27.346652],[117.112263,27.56762],[117.287136,27.77262],[117.284242,27.857034],[117.544433,27.966665],[117.605256,27.866155],[117.745557,27.81329],[117.823434,27.937261],[118.0613,27.979016],[118.130702,28.040537],[118.367793,28.099706],[118.34888,28.219802],[118.446445,28.288687],[118.476262,28.33225],[118.425516,28.6952],[118.229042,28.954538],[118.063936,29.050553],[118.000787,29.143932],[118.051999,29.275319],[118.132356,29.297928],[118.17473,29.407869],[118.113442,29.518664],[117.985905,29.57202],[117.707679,29.555638],[117.52738,29.622352],[117.402168,29.773067],[117.274268,29.829472],[117.225538,29.906676],[117.125182,29.910552],[117.067098,29.840582],[117.079087,29.710202],[116.955063,29.653901],[116.888349,29.560522],[116.748564,29.544864],[116.648467,29.627417],[116.674977,29.708006],[116.797915,29.755936],[116.886799,29.920422],[116.791404,30.022018],[116.650482,30.050673],[116.492507,29.884714],[116.389516,29.876058],[116.236192,29.781335],[116.147257,29.788776],[115.998997,29.744128],[115.855905,29.738599],[115.705165,29.860813],[115.486212,29.864276],[115.416862,29.711701],[115.272065,29.614653],[114.972755,29.559953],[114.895189,29.520188],[114.818243,29.393865],[114.708689,29.389524],[114.46953,29.317927],[114.308145,29.354539],[114.246546,29.248913],[114.063457,29.203153],[113.902381,29.06634],[113.905172,28.955985],[114.01209,28.912913],[114.142728,28.788501],[114.112808,28.615515],[114.226858,28.408964],[114.184483,28.29308],[114.091879,28.257707],[114.013796,28.106476],[113.916489,28.021184],[113.73681,27.981574],[113.700998,27.818948],[113.562092,27.590564],[113.600126,27.368226],[113.66746,27.329547],[113.850963,27.345902],[113.823575,27.228674],[113.754018,27.141858],[113.892408,26.945332],[113.831636,26.827484],[113.864709,26.655867],[114.085057,26.577499],[114.068418,26.453709],[113.939485,26.209434],[114.062837,26.177782],[114.162159,26.221371],[114.213525,26.169772],[114.041442,26.068848],[114.018291,25.934619],[113.907187,25.749772],[113.982428,25.581669],[113.927548,25.448111]]]},"properties":{"LOCATION_TYPE":"level1","ADM0_A3":"CHN","LOCATION_ID":"CHN-JX","NAME":"Jiangxi","TYPE_EN":"Province"}},
{"type":"Feature","geometry":{"type":"Polygon","coordinates":[[[115.460322,36.157871],[115.349683,36.082191],[115.245245,36.161359],[115.10608,36.184562],[115.033837,36.100949],[114.707242,36.152781],[114.548388,36.139035],[114.343078,36.244713],[114.156268,36.246677],[113.989301,36.359021],[113.721049,36.355869],[113.672886,36.221459],[113.687149,36.055732],[113.627566,35.953232],[113.584726,35.686866],[113.609944,35.646067],[113.491295,35.52548],[113.12956,35.352287],[113.019799,35.328593],[112.902752,35.240588],[112.807616,35.241984],[112.682456,35.311178],[112.525979,35.220279],[112.058463,35.23449],[112.061098,35.108477],[111.829433,35.082562],[111.62221,34.947273],[111.557666,34.863402],[111.331272,34.840923],[111.025709,34.747492],[110.883806,34.666101],[110.530546,34.583677],[110.336036,34.615846],[110.327664,34.479808],[110.478663,34.326381],[110.433807,34.261397],[110.606665,34.170499],[110.593643,34.065337],[110.642373,33.980303],[110.593798,33.879741],[110.74924,33.802795],[110.792132,33.705126],[110.968245,33.598828],[111.015581,33.374449],[110.974601,33.266471],[111.108805,33.148029],[111.216344,32.976489],[111.210142,32.930213],[111.363311,32.824767],[111.507437,32.682062],[111.531622,32.611085],[111.711197,32.600233],[111.779255,32.520367],[112.053347,32.454841],[112.285787,32.350635],[112.533938,32.376758],[112.750875,32.349783],[113.065688,32.417376],[113.182994,32.413319],[113.43595,32.288753],[113.527675,32.296685],[113.616404,32.385672],[113.729213,32.419262],[113.78275,32.359369],[113.752365,32.137599],[113.794377,31.972519],[113.861712,31.862707],[113.959587,31.83183],[113.971989,31.746564],[114.143969,31.84754],[114.267372,31.808731],[114.361836,31.734265],[114.555675,31.737675],[114.547872,31.572879],[114.638202,31.568022],[114.766566,31.490481],[114.998852,31.477614],[115.12856,31.594532],[115.213464,31.545594],[115.218528,31.447486],[115.374023,31.41754],[115.389732,31.511746],[115.531532,31.736384],[115.662946,31.783952],[115.901329,31.794494],[115.928149,32.024583],[115.888462,32.393863],[115.693848,32.491815],[115.646616,32.402441],[115.56476,32.402441],[115.366736,32.559512],[115.199305,32.591473],[115.184732,32.859054],[114.925213,32.958247],[114.886559,33.083407],[114.969189,33.123741],[115.142822,33.08426],[115.250981,33.12064],[115.345342,33.250606],[115.31568,33.373984],[115.442597,33.548082],[115.63473,33.591826],[115.573545,33.750188],[115.629924,33.838762],[115.56135,33.898138],[115.653644,34.048413],[115.732967,34.06557],[115.841126,34.006917],[115.961377,34.000147],[115.970679,33.904804],[116.079613,33.778352],[116.182035,33.71833],[116.420677,33.790832],[116.445327,33.845015],[116.64118,33.953225],[116.542944,34.120915],[116.55209,34.286848],[116.400988,34.275014],[116.156714,34.447303],[116.151288,34.566728],[116.043749,34.600214],[115.816425,34.57143],[115.706767,34.600266],[115.541713,34.577528],[115.435776,34.675713],[115.429265,34.779712],[115.317644,34.842835],[115.216048,34.835729],[115.1745,34.944172],[114.997767,35.007786],[114.834211,35.016183],[114.864286,35.188705],[114.941749,35.218833],[115.068357,35.380115],[115.226538,35.416236],[115.345032,35.496257],[115.395055,35.615759],[115.504247,35.722833],[115.617987,35.731256],[115.965718,35.985917],[115.828724,36.031031],[115.738703,35.968606],[115.468229,35.912925],[115.423994,35.994599],[115.460322,36.157871]]]},"properties":{"LOCATION_TYPE":"level1","ADM0_A3":"CHN","LOCATION_ID":"CHN-HA","NAME":"Henan","TYPE_EN":"Province"}},
{"type":"Feature","geometry":{"type":"Polygon","coordinates":[[[109.593962,31.737598],[109.724497,31.63608],[109.73261,31.561123],[109.929497,31.518722],[110.108246,31.398032],[110.174857,31.188665],[110.107626,31.122338],[110.127676,30.906408],[110.066233,30.82848],[109.870689,30.88858],[109.748578,30.835353],[109.639799,30.717944],[109.394181,30.583741],[109.179259,30.566791],[108.964646,30.607486],[108.868425,30.551365],[108.433206,30.487287],[108.380599,30.399695],[108.532011,30.315488],[108.538213,29.885463],[108.400443,29.831074],[108.512633,29.721855],[108.61304,29.858023],[108.696032,29.698162],[108.872042,29.638966],[108.872042,29.50161],[108.920566,29.348984],[109.014152,29.307488],[109.206595,29.104244],[109.269227,29.24235],[109.338164,29.289685],[109.432318,29.533908],[109.700002,29.655735],[109.783201,29.73493],[110.103905,29.785417],[110.361667,29.650103],[110.446727,29.726687],[110.591162,29.771361],[110.500573,29.86257],[110.46316,30.013982],[110.543361,30.055013],[110.715599,30.02964],[110.741851,30.096174],[111.246161,30.031733],[111.414988,29.925796],[111.5849,29.904351],[111.76861,29.919595],[111.923639,29.856395],[112.170032,29.649043],[112.363095,29.572175],[112.443917,29.641369],[112.648143,29.6269],[112.886164,29.791774],[112.945592,29.709298],[112.908488,29.600803],[113.008121,29.518095],[113.145683,29.472077],[113.415848,29.764566],[113.519511,29.841667],[113.53615,29.685734],[113.634697,29.684829],[113.729369,29.437092],[113.587723,29.293794],[113.654903,29.124037],[113.772828,29.125303],[113.902381,29.06634],[114.063457,29.203153],[114.246546,29.248913],[114.308145,29.354539],[114.46953,29.317927],[114.708689,29.389524],[114.818243,29.393865],[114.895189,29.520188],[114.972755,29.559953],[115.272065,29.614653],[115.416862,29.711701],[115.486212,29.864276],[115.705165,29.860813],[115.855905,29.738599],[115.998997,29.744128],[116.147257,29.788776],[116.078062,29.968714],[116.040494,30.221437],[115.912026,30.315592],[115.876783,30.389799],[115.946649,30.488294],[115.767849,30.688153],[115.86221,30.78484],[115.858644,30.860959],[116.035998,30.988884],[115.876938,31.129366],[115.768366,31.143552],[115.668733,31.217216],[115.549981,31.182696],[115.374023,31.41754],[115.218528,31.447486],[115.213464,31.545594],[115.12856,31.594532],[114.998852,31.477614],[114.766566,31.490481],[114.638202,31.568022],[114.547872,31.572879],[114.555675,31.737675],[114.361836,31.734265],[114.267372,31.808731],[114.143969,31.84754],[113.971989,31.746564],[113.959587,31.83183],[113.861712,31.862707],[113.794377,31.972519],[113.752365,32.137599],[113.78275,32.359369],[113.729213,32.419262],[113.616404,32.385672],[113.527675,32.296685],[113.43595,32.288753],[113.182994,32.413319],[113.065688,32.417376],[112.750875,32.349783],[112.533938,32.376758],[112.285787,32.350635],[112.053347,32.454841],[111.779255,32.520367],[111.711197,32.600233],[111.531622,32.611085],[111.507437,32.682062],[111.363311,32.824767],[111.210142,32.930213],[111.216344,32.976489],[111.108805,33.148029],[110.974601,33.266471],[110.823448,33.19893],[110.711258,33.108109],[110.604495,33.153894],[110.547392,33.245335],[110.432257,33.173066],[110.23444,33.156323],[110.094293,33.213322],[109.659694,33.264094],[109.515672,33.237067],[109.491023,33.145006],[109.75726,33.080074],[109.739586,32.930006],[109.899111,32.914425],[110.095844,32.841252],[110.168294,32.62235],[110.000862,32.551941],[109.879526,32.591629],[109.634838,32.590647],[109.579441,32.541218],[109.561303,32.405025],[109.487405,32.335934],[109.619025,32.188914],[109.666309,32.043006],[109.610188,31.927302],[109.593962,31.737598]]]},"properties":{"LOCATION_TYPE":"level1","ADM0_A3":"CHN","LOCATION_ID":"CHN-HB","NAME":"Hubei","TYPE_EN":"Province"}},
{"type":"Feature","geometry":{"type":"Polygon","coordinates":[[[119.629784,31.13288],[119.362771,31.19236],[119.316831,31.266722],[119.162887,31.287445],[119.074727,31.238843],[118.816086,31.226337],[118.751026,31.357957],[118.827249,31.397541],[118.88094,31.522443],[118.860477,31.627372],[118.680746,31.646751],[118.684363,31.700856],[118.476882,31.79023],[118.481068,31.858702],[118.35198,31.946681],[118.383141,32.053961],[118.499052,32.137677],[118.514399,32.199766],[118.65036,32.237878],[118.667878,32.453213],[118.551813,32.574446],[118.751853,32.612506],[118.891327,32.595685],[119.080515,32.446082],[119.199371,32.593721],[119.190379,32.711234],[118.992975,32.962045],[118.857376,32.972303],[118.748235,32.838539],[118.720175,32.732137],[118.399109,32.730897],[118.299684,32.777405],[118.239016,32.923701],[118.218035,33.179913],[118.080731,33.149553],[117.931851,33.235129],[118.176746,33.692621],[118.123674,33.766001],[117.752224,33.72435],[117.745557,33.882273],[117.650886,33.982474],[117.503453,34.049757],[117.391729,34.031256],[117.321294,34.07885],[117.159443,34.091175],[117.033921,34.155538],[116.949482,34.389297],[116.802256,34.400071],[116.769545,34.451825],[116.624851,34.485001],[116.428119,34.639695],[116.377217,34.63954],[116.266888,34.576701],[116.151288,34.566728],[116.156714,34.447303],[116.400988,34.275014],[116.55209,34.286848],[116.542944,34.120915],[116.64118,33.953225],[116.445327,33.845015],[116.420677,33.790832],[116.182035,33.71833],[116.079613,33.778352],[115.970679,33.904804],[115.961377,34.000147],[115.841126,34.006917],[115.732967,34.06557],[115.653644,34.048413],[115.56135,33.898138],[115.629924,33.838762],[115.573545,33.750188],[115.63473,33.591826],[115.442597,33.548082],[115.31568,33.373984],[115.345342,33.250606],[115.250981,33.12064],[115.142822,33.08426],[114.969189,33.123741],[114.886559,33.083407],[114.925213,32.958247],[115.184732,32.859054],[115.199305,32.591473],[115.366736,32.559512],[115.56476,32.402441],[115.646616,32.402441],[115.693848,32.491815],[115.888462,32.393863],[115.928149,32.024583],[115.901329,31.794494],[115.662946,31.783952],[115.531532,31.736384],[115.389732,31.511746],[115.374023,31.41754],[115.549981,31.182696],[115.668733,31.217216],[115.768366,31.143552],[115.876938,31.129366],[116.035998,30.988884],[115.858644,30.860959],[115.86221,30.78484],[115.767849,30.688153],[115.946649,30.488294],[115.876783,30.389799],[115.912026,30.315592],[116.040494,30.221437],[116.078062,29.968714],[116.147257,29.788776],[116.236192,29.781335],[116.389516,29.876058],[116.492507,29.884714],[116.650482,30.050673],[116.791404,30.022018],[116.886799,29.920422],[116.797915,29.755936],[116.674977,29.708006],[116.648467,29.627417],[116.748564,29.544864],[116.888349,29.560522],[116.955063,29.653901],[117.079087,29.710202],[117.067098,29.840582],[117.125182,29.910552],[117.225538,29.906676],[117.274268,29.829472],[117.402168,29.773067],[117.52738,29.622352],[117.707679,29.555638],[117.985905,29.57202],[118.113442,29.518664],[118.17473,29.407869],[118.373219,29.452828],[118.556929,29.62522],[118.723741,29.730201],[118.741311,29.828361],[118.893963,29.982589],[118.852725,30.159271],[118.909466,30.222212],[118.934684,30.352127],[119.057519,30.311871],[119.210688,30.313731],[119.362875,30.404475],[119.32081,30.518163],[119.241539,30.550849],[119.350627,30.675363],[119.443128,30.639215],[119.574955,30.847058],[119.629784,31.13288]]]},"properties":{"LOCATION_TYPE":"level1","ADM0_A3":"CHN","LOCATION_ID":"CHN-AH","NAME":"Anhui","TYPE_EN":"Province"}}
]}