{"type":"FeatureCollection", "features": [
{"type":"Feature","geometry":{"type":"Polygon","coordinates":[[[-7.415755,54.944372],[-7.262239,54.913858],[-7.109509,54.813838],[-7.01029,54.815517],[-7.053104,54.911326],[-7.174182,55.031577],[-7.149888,55.048657],[-7.355024,55.040931],[-7.415755,54.944372]]]},"properties":{"LOCATION_TYPE":"level1","ADM0_A3":"GBR","LOCATION_ID":"GBR-DRY","NAME":"Derry","TYPE_EN":"London Borough (city)"}},
{"type":"Feature","geometry":{"type":"Polygon","coordinates":[[[-7.415755,54.944372],[-7.470831,54.845284],[-7.551705,54.754695],[-7.649683,54.744877],[-7.736603,54.707463],[-7.845899,54.731027],[-7.906619,54.661316],[-7.707951,54.604763],[-7.693375,54.60075],[-7.482535,54.651031],[-7.205575,54.752731],[-7.109741,54.748855],[-7.000058,54.777174],[-6.929752,54.767717],[-6.917479,54.815828],[-7.01029,54.815517],[-7.109509,54.813838],[-7.262239,54.913858],[-7.415755,54.944372]]]},"properties":{"LOCATION_TYPE":"level1","ADM0_A3":"GBR","LOCATION_ID":"GBR-STB","NAME":"Strabane","TYPE_EN":"District"}},
{"type":"Feature","geometry":{"type":"Polygon","coordinates":[[[-7.707951,54.604763],[-7.887137,54.532125],[-8.002194,54.543442],[-8.156035,54.439055],[-8.079941,54.380196],[-7.894966,54.293586],[-7.836959,54.204341],[-7.70477,54.200362],[-7.609014,54.139901],[-7.502302,54.125121],[-7.439619,54.146929],[-7.310324,54.114683],[-7.229502,54.207545],[-7.14589,54.25209],[-7.209038,54.293431],[-7.18947,54.335692],[-7.253092,54.32826],[-7.364455,54.430218],[-7.508063,54.404948],[-7.559223,54.429107],[-7.578653,54.505511],[-7.548914,54.565223],[-7.693375,54.60075],[-7.707951,54.604763]]]},"properties":{"LOCATION_TYPE":"level1","ADM0_A3":"GBR","LOCATION_ID":"GBR-FER","NAME":"Fermanagh","TYPE_EN":"District"}},
{"type":"Feature","geometry":{"type":"Polygon","coordinates":[[[-6.870015,54.326001],[-6.795885,54.41301],[-6.554711,54.463343],[-6.527813,54.539772],[-6.637806,54.565765],[-6.714778,54.551348],[-6.823919,54.575791],[-6.96143,54.576617],[-6.972799,54.538015],[-7.125322,54.46882],[-7.364455,54.430218],[-7.253092,54.32826],[-7.18947,54.335692],[-7.049255,54.411512],[-6.984091,54.403089],[-6.870015,54.326001]]]},"properties":{"LOCATION_TYPE":"level1","ADM0_A3":"GBR","LOCATION_ID":"GBR-DGN","NAME":"Dungannon","TYPE_EN":"District"}},
{"type":"Feature","geometry":{"type":"Polygon","coordinates":[[[-6.870015,54.326001],[-6.823946,54.23235],[-6.744777,54.184187],[-6.648448,54.173665],[-6.605302,54.218293],[-6.445027,54.268264],[-6.36002,54.276894],[-6.405288,54.393838],[-6.462236,54.378283],[-6.554711,54.463343],[-6.795885,54.41301],[-6.870015,54.326001]]]},"properties":{"LOCATION_TYPE":"level1","ADM0_A3":"GBR","LOCATION_ID":"GBR-ARM","NAME":"Armagh","TYPE_EN":"District"}},
{"type":"Feature","geometry":{"type":"Polygon","coordinates":[[[-6.648448,54.173665],[-6.672534,54.068432],[-6.616465,54.037271],[-6.47854,54.067709],[-6.377513,54.063264],[-6.28465,54.105226],[-6.040517,54.036444],[-5.911977,54.091295],[-5.866038,54.184149],[-5.966142,54.19354],[-6.045336,54.246612],[-6.192278,54.246043],[-6.36002,54.276894],[-6.445027,54.268264],[-6.605302,54.218293],[-6.648448,54.173665]]]},"properties":{"LOCATION_TYPE":"level1","ADM0_A3":"GBR","LOCATION_ID":"GBR-NYM","NAME":"Newry and Mourne","TYPE_EN":"District"}},
{"type":"Feature","geometry":{"type":"Polygon","coordinates":[[[-3.084543,53.258572],[-3.330312,53.351793],[-3.360462,53.351146],[-3.382114,53.297419],[-3.340876,53.218819],[-3.251992,53.151846],[-3.191453,53.147971],[-3.12275,53.066374],[-2.956797,53.144604],[-2.913564,53.183422],[-3.019759,53.246699],[-3.084543,53.258572]]]},"properties":{"LOCATION_TYPE":"level1","ADM0_A3":"GBR","LOCATION_ID":"GBR-FLN","NAME":"Flintshire","TYPE_EN":"Unitary Authority (wales)"}},
{"type":"Feature","geometry":{"type":"Polygon","coordinates":[[[-2.956797,53.144604],[-2.897364,53.102238],[-2.850545,53.017178],[-2.727731,52.96654],[-2.622806,52.985758],[-2.667483,53.048345],[-2.653353,53.090736],[-2.48944,53.147258],[-2.410309,53.23204],[-2.50904,53.330854],[-2.56945,53.312302],[-2.627918,53.294214],[-2.775502,53.299872],[-2.926414,53.304814],[-3.095944,53.287143],[-3.084543,53.258572],[-3.019759,53.246699],[-2.913564,53.183422],[-2.956797,53.144604]]]},"properties":{"LOCATION_TYPE":"level1","ADM0_A3":"GBR","LOCATION_ID":"GBR-CHW","NAME":"Cheshire West and Chester","TYPE_EN":"Unitary Authority"}},
{"type":"Feature","geometry":{"type":"Polygon","coordinates":[[[-2.956797,53.144604],[-3.12275,53.066374],[-3.141198,52.997231],[-3.200471,52.937984],[-3.311265,52.932842],[-3.390744,52.867368],[-3.2422,52.779104],[-3.14043,52.796341],[-3.128357,52.880003],[-3.00392,52.949844],[-2.847961,52.937287],[-2.77949,52.900571],[-2.727731,52.96654],[-2.850545,53.017178],[-2.897364,53.102238],[-2.956797,53.144604]]]},"properties":{"LOCATION_TYPE":"level1","ADM0_A3":"GBR","LOCATION_ID":"GBR-WRX","NAME":"Wrexham","TYPE_EN":"Unitary Authority (wales)"}},
{"type":"Feature","geometry":{"type":"Polygon","coordinates":[[[-3.14043,52.796341],[-2.961494,52.733733],[-3.124042,52.566534],[-3.030844,52.4969],[-3.190317,52.46884],[-3.199309,52.412513],[-3.070557,52.346573],[-2.957414,52.341183],[-2.838917,52.391324],[-2.695024,52.303552],[-2.640893,52.332207],[-2.525318,52.339674],[-2.327527,52.389671],[-2.28616,52.444577],[-2.255025,52.518293],[-2.23146,52.669137],[-2.293084,52.680196],[-2.323961,52.747737],[-2.424575,52.607022],[-2.640557,52.721227],[-2.64619,52.758537],[-2.396592,52.821582],[-2.449457,52.885506],[-2.378816,52.989557],[-2.52723,52.947156],[-2.622806,52.985758],[-2.727731,52.96654],[-2.77949,52.900571],[-2.847961,52.937287],[-3.00392,52.949844],[-3.128357,52.880003],[-3.14043,52.796341]]]},"properties":{"LOCATION_TYPE":"level1","ADM0_A3":"GBR","LOCATION_ID":"GBR-SHR","NAME":"Shropshire","TYPE_EN":"Unitary Single-Tier County"}},
{"type":"Feature","geometry":{"type":"Polygon","coordinates":[[[-3.14043,52.796341],[-3.2422,52.779104],[-3.390744,52.867368],[-3.470015,52.861942],[-3.577528,52.819102],[-3.571689,52.730528],[-3.601454,52.695492],[-3.796972,52.674666],[-3.837822,52.599115],[-3.927455,52.553175],[-3.829192,52.532711],[-3.813121,52.481345],[-3.720052,52.420211],[-3.662252,52.33939],[-3.731162,52.318822],[-3.75253,52.178521],[-3.741161,52.121625],[-3.643648,52.031346],[-3.695583,51.988817],[-3.711292,51.881795],[-3.799995,51.785263],[-3.763382,51.75772],[-3.648351,51.779372],[-3.583729,51.75126],[-3.435159,51.816631],[-3.333848,51.789914],[-3.288993,51.793273],[-3.156856,51.81074],[-3.088669,51.829111],[-3.034977,51.886032],[-3.05125,51.983503],[-3.123758,52.075686],[-3.107661,52.172708],[-3.002525,52.257018],[-2.957414,52.341183],[-3.070557,52.346573],[-3.199309,52.412513],[-3.190317,52.46884],[-3.030844,52.4969],[-3.124042,52.566534],[-2.961494,52.733733],[-3.14043,52.796341]]]},"properties":{"LOCATION_TYPE":"level1","ADM0_A3":"GBR","LOCATION_ID":"GBR-POW","NAME":"Powys","TYPE_EN":"Unitary Authority (wales)"}},
{"type":"Feature","geometry":{"type":"Polygon","coordinates":[[[-3.05125,51.983503],[-2.952502,51.908693],[-2.873592,51.929209],[-2.728743,51.838387],[-2.648511,51.8214],[-2.434471,51.896626],[-2.481445,51.957966],[-2.351582,52.013931],[-2.349774,52.106691],[-2.410235,52.156868],[-2.406385,52.205754],[-2.527256,52.243039],[-2.606967,52.241747],[-2.640893,52.332207],[-2.695024,52.303552],[-2.838917,52.391324],[-2.957414,52.341183],[-3.002525,52.257018],[-3.107661,52.172708],[-3.123758,52.075686],[-3.05125,51.983503]]]},"properties":{"LOCATION_TYPE":"level1","ADM0_A3":"GBR","LOCATION_ID":"GBR-HEF","NAME":"Herefordshire","TYPE_EN":"Unitary Authority"}},
{"type":"Feature","geometry":{"type":"Polygon","coordinates":[[[-3.05125,51.983503],[-3.034977,51.886032],[-3.088669,51.829111],[-3.156856,51.81074],[-3.128486,51.794539],[-3.048801,51.783661],[-2.976324,51.709402],[-2.961312,51.627443],[-2.835015,51.649613],[-2.798096,51.563499],[-2.665354,51.617255],[-2.683733,51.726094],[-2.648511,51.8214],[-2.728743,51.838387],[-2.873592,51.929209],[-2.952502,51.908693],[-3.05125,51.983503]]]},"properties":{"LOCATION_TYPE":"level1","ADM0_A3":"GBR","LOCATION_ID":"GBR-MON","NAME":"Monmouthshire","TYPE_EN":"Unitary Authority (wales)"}},
{"type":"Feature","geometry":{"type":"Polygon","coordinates":[[[-2.665354,51.617255],[-2.581695,51.681708],[-2.53549,51.67295],[-2.379203,51.635763],[-2.271639,51.577162],[-2.148933,51.589358],[-2.057259,51.664108],[-1.749707,51.658785],[-1.683328,51.678603],[-1.675861,51.855233],[-1.61279,51.931611],[-1.652529,51.983933],[-1.715885,52.084935],[-1.75782,52.10576],[-1.827816,52.034395],[-1.970882,52.026075],[-2.030852,51.999927],[-2.143326,52.006283],[-2.234199,51.964115],[-2.351582,52.013931],[-2.481445,51.957966],[-2.434471,51.896626],[-2.648511,51.8214],[-2.683733,51.726094],[-2.665354,51.617255]]]},"properties":{"LOCATION_TYPE":"level1","ADM0_A3":"GBR","LOCATION_ID":"GBR-GLS","NAME":"Gloucestershire","TYPE_EN":"Administrative County"}},
{"type":"Feature","geometry":{"type":"Polygon","coordinates":[[[-2.022857,55.805487],[-2.14684,55.917304],[-2.360395,55.952681],[-2.435866,55.895219],[-2.59503,55.827704],[-2.654458,55.848271],[-2.820882,55.821658],[-2.942812,55.815198],[-3.120889,55.711897],[-3.23003,55.776337],[-3.360177,55.811684],[-3.395291,55.817317],[-3.457871,55.769619],[-3.394464,55.707711],[-3.479472,55.648542],[-3.485027,55.514958],[-3.534766,55.438012],[-3.500298,55.409667],[-3.34501,55.411889],[-3.285014,55.341067],[-3.207525,55.372176],[-3.104482,55.352177],[-3.034486,55.273009],[-2.945034,55.287995],[-2.872558,55.261899],[-2.889456,55.155213],[-2.850288,55.111295],[-2.685007,55.190827],[-2.625752,55.262519],[-2.462765,55.360395],[-2.359464,55.362513],[-2.325151,55.398118],[-2.182885,55.462404],[-2.278745,55.589063],[-2.162887,55.722801],[-2.022857,55.805487]]]},"properties":{"LOCATION_TYPE":"level1","ADM0_A3":"GBR","LOCATION_ID":"GBR-SCB","NAME":"Scottish Borders","TYPE_EN":"Unitary District"}},
{"type":"Feature","geometry":{"type":"Polygon","coordinates":[[[-2.685007,55.190827],[-2.481962,55.039121],[-2.560045,55.011888],[-2.5417,54.923004],[-2.593635,54.882723],[-2.563636,54.823553],[-2.500049,54.805234],[-2.399977,54.847195],[-2.305022,54.78322],[-2.21141,54.778569],[-2.129735,54.836886],[-1.993077,54.864662],[-1.866702,54.84828],[-1.820064,54.904659],[-1.749474,55.002741],[-1.64934,55.067664],[-1.493676,55.049095],[-1.455585,55.069712],[-1.522125,55.167467],[-1.520985,55.229397],[-1.570058,55.2862],[-1.58495,55.48371],[-1.630849,55.58511],[-1.768625,55.641913],[-1.821685,55.63642],[-2.022857,55.805487],[-2.162887,55.722801],[-2.278745,55.589063],[-2.182885,55.462404],[-2.325151,55.398118],[-2.359464,55.362513],[-2.462765,55.360395],[-2.625752,55.262519],[-2.685007,55.190827]]]},"properties":{"LOCATION_TYPE":"level1","ADM0_A3":"GBR","LOCATION_ID":"GBR-NBL","NAME":"Northumberland","TYPE_EN":"Unitary Single-Tier County"}},
{"type":"Feature","geometry":{"type":"Polygon","coordinates":[[[-2.850288,55.111295],[-2.953794,55.041034],[-3.015031,55.051525],[-3.050291,54.98151],[-3.122792,54.932685],[-3.276519,54.943427],[-3.387929,54.883368],[-3.439565,54.761461],[-3.500722,54.725979],[-3.634185,54.512885],[-3.474273,54.3935],[-3.404124,54.318549],[-3.407379,54.277737],[-3.306793,54.191881],[-3.206776,54.20893],[-3.240956,54.112128],[-3.117909,54.108832],[-3.061025,54.161933],[-2.836426,54.167602],[-2.792279,54.190775],[-2.671123,54.158555],[-2.447519,54.23023],[-2.30975,54.243279],[-2.306133,54.320509],[-2.244741,54.447995],[-2.155186,54.455643],[-2.163092,54.52799],[-2.285255,54.587986],[-2.290862,54.665759],[-2.353933,54.690771],[-2.305022,54.78322],[-2.399977,54.847195],[-2.500049,54.805234],[-2.563636,54.823553],[-2.593635,54.882723],[-2.5417,54.923004],[-2.560045,55.011888],[-2.481962,55.039121],[-2.685007,55.190827],[-2.850288,55.111295]]]},"properties":{"LOCATION_TYPE":"level1","ADM0_A3":"GBR","LOCATION_ID":"GBR-CMA","NAME":"Cumbria","TYPE_EN":"Administrative County"}},
{"type":"Feature","geometry":{"type":"Polygon","coordinates":[[[-2.850288,55.111295],[-2.889456,55.155213],[-2.872558,55.261899],[-2.945034,55.287995],[-3.034486,55.273009],[-3.104482,55.352177],[-3.207525,55.372176],[-3.285014,55.341067],[-3.34501,55.411889],[-3.500298,55.409667],[-3.567529,55.383855],[-3.571973,55.329646],[-3.642253,55.289649],[-3.708347,55.362719],[-3.825885,55.446332],[-3.983214,55.461008],[-4.094189,55.396051],[-4.085585,55.347165],[-4.188628,55.313833],[-4.296993,55.307736],[-4.348954,55.262725],[-4.403343,55.153016],[-4.4675,55.157822],[-4.538632,55.161336],[-4.647514,55.119685],[-4.630565,55.053849],[-4.870576,55.036615],[-4.924474,54.997987],[-5.032501,54.99372],[-5.170806,55.008694],[-5.175526,54.914618],[-5.128245,54.848944],[-4.954701,54.728502],[-4.953684,54.810004],[-4.85912,54.866278],[-4.596669,54.775295],[-4.505605,54.704657],[-4.405263,54.682074],[-4.348134,54.701972],[-4.347646,54.807318],[-4.239735,54.843004],[-4.122955,54.773017],[-3.964182,54.771918],[-3.823842,54.824693],[-3.844309,54.866278],[-3.598378,54.877997],[-3.583608,54.968085],[-3.453847,54.981757],[-3.135406,54.968085],[-3.050291,54.98151],[-3.015031,55.051525],[-2.953794,55.041034],[-2.850288,55.111295]]]},"properties":{"LOCATION_TYPE":"level1","ADM0_A3":"GBR","LOCATION_ID":"GBR-DGY","NAME":"Dumfries and Galloway","TYPE_EN":"Unitary District"}},
{"type":"Feature","geometry":{"type":"Polygon","coordinates":[[[-7.149888,55.048657],[-7.174182,55.031577],[-7.053104,54.911326],[-7.01029,54.815517],[-6.917479,54.815828],[-6.890013,54.851588],[-6.776971,54.86523],[-6.781131,54.911067],[-6.808649,54.968841],[-6.806995,55.070489],[-6.862263,55.125473],[-6.838415,55.175425],[-6.946685,55.19538],[-7.017201,55.071112],[-7.149888,55.048657]]]},"properties":{"LOCATION_TYPE":"level1","ADM0_A3":"GBR","LOCATION_ID":"GBR-LMV","NAME":"Limavady","TYPE_EN":"District"}},
{"type":"Feature","geometry":{"type":"Polygon","coordinates":[[[-6.838415,55.175425],[-6.862263,55.125473],[-6.806995,55.070489],[-6.808649,54.968841],[-6.781131,54.911067],[-6.520423,54.945122],[-6.581996,54.995222],[-6.613854,55.076638],[-6.515307,55.149089],[-6.546117,55.225188],[-6.754506,55.177802],[-6.838415,55.175425]]]},"properties":{"LOCATION_TYPE":"level1","ADM0_A3":"GBR","LOCATION_ID":"GBR-CLR","NAME":"Coleraine","TYPE_EN":"District"}},
{"type":"Feature","geometry":{"type":"Polygon","coordinates":[[[-6.546117,55.225188],[-6.515307,55.149089],[-6.324208,55.104105],[-6.22809,55.120512],[-6.192536,55.028269],[-6.101922,54.986877],[-5.980984,55.055653],[-6.054351,55.065131],[-6.037099,55.167914],[-6.100982,55.212388],[-6.255849,55.210883],[-6.352895,55.242621],[-6.475942,55.248684],[-6.546117,55.225188]]]},"properties":{"LOCATION_TYPE":"level1","ADM0_A3":"GBR","LOCATION_ID":"GBR-MYL","NAME":"Moyle","TYPE_EN":"District"}},
{"type":"Feature","geometry":{"type":"Polygon","coordinates":[[[-5.980984,55.055653],[-6.101922,54.986877],[-6.023632,54.934683],[-6.006966,54.798568],[-5.889196,54.76937],[-5.692096,54.770453],[-5.701975,54.824693],[-5.797597,54.84455],[-5.886342,54.940823],[-5.988271,54.988674],[-5.980984,55.055653]]]},"properties":{"LOCATION_TYPE":"level1","ADM0_A3":"GBR","LOCATION_ID":"GBR-LRN","NAME":"Larne","TYPE_EN":"District"}},
{"type":"Feature","geometry":{"type":"Polygon","coordinates":[[[-5.692096,54.770453],[-5.889196,54.76937],[-5.877915,54.682311],[-5.729319,54.728502],[-5.692096,54.770453]]]},"properties":{"LOCATION_TYPE":"level1","ADM0_A3":"GBR","LOCATION_ID":"GBR-CKF","NAME":"Carrickfergus","TYPE_EN":"District"}},
{"type":"Feature","geometry":{"type":"Polygon","coordinates":[[[-5.877915,54.682311],[-5.889196,54.76937],[-6.006966,54.798568],[-6.084223,54.791901],[-6.022495,54.662452],[-5.914337,54.646837],[-5.877915,54.682311]]]},"properties":{"LOCATION_TYPE":"level1","ADM0_A3":"GBR","LOCATION_ID":"GBR-NTA","NAME":"Newtownabbey","TYPE_EN":"District"}},
{"type":"Feature","geometry":{"type":"Polygon","coordinates":[[[-5.914337,54.646837],[-6.022495,54.662452],[-6.065877,54.622713],[-5.954747,54.554396],[-5.807805,54.614393],[-5.870471,54.6228],[-5.914337,54.646837]]]},"properties":{"LOCATION_TYPE":"level1","ADM0_A3":"GBR","LOCATION_ID":"GBR-BFS","NAME":"Belfast","TYPE_EN":"District"}},
{"type":"Feature","geometry":{"type":"Polygon","coordinates":[[[-5.870471,54.6228],[-5.807805,54.614393],[-5.756982,54.615788],[-5.650037,54.618837],[-5.564968,54.672301],[-5.747955,54.680406],[-5.870471,54.6228]]]},"properties":{"LOCATION_TYPE":"level1","ADM0_A3":"GBR","LOCATION_ID":"GBR-NDN","NAME":"North Down","TYPE_EN":"District"}},
{"type":"Feature","geometry":{"type":"Polygon","coordinates":[[[-5.564968,54.672301],[-5.650037,54.618837],[-5.756982,54.615788],[-5.818683,54.49161],[-5.715899,54.447168],[-5.638499,54.463568],[-5.706044,54.54267],[-5.671864,54.576809],[-5.547353,54.489081],[-5.57665,54.402777],[-5.461171,54.392076],[-5.433461,54.466254],[-5.478912,54.569485],[-5.564968,54.672301]]]},"properties":{"LOCATION_TYPE":"level1","ADM0_A3":"GBR","LOCATION_ID":"GBR-ARD","NAME":"Ards","TYPE_EN":"District"}},
{"type":"Feature","geometry":{"type":"Polygon","coordinates":[[[-5.638499,54.463568],[-5.715899,54.447168],[-5.818683,54.49161],[-5.868112,54.479104],[-5.950381,54.379678],[-5.947564,54.290485],[-6.045336,54.246612],[-5.966142,54.19354],[-5.866038,54.184149],[-5.86205,54.230536],[-5.61262,54.255561],[-5.553049,54.298529],[-5.550526,54.365424],[-5.661448,54.379584],[-5.638499,54.463568]]]},"properties":{"LOCATION_TYPE":"level1","ADM0_A3":"GBR","LOCATION_ID":"GBR-DOW","NAME":"Down","TYPE_EN":"District"}},
{"type":"Feature","geometry":{"type":"Polygon","coordinates":[[[-3.74649,56.072781],[-3.6306,56.128202],[-3.611686,56.198017],[-3.824412,56.192539],[-3.837473,56.107377],[-3.74649,56.072781]]]},"properties":{"LOCATION_TYPE":"level1","ADM0_A3":"GBR","LOCATION_ID":"GBR-CLK","NAME":"Clackmannanshire","TYPE_EN":"Unitary District"}},
{"type":"Feature","geometry":{"type":"Polygon","coordinates":[[[-3.837473,56.107377],[-3.824412,56.192539],[-3.996417,56.269124],[-4.099176,56.278529],[-4.219479,56.32912],[-4.186406,56.391339],[-4.175605,56.509471],[-4.28472,56.481307],[-4.322806,56.533294],[-4.600334,56.492418],[-4.639401,56.471799],[-4.803319,56.408288],[-4.833059,56.362865],[-4.649246,56.3208],[-4.680536,56.19843],[-4.598086,56.077818],[-4.4467,56.05384],[-4.458353,56.00299],[-4.364793,55.975602],[-4.287536,56.016607],[-4.125737,56.005522],[-4.011274,56.012189],[-3.92159,56.037329],[-3.739103,56.050705],[-3.837473,56.107377]]]},"properties":{"LOCATION_TYPE":"level1","ADM0_A3":"GBR","LOCATION_ID":"GBR-STG","NAME":"Stirling","TYPE_EN":"Unitary District"}},
{"type":"Feature","geometry":{"type":"Polygon","coordinates":[[[-3.739103,56.050705],[-3.92159,56.037329],[-4.011274,56.012189],[-3.808883,55.895219],[-3.667264,55.942167],[-3.598638,55.991053],[-3.505333,56.005595],[-3.656239,56.010199],[-3.739103,56.050705]]]},"properties":{"LOCATION_TYPE":"level1","ADM0_A3":"GBR","LOCATION_ID":"GBR-FAL","NAME":"Falkirk","TYPE_EN":"Unitary District"}},
{"type":"Feature","geometry":{"type":"Polygon","coordinates":[[[-3.505333,56.005595],[-3.598638,55.991053],[-3.667264,55.942167],[-3.808883,55.895219],[-3.745037,55.857986],[-3.73341,55.78352],[-3.611169,55.803829],[-3.457871,55.769619],[-3.395291,55.817317],[-3.393689,55.892196],[-3.4495,55.916122],[-3.449758,55.996771],[-3.505333,56.005595]]]},"properties":{"LOCATION_TYPE":"level1","ADM0_A3":"GBR","LOCATION_ID":"GBR-WLN","NAME":"West Lothian","TYPE_EN":"Unitary District"}},
{"type":"Feature","geometry":{"type":"Polygon","coordinates":[[[-3.449758,55.996771],[-3.4495,55.916122],[-3.393689,55.892196],[-3.395291,55.817317],[-3.360177,55.811684],[-3.189593,55.882636],[-3.08748,55.890594],[-3.078236,55.946845],[-3.121816,55.969306],[-3.449758,55.996771]]]},"properties":{"LOCATION_TYPE":"level1","ADM0_A3":"GBR","LOCATION_ID":"GBR-EDH","NAME":"Edinburgh","TYPE_EN":"Unitary District (city)"}},
{"type":"Feature","geometry":{"type":"Polygon","coordinates":[[[-3.078236,55.946845],[-3.08748,55.890594],[-3.189593,55.882636],[-3.360177,55.811684],[-3.23003,55.776337],[-3.120889,55.711897],[-2.942812,55.815198],[-2.820882,55.821658],[-3.028492,55.911316],[-3.061193,55.947843],[-3.078236,55.946845]]]},"properties":{"LOCATION_TYPE":"level1","ADM0_A3":"GBR","LOCATION_ID":"GBR-MLN","NAME":"Midlothian","TYPE_EN":"Unitary District"}},
{"type":"Feature","geometry":{"type":"Polygon","coordinates":[[[-3.061193,55.947843],[-3.028492,55.911316],[-2.820882,55.821658],[-2.654458,55.848271],[-2.59503,55.827704],[-2.435866,55.895219],[-2.360395,55.952681],[-2.635121,56.058051],[-2.802805,56.064846],[-2.939931,55.969306],[-3.061193,55.947843]]]},"properties":{"LOCATION_TYPE":"level1","ADM0_A3":"GBR","LOCATION_ID":"GBR-ELN","NAME":"East Lothian","TYPE_EN":"Unitary District"}},
{"type":"Feature","geometry":{"type":"Polygon","coordinates":[[[-1.455585,55.069712],[-1.493676,55.049095],[-1.64934,55.067664],[-1.489973,54.983145],[-1.412913,55.000312],[-1.455585,55.069712]]]},"properties":{"LOCATION_TYPE":"level1","ADM0_A3":"GBR","LOCATION_ID":"GBR-NTY","NAME":"North Tyneside","TYPE_EN":"Metropolitan Borough"}},
{"type":"Feature","geometry":{"type":"Polygon","coordinates":[[[-1.412913,55.000312],[-1.489973,54.983145],[-1.532222,54.953896],[-1.525722,54.921396],[-1.360341,54.91706],[-1.412913,55.000312]]]},"properties":{"LOCATION_TYPE":"level1","ADM0_A3":"GBR","LOCATION_ID":"GBR-STY","NAME":"South Tyneside","TYPE_EN":"Metropolitan Borough"}},
{"type":"Feature","geometry":{"type":"Polygon","coordinates":[[[-1.360341,54.91706],[-1.525722,54.921396],[-1.577316,54.885975],[-1.506362,54.79986],[-1.411278,54.801281],[-1.34082,54.872682],[-1.360341,54.91706]]]},"properties":{"LOCATION_TYPE":"level1","ADM0_A3":"GBR","LOCATION_ID":"GBR-SND","NAME":"Sunderland","TYPE_EN":"Metropolitan Borough"}},
{"type":"Feature","geometry":{"type":"Polygon","coordinates":[[[-1.34082,54.872682],[-1.411278,54.801281],[-1.506362,54.79986],[-1.577316,54.885975],[-1.820064,54.904659],[-1.866702,54.84828],[-1.993077,54.864662],[-2.129735,54.836886],[-2.21141,54.778569],[-2.305022,54.78322],[-2.353933,54.690771],[-2.290862,54.665759],[-2.285255,54.587986],[-2.163092,54.52799],[-2.155186,54.455643],[-2.04558,54.479672],[-1.956154,54.454403],[-1.78725,54.481636],[-1.766967,54.528558],[-1.681778,54.53109],[-1.672761,54.591552],[-1.483211,54.572483],[-1.412596,54.599975],[-1.388489,54.626692],[-1.245347,54.725399],[-1.34082,54.872682]]]},"properties":{"LOCATION_TYPE":"level1","ADM0_A3":"GBR","LOCATION_ID":"GBR-DUR","NAME":"Durham","TYPE_EN":"Unitary Single-Tier County"}},
{"type":"Feature","geometry":{"type":"Polygon","coordinates":[[[-1.245347,54.725399],[-1.388489,54.626692],[-1.211703,54.606641],[-1.192596,54.619979],[-1.164703,54.652777],[-1.245347,54.725399]]]},"properties":{"LOCATION_TYPE":"level1","ADM0_A3":"GBR","LOCATION_ID":"GBR-HPL","NAME":"Hartlepool","TYPE_EN":"Unitary Authority"}},
{"type":"Feature","geometry":{"type":"Polygon","coordinates":[[[-1.192596,54.619979],[-1.211703,54.606641],[-1.21868,54.575377],[-1.179535,54.503805],[-0.880845,54.495795],[-0.778836,54.557411],[-1.103627,54.624661],[-1.192596,54.619979]]]},"properties":{"LOCATION_TYPE":"level1","ADM0_A3":"GBR","LOCATION_ID":"GBR-RCC","NAME":"Redcar and Cleveland","TYPE_EN":"Unitary Authority"}},
{"type":"Feature","geometry":{"type":"Polygon","coordinates":[[[-0.778836,54.557411],[-0.880845,54.495795],[-1.179535,54.503805],[-1.250848,54.486649],[-1.326684,54.462154],[-1.431974,54.481119],[-1.532537,54.465203],[-1.681778,54.53109],[-1.766967,54.528558],[-1.78725,54.481636],[-1.956154,54.454403],[-2.04558,54.479672],[-2.155186,54.455643],[-2.244741,54.447995],[-2.306133,54.320509],[-2.30975,54.243279],[-2.447519,54.23023],[-2.547565,54.151062],[-2.545033,54.113545],[-2.458346,54.047166],[-2.354734,54.042438],[-2.347526,54.002182],[-2.105034,53.914642],[-2.032558,53.847618],[-1.977807,53.869374],[-1.943648,53.957689],[-1.797843,53.943013],[-1.728649,53.902705],[-1.454738,53.906064],[-1.38668,53.939395],[-1.294179,53.925494],[-1.326141,53.846326],[-1.306917,53.737961],[-1.220023,53.714654],[-1.229971,53.620655],[-1.073934,53.647682],[-0.9203,53.807724],[-0.940506,53.867978],[-1.141191,53.860072],[-1.218034,53.914591],[-1.232012,53.969058],[-1.146772,54.027762],[-1.007039,54.027762],[-0.927974,53.971848],[-0.889346,54.007143],[-0.733903,54.022181],[-0.446711,54.107163],[-0.415861,54.162715],[-0.294473,54.136024],[-0.199894,54.15245],[-0.277089,54.21776],[-0.397572,54.269192],[-0.430572,54.349311],[-0.562978,54.477362],[-0.778836,54.557411]]]},"properties":{"LOCATION_TYPE":"level1","ADM0_A3":"GBR","LOCATION_ID":"GBR-NYK","NAME":"North Yorkshire","TYPE_EN":"Administrative County"}},
{"type":"Feature","geometry":{"type":"Polygon","coordinates":[[[-0.199894,54.15245],[-0.294473,54.136024],[-0.415861,54.162715],[-0.446711,54.107163],[-0.733903,54.022181],[-0.889346,54.007143],[-0.927974,53.971848],[-0.940506,53.867978],[-0.9203,53.807724],[-1.073934,53.647682],[-0.94141,53.65688],[-0.860717,53.612438],[-0.699252,53.691256],[-0.637034,53.732001],[-0.449696,53.714301],[-0.426118,53.773979],[-0.322869,53.77739],[-0.295644,53.738796],[-0.225331,53.719916],[-0.130035,53.646064],[-0.045033,53.625556],[0.133474,53.642646],[-0.151112,53.899319],[-0.219472,54.022773],[-0.16393,54.083401],[-0.07551,54.112128],[-0.199894,54.15245]]]},"properties":{"LOCATION_TYPE":"level1","ADM0_A3":"GBR","LOCATION_ID":"GBR-ERY","NAME":"East Riding of Yorkshire","TYPE_EN":"Unitary Authority"}},
{"type":"Feature","geometry":{"type":"Polygon","coordinates":[[[-0.295644,53.738796],[-0.322869,53.77739],[-0.426118,53.773979],[-0.449696,53.714301],[-0.295644,53.738796]]]},"properties":{"LOCATION_TYPE":"level1","ADM0_A3":"GBR","LOCATION_ID":"GBR-KHL","NAME":"Kingston upon Hull","TYPE_EN":"Unitary Authority"}},
{"type":"Feature","geometry":{"type":"Polygon","coordinates":[[[-0.699252,53.691256],[-0.860717,53.612438],[-0.91937,53.487433],[-0.797155,53.452293],[-0.739717,53.51384],[-0.615874,53.50521],[-0.568926,53.451053],[-0.466994,53.472447],[-0.32752,53.557997],[-0.282096,53.606289],[-0.198469,53.62956],[-0.30724,53.71426],[-0.486318,53.694485],[-0.596181,53.708075],[-0.699252,53.691256]]]},"properties":{"LOCATION_TYPE":"level1","ADM0_A3":"GBR","LOCATION_ID":"GBR-NLN","NAME":"North Lincolnshire","TYPE_EN":"Unitary Authority"}},
{"type":"Feature","geometry":{"type":"Polygon","coordinates":[[[-0.198469,53.62956],[-0.282096,53.606289],[-0.208638,53.566085],[-0.190577,53.477434],[-0.113631,53.426868],[-0.058079,53.510222],[0.021795,53.524706],[-0.198469,53.62956]]]},"properties":{"LOCATION_TYPE":"level1","ADM0_A3":"GBR","LOCATION_ID":"GBR-NEL","NAME":"North East Lincolnshire","TYPE_EN":"Unitary Authority"}},
{"type":"Feature","geometry":{"type":"Polygon","coordinates":[[[0.021795,53.524706],[-0.058079,53.510222],[-0.113631,53.426868],[-0.190577,53.477434],[-0.208638,53.566085],[-0.282096,53.606289],[-0.32752,53.557997],[-0.466994,53.472447],[-0.568926,53.451053],[-0.615874,53.50521],[-0.739717,53.51384],[-0.797155,53.452293],[-0.747132,53.330595],[-0.776536,53.234193],[-0.656957,53.231325],[-0.706153,53.160218],[-0.688635,53.049682],[-0.781445,53.006067],[-0.766718,52.96116],[-0.7631,52.894653],[-0.676155,52.806906],[-0.651066,52.74753],[-0.563655,52.740502],[-0.415318,52.686604],[-0.490714,52.636477],[-0.315014,52.663556],[-0.137531,52.638544],[-0.0495,52.657871],[0.0322,52.648001],[0.052767,52.700504],[0.172372,52.724327],[0.276345,52.756341],[0.278787,52.804961],[0.170909,52.862128],[0.022146,52.912584],[0.160818,53.008979],[0.329845,53.086493],[0.356619,53.145738],[0.342133,53.226304],[0.219493,53.419501],[0.151866,53.475816],[0.021795,53.524706]]]},"properties":{"LOCATION_TYPE":"level1","ADM0_A3":"GBR","LOCATION_ID":"GBR-LIN","NAME":"Lincolnshire","TYPE_EN":"Administrative County"}},
{"type":"Feature","geometry":{"type":"Polygon","coordinates":[[[0.278787,52.804961],[0.276345,52.756341],[0.172372,52.724327],[0.15705,52.67017],[0.219915,52.584388],[0.253013,52.487443],[0.328538,52.503281],[0.447213,52.432175],[0.638545,52.439668],[0.751407,52.379387],[0.837706,52.395226],[0.973305,52.359931],[1.035007,52.374116],[1.202439,52.353833],[1.323568,52.383573],[1.442217,52.461346],[1.640551,52.453543],[1.747569,52.532782],[1.747244,52.62519],[1.697032,52.731024],[1.644216,52.775824],[1.396007,52.891425],[1.274669,52.929185],[0.966075,52.974433],[0.569591,52.969306],[0.485688,52.933498],[0.43865,52.840725],[0.379242,52.790839],[0.278787,52.804961]]]},"properties":{"LOCATION_TYPE":"level1","ADM0_A3":"GBR","LOCATION_ID":"GBR-NFK","NAME":"Norfolk","TYPE_EN":"Administrative County"}},
{"type":"Feature","geometry":{"type":"Polygon","coordinates":[[[1.747569,52.532782],[1.640551,52.453543],[1.442217,52.461346],[1.323568,52.383573],[1.202439,52.353833],[1.035007,52.374116],[0.973305,52.359931],[0.837706,52.395226],[0.751407,52.379387],[0.638545,52.439668],[0.447213,52.432175],[0.389672,52.390187],[0.472457,52.30828],[0.517209,52.210509],[0.398043,52.104365],[0.408921,52.059303],[0.524961,52.04827],[0.701074,52.067442],[0.787787,51.954659],[0.914394,51.968275],[1.078502,51.950695],[1.275157,51.976996],[1.332286,51.94009],[1.503673,52.060981],[1.582286,52.081488],[1.63087,52.199774],[1.630544,52.270453],[1.683604,52.32453],[1.771169,52.485907],[1.747569,52.532782]]]},"properties":{"LOCATION_TYPE":"level1","ADM0_A3":"GBR","LOCATION_ID":"GBR-SFK","NAME":"Suffolk","TYPE_EN":"Administrative County"}},
{"type":"Feature","geometry":{"type":"Polygon","coordinates":[[[1.078502,51.950695],[0.914394,51.968275],[0.787787,51.954659],[0.701074,52.067442],[0.524961,52.04827],[0.408921,52.059303],[0.286629,52.084935],[0.080543,52.002433],[0.141651,51.883862],[0.158032,51.790482],[0.035559,51.768262],[-0.01126,51.677208],[-0.002604,51.646615],[0.027627,51.626461],[0.148472,51.617444],[0.231361,51.629123],[0.319883,51.557939],[0.481139,51.543107],[0.547172,51.517725],[0.646658,51.535346],[0.685778,51.577214],[0.828279,51.541848],[0.92449,51.588324],[0.951834,51.678412],[0.886974,51.782131],[0.98878,51.830268],[1.037283,51.782172],[1.135427,51.781724],[1.288259,51.860582],[1.199555,51.877672],[1.262055,51.939154],[1.078502,51.950695]]]},"properties":{"LOCATION_TYPE":"level1","ADM0_A3":"GBR","LOCATION_ID":"GBR-ESS","NAME":"Essex","TYPE_EN":"Administrative County"}},
{"type":"Feature","geometry":{"type":"Polygon","coordinates":[[[0.828279,51.541848],[0.685778,51.577214],[0.646658,51.535346],[0.828279,51.541848]]]},"properties":{"LOCATION_TYPE":"level1","ADM0_A3":"GBR","LOCATION_ID":"GBR-SOS","NAME":"Southend-on-Sea","TYPE_EN":"Unitary Authority"}},
{"type":"Feature","geometry":{"type":"Polygon","coordinates":[[[0.547172,51.517725],[0.481139,51.543107],[0.319883,51.557939],[0.224643,51.489002],[0.222834,51.471897],[0.384504,51.453087],[0.456065,51.505561],[0.547172,51.517725]]]},"properties":{"LOCATION_TYPE":"level1","ADM0_A3":"GBR","LOCATION_ID":"GBR-THR","NAME":"Thurrock","TYPE_EN":"Unitary Authority"}},
{"type":"Feature","geometry":{"type":"MultiPolygon","coordinates":[[[[0.384504,51.453087],[0.222834,51.471897],[0.166249,51.398517],[0.155242,51.354695],[0.054421,51.289945],[0.062741,51.135845],[0.140514,51.111635],[0.335541,51.106907],[0.569712,50.999936],[0.658079,51.013837],[0.78665,50.988258],[0.869765,50.92512],[0.979828,50.918158],[0.966482,50.982733],[1.027599,51.041653],[1.357188,51.131008],[1.413097,51.221747],[1.380626,51.304755],[1.423839,51.392076],[1.100922,51.373236],[0.977224,51.349189],[0.764415,51.364407],[0.671886,51.391059],[0.648467,51.336918],[0.446903,51.338469],[0.512041,51.426835],[0.511625,51.487676],[0.384504,51.453087]]],[[[0.911469,51.412177],[0.766938,51.447943],[0.733897,51.412177],[0.79477,51.370551],[0.911469,51.364407],[0.911469,51.412177]]]]},"properties":{"LOCATION_TYPE":"level1","ADM0_A3":"GBR","LOCATION_ID":"GBR-KEN","NAME":"Kent","TYPE_EN":"Administrative County"}},
{"type":"Feature","geometry":{"type":"Polygon","coordinates":[[[0.511625,51.487676],[0.512041,51.426835],[0.446903,51.338469],[0.648467,51.336918],[0.671886,51.391059],[0.554535,51.412177],[0.694835,51.477037],[0.511625,51.487676]]]},"properties":{"LOCATION_TYPE":"level1","ADM0_A3":"GBR","LOCATION_ID":"GBR-MDW","NAME":"Medway","TYPE_EN":"Unitary Authority"}},
{"type":"Feature","geometry":{"type":"Polygon","coordinates":[[[0.869765,50.92512],[0.78665,50.988258],[0.658079,51.013837],[0.569712,50.999936],[0.335541,51.106907],[0.140514,51.111635],[0.062741,51.135845],[0.021348,51.135845],[-0.021156,51.090474],[0.019126,51.050476],[-0.015885,50.981901],[-0.105569,50.970222],[-0.128617,50.882553],[-0.011208,50.824288],[0.017548,50.784857],[0.271007,50.747382],[0.370291,50.818793],[0.624197,50.85871],[0.762462,50.930894],[0.869765,50.92512]]]},"properties":{"LOCATION_TYPE":"level1","ADM0_A3":"GBR","LOCATION_ID":"GBR-ESX","NAME":"East Sussex","TYPE_EN":"Administrative County"}},
{"type":"Feature","geometry":{"type":"Polygon","coordinates":[[[0.017548,50.784857],[-0.011208,50.824288],[-0.128617,50.882553],[-0.208915,50.830097],[0.017548,50.784857]]]},"properties":{"LOCATION_TYPE":"level1","ADM0_A3":"GBR","LOCATION_ID":"GBR-BNH","NAME":"Brighton and Hove","TYPE_EN":"Unitary Authority"}},
{"type":"Feature","geometry":{"type":"Polygon","coordinates":[[[-0.208915,50.830097],[-0.128617,50.882553],[-0.105569,50.970222],[-0.015885,50.981901],[0.019126,51.050476],[-0.021156,51.090474],[0.021348,51.135845],[-0.119186,51.134399],[-0.181973,51.161322],[-0.302508,51.116622],[-0.541408,51.079105],[-0.688066,51.070785],[-0.753695,51.088665],[-0.862552,51.043551],[-0.95252,50.891881],[-0.929799,50.839993],[-0.904124,50.771877],[-0.812815,50.734768],[-0.732737,50.767279],[-0.568959,50.802069],[-0.397572,50.802069],[-0.208915,50.830097]]]},"properties":{"LOCATION_TYPE":"level1","ADM0_A3":"GBR","LOCATION_ID":"GBR-WSX","NAME":"West Sussex","TYPE_EN":"Administrative County"}},
{"type":"Feature","geometry":{"type":"Polygon","coordinates":[[[-0.929799,50.839993],[-0.95252,50.891881],[-0.862552,51.043551],[-0.753695,51.088665],[-0.823639,51.151607],[-0.840021,51.203852],[-0.731138,51.243849],[-0.765297,51.331337],[-0.852904,51.350076],[-1.031973,51.354695],[-1.39947,51.370508],[-1.48701,51.332448],[-1.539177,51.275501],[-1.628112,51.234108],[-1.655036,51.171347],[-1.610568,50.95968],[-1.81084,50.992702],[-1.950056,50.988258],[-1.805724,50.867671],[-1.7865,50.768684],[-1.672922,50.740058],[-1.561187,50.71898],[-1.524729,50.761054],[-1.404937,50.774726],[-1.323069,50.825751],[-1.449298,50.912058],[-1.369291,50.945237],[-1.308674,50.921285],[-1.318593,50.85692],[-1.151112,50.781399],[-1.088124,50.849758],[-0.994862,50.847073],[-0.929799,50.839993]]]},"properties":{"LOCATION_TYPE":"level1","ADM0_A3":"GBR","LOCATION_ID":"GBR-HAM","NAME":"Hampshire","TYPE_EN":"Administrative County"}},
{"type":"Feature","geometry":{"type":"Polygon","coordinates":[[[-0.994862,50.847073],[-1.088124,50.849758],[-1.056223,50.783026],[-0.994862,50.847073]]]},"properties":{"LOCATION_TYPE":"level1","ADM0_A3":"GBR","LOCATION_ID":"GBR-POR","NAME":"Portsmouth","TYPE_EN":"Unitary Authority"}},
{"type":"Feature","geometry":{"type":"Polygon","coordinates":[[[-1.318593,50.85692],[-1.308674,50.921285],[-1.369291,50.945237],[-1.449298,50.912058],[-1.318593,50.85692]]]},"properties":{"LOCATION_TYPE":"level1","ADM0_A3":"GBR","LOCATION_ID":"GBR-STH","NAME":"Southampton","TYPE_EN":"Unitary Authority"}},
{"type":"Feature","geometry":{"type":"Polygon","coordinates":[[[-1.672922,50.740058],[-1.7865,50.768684],[-1.805724,50.867671],[-1.950056,50.988258],[-2.099195,50.955753],[-2.238618,51.071353],[-2.321687,51.083291],[-2.324194,51.042156],[-2.400571,50.96521],[-2.495863,50.995234],[-2.59503,50.957458],[-2.653063,50.88661],[-2.948523,50.82248],[-2.882273,50.797158],[-2.945571,50.725812],[-2.864817,50.733791],[-2.692942,50.692816],[-2.48351,50.590399],[-2.435902,50.637519],[-2.157338,50.62051],[-1.983713,50.596625],[-1.932485,50.644436],[-2.026218,50.725105],[-1.92042,50.749978],[-1.797458,50.723174],[-1.672922,50.740058]]]},"properties":{"LOCATION_TYPE":"level1","ADM0_A3":"GBR","LOCATION_ID":"GBR-DOR","NAME":"Dorset","TYPE_EN":"Administrative County"}},
{"type":"Feature","geometry":{"type":"Polygon","coordinates":[[[-1.797458,50.723174],[-1.92042,50.749978],[-1.896897,50.716042],[-1.797458,50.723174]]]},"properties":{"LOCATION_TYPE":"level1","ADM0_A3":"GBR","LOCATION_ID":"GBR-BMH","NAME":"Bournemouth","TYPE_EN":"Unitary Authority"}},
{"type":"Feature","geometry":{"type":"Polygon","coordinates":[[[-1.896897,50.716042],[-1.92042,50.749978],[-2.026218,50.725105],[-1.896897,50.716042]]]},"properties":{"LOCATION_TYPE":"level1","ADM0_A3":"GBR","LOCATION_ID":"GBR-POL","NAME":"Poole","TYPE_EN":"Unitary Authority"}},
{"type":"Feature","geometry":{"type":"Polygon","coordinates":[[[-2.945571,50.725812],[-2.882273,50.797158],[-2.948523,50.82248],[-2.962811,50.850488],[-3.147528,50.896894],[-3.157244,50.94857],[-3.268374,50.947433],[-3.422266,51.029392],[-3.508075,51.030529],[-3.715582,51.08298],[-3.825885,51.141892],[-3.724212,51.17853],[-3.712239,51.238329],[-4.152333,51.211615],[-4.209828,51.172838],[-4.234731,51.055325],[-4.337717,50.996649],[-4.526438,51.01496],[-4.548133,50.922991],[-4.458353,50.921052],[-4.417813,50.854932],[-4.450033,50.79938],[-4.376988,50.764395],[-4.335027,50.642723],[-4.270587,50.542445],[-4.216972,50.533557],[-4.203689,50.451388],[-4.186994,50.425968],[-4.124549,50.435475],[-4.041815,50.399301],[-4.115982,50.347874],[-4.032948,50.294908],[-3.949941,50.318996],[-3.826324,50.234198],[-3.718007,50.212388],[-3.645619,50.22602],[-3.631988,50.312323],[-3.518731,50.376212],[-3.619954,50.406536],[-3.642485,50.463948],[-3.587166,50.50901],[-3.505367,50.508159],[-3.467275,50.585598],[-3.407541,50.621283],[-3.295562,50.637519],[-3.259836,50.674547],[-2.945571,50.725812]]]},"properties":{"LOCATION_TYPE":"level1","ADM0_A3":"GBR","LOCATION_ID":"GBR-DEV","NAME":"Devon","TYPE_EN":"Administrative County"}},
{"type":"Feature","geometry":{"type":"Polygon","coordinates":[[[-3.505367,50.508159],[-3.587166,50.50901],[-3.642485,50.463948],[-3.619954,50.406536],[-3.518731,50.376212],[-3.556264,50.432115],[-3.487457,50.459418],[-3.505367,50.508159]]]},"properties":{"LOCATION_TYPE":"level1","ADM0_A3":"GBR","LOCATION_ID":"GBR-TOB","NAME":"Torbay","TYPE_EN":"Unitary Authority"}},
{"type":"Feature","geometry":{"type":"Polygon","coordinates":[[[-4.115982,50.347874],[-4.041815,50.399301],[-4.124549,50.435475],[-4.186994,50.425968],[-4.115982,50.347874]]]},"properties":{"LOCATION_TYPE":"level1","ADM0_A3":"GBR","LOCATION_ID":"GBR-PLY","NAME":"Plymouth","TYPE_EN":"Unitary Authority"}},
{"type":"Feature","geometry":{"type":"Polygon","coordinates":[[[-4.203689,50.451388],[-4.216972,50.533557],[-4.270587,50.542445],[-4.335027,50.642723],[-4.376988,50.764395],[-4.450033,50.79938],[-4.417813,50.854932],[-4.458353,50.921052],[-4.548133,50.922991],[-4.55012,50.809556],[-4.657297,50.711127],[-4.728139,50.672309],[-4.79247,50.595201],[-4.89566,50.585924],[-5.025258,50.524237],[-5.050282,50.428697],[-5.153676,50.399482],[-5.146474,50.355292],[-5.314849,50.253607],[-5.387563,50.240302],[-5.437978,50.194322],[-5.510976,50.219468],[-5.684641,50.161526],[-5.705149,50.052314],[-5.57844,50.054755],[-5.540924,50.113471],[-5.474843,50.130439],[-5.323964,50.089504],[-5.210357,49.966742],[-5.098053,50.01439],[-5.056508,50.060614],[-5.106068,50.09512],[-5.020375,50.191962],[-4.849721,50.234565],[-4.80016,50.22956],[-4.752105,50.330308],[-4.495351,50.328437],[-4.383697,50.367499],[-4.252349,50.356391],[-4.203689,50.451388]]]},"properties":{"LOCATION_TYPE":"level1","ADM0_A3":"GBR","LOCATION_ID":"GBR-CON","NAME":"Cornwall","TYPE_EN":"Unitary Single-Tier County"}},
{"type":"Feature","geometry":{"type":"Polygon","coordinates":[[[-3.712239,51.238329],[-3.724212,51.17853],[-3.825885,51.141892],[-3.715582,51.08298],[-3.508075,51.030529],[-3.422266,51.029392],[-3.268374,50.947433],[-3.157244,50.94857],[-3.147528,50.896894],[-2.962811,50.850488],[-2.948523,50.82248],[-2.653063,50.88661],[-2.59503,50.957458],[-2.495863,50.995234],[-2.400571,50.96521],[-2.324194,51.042156],[-2.321687,51.083291],[-2.348921,51.117707],[-2.236163,51.264106],[-2.290139,51.324904],[-2.458113,51.272995],[-2.539478,51.299944],[-2.620868,51.282994],[-2.712697,51.319814],[-2.811968,51.327462],[-2.975859,51.293278],[-2.992177,51.321926],[-2.999582,51.233222],[-3.057525,51.208157],[-3.384999,51.186225],[-3.434193,51.209784],[-3.712239,51.238329]]]},"properties":{"LOCATION_TYPE":"level1","ADM0_A3":"GBR","LOCATION_ID":"GBR-SOM","NAME":"Somerset","TYPE_EN":"Administrative County"}},
{"type":"Feature","geometry":{"type":"Polygon","coordinates":[[[-2.992177,51.321926],[-2.975859,51.293278],[-2.811968,51.327462],[-2.712697,51.319814],[-2.633503,51.382135],[-2.630557,51.44301],[-2.729388,51.496219],[-2.816396,51.473619],[-2.959584,51.374254],[-2.992177,51.321926]]]},"properties":{"LOCATION_TYPE":"level1","ADM0_A3":"GBR","LOCATION_ID":"GBR-NSM","NAME":"North Somerset","TYPE_EN":"Unitary Authority"}},
{"type":"Feature","geometry":{"type":"Polygon","coordinates":[[[-2.729388,51.496219],[-2.630557,51.44301],[-2.633503,51.382135],[-2.522683,51.418826],[-2.518135,51.472414],[-2.678751,51.531304],[-2.729388,51.496219]]]},"properties":{"LOCATION_TYPE":"level1","ADM0_A3":"GBR","LOCATION_ID":"GBR-BST","NAME":"Bristol","TYPE_EN":"Unitary Authority"}},
{"type":"Feature","geometry":{"type":"Polygon","coordinates":[[[-2.678751,51.531304],[-2.518135,51.472414],[-2.522683,51.418826],[-2.397703,51.402858],[-2.280656,51.420273],[-2.286987,51.481302],[-2.245284,51.518561],[-2.271639,51.577162],[-2.379203,51.635763],[-2.53549,51.67295],[-2.678751,51.531304]]]},"properties":{"LOCATION_TYPE":"level1","ADM0_A3":"GBR","LOCATION_ID":"GBR-SGC","NAME":"South Gloucestershire","TYPE_EN":"Unitary Authority"}},
{"type":"Feature","geometry":{"type":"Polygon","coordinates":[[[-2.798096,51.563499],[-2.835015,51.649613],[-2.961312,51.627443],[-3.031877,51.605739],[-3.102389,51.543107],[-3.076506,51.507754],[-2.798096,51.563499]]]},"properties":{"LOCATION_TYPE":"level1","ADM0_A3":"GBR","LOCATION_ID":"GBR-NWP","NAME":"Newport","TYPE_EN":"Unitary Authority (wales)"}},
{"type":"Feature","geometry":{"type":"Polygon","coordinates":[[[-3.076506,51.507754],[-3.102389,51.543107],[-3.227524,51.545123],[-3.29137,51.500423],[-3.172719,51.453111],[-3.076506,51.507754]]]},"properties":{"LOCATION_TYPE":"level1","ADM0_A3":"GBR","LOCATION_ID":"GBR-CRF","NAME":"Cardiff","TYPE_EN":"Unitary Authority (wales)"}},
{"type":"Feature","geometry":{"type":"Polygon","coordinates":[[[-3.172719,51.453111],[-3.29137,51.500423],[-3.475235,51.510396],[-3.525593,51.435775],[-3.575311,51.420441],[-3.539174,51.398505],[-3.289418,51.384223],[-3.184804,51.39761],[-3.172719,51.453111]]]},"properties":{"LOCATION_TYPE":"level1","ADM0_A3":"GBR","LOCATION_ID":"GBR-VGL","NAME":"Vale of Glamorgan","TYPE_EN":"Unitary Authority (wales)"}},
{"type":"Feature","geometry":{"type":"Polygon","coordinates":[[[-3.575311,51.420441],[-3.525593,51.435775],[-3.475235,51.510396],[-3.461825,51.589823],[-3.549184,51.641758],[-3.653622,51.639949],[-3.751909,51.533081],[-3.575311,51.420441]]]},"properties":{"LOCATION_TYPE":"level1","ADM0_A3":"GBR","LOCATION_ID":"GBR-BGE","NAME":"Bridgend","TYPE_EN":"Unitary Authority (wales)"}},
{"type":"Feature","geometry":{"type":"Polygon","coordinates":[[[-3.751909,51.533081],[-3.653622,51.639949],[-3.549184,51.641758],[-3.583729,51.75126],[-3.648351,51.779372],[-3.763382,51.75772],[-3.799995,51.785263],[-3.867252,51.800198],[-3.933139,51.762215],[-3.829916,51.687646],[-3.88679,51.621405],[-3.832672,51.615546],[-3.751909,51.533081]]]},"properties":{"LOCATION_TYPE":"level1","ADM0_A3":"GBR","LOCATION_ID":"GBR-NTL","NAME":"Neath Port Talbot","TYPE_EN":"Unitary Authority (wales)"}},
{"type":"Feature","geometry":{"type":"Polygon","coordinates":[[[-3.88679,51.621405],[-3.829916,51.687646],[-3.933139,51.762215],[-4.023082,51.744077],[-4.070546,51.675971],[-4.091298,51.639879],[-4.289906,51.617011],[-4.27245,51.554755],[-4.213368,51.53913],[-4.121653,51.565985],[-3.974599,51.562974],[-3.962392,51.615627],[-3.88679,51.621405]]]},"properties":{"LOCATION_TYPE":"level1","ADM0_A3":"GBR","LOCATION_ID":"GBR-SWA","NAME":"Swansea","TYPE_EN":"Unitary Authority (wales)"}},
{"type":"Feature","geometry":{"type":"Polygon","coordinates":[[[-4.070546,51.675971],[-4.023082,51.744077],[-3.933139,51.762215],[-3.867252,51.800198],[-3.799995,51.785263],[-3.711292,51.881795],[-3.695583,51.988817],[-3.643648,52.031346],[-3.741161,52.121625],[-3.935,52.1224],[-4.060031,52.106122],[-4.235705,52.031863],[-4.558683,52.037677],[-4.494681,51.969076],[-4.740222,51.868927],[-4.72428,51.820145],[-4.640047,51.805985],[-4.639261,51.733164],[-4.379262,51.726874],[-4.293691,51.672268],[-4.200551,51.685858],[-4.070546,51.675971]]]},"properties":{"LOCATION_TYPE":"level1","ADM0_A3":"GBR","LOCATION_ID":"GBR-CMN","NAME":"Carmarthenshire","TYPE_EN":"Unitary Authority (wales)"}},
{"type":"Feature","geometry":{"type":"Polygon","coordinates":[[[-4.639261,51.733164],[-4.640047,51.805985],[-4.72428,51.820145],[-4.740222,51.868927],[-4.494681,51.969076],[-4.558683,52.037677],[-4.696814,52.068347],[-4.693763,52.107267],[-4.961741,52.007514],[-5.070221,52.026353],[-5.119537,51.95893],[-5.28893,51.916938],[-5.235829,51.871039],[-5.125885,51.856024],[-5.107086,51.788072],[-5.230133,51.730048],[-5.009918,51.706366],[-5.051178,51.656928],[-4.941029,51.596503],[-4.848297,51.646308],[-4.71231,51.650092],[-4.639261,51.733164]]]},"properties":{"LOCATION_TYPE":"level1","ADM0_A3":"GBR","LOCATION_ID":"GBR-PEM","NAME":"Pembrokeshire","TYPE_EN":"Unitary Authority (wales)"}},
{"type":"Feature","geometry":{"type":"Polygon","coordinates":[[[-4.693763,52.107267],[-4.696814,52.068347],[-4.558683,52.037677],[-4.235705,52.031863],[-4.060031,52.106122],[-3.935,52.1224],[-3.741161,52.121625],[-3.75253,52.178521],[-3.731162,52.318822],[-3.662252,52.33939],[-3.720052,52.420211],[-3.813121,52.481345],[-3.829192,52.532711],[-3.927455,52.553175],[-3.947336,52.550877],[-4.056549,52.48786],[-4.096262,52.387885],[-4.197133,52.279283],[-4.315826,52.216295],[-4.371246,52.209296],[-4.513824,52.135688],[-4.637522,52.138495],[-4.693763,52.107267]]]},"properties":{"LOCATION_TYPE":"level1","ADM0_A3":"GBR","LOCATION_ID":"GBR-CGN","NAME":"Ceredigion","TYPE_EN":"Principality"}},
{"type":"Feature","geometry":{"type":"Polygon","coordinates":[[[-3.947336,52.550877],[-3.927455,52.553175],[-3.837822,52.599115],[-3.796972,52.674666],[-3.601454,52.695492],[-3.571689,52.730528],[-3.577528,52.819102],[-3.470015,52.861942],[-3.46154,52.976405],[-3.567244,52.965191],[-3.601118,53.006894],[-3.787954,52.936692],[-3.894821,53.008806],[-3.979932,52.995939],[-4.004401,53.110609],[-3.927093,53.200784],[-4.00043,53.248733],[-4.151519,53.228095],[-4.234527,53.164008],[-4.340891,53.112738],[-4.358225,53.028469],[-4.523997,52.944241],[-4.596059,52.928412],[-4.755442,52.809312],[-4.64859,52.799628],[-4.500966,52.826809],[-4.406606,52.892524],[-4.228505,52.919176],[-4.129872,52.889228],[-4.125152,52.778306],[-4.048818,52.721584],[-4.122222,52.62873],[-4.053131,52.542426],[-3.947336,52.550877]]]},"properties":{"LOCATION_TYPE":"level1","ADM0_A3":"GBR","LOCATION_ID":"GBR-GWN","NAME":"Gwynedd","TYPE_EN":"Unitary Authority (wales)"}},
{"type":"Feature","geometry":{"type":"Polygon","coordinates":[[[-4.00043,53.248733],[-3.927093,53.200784],[-4.004401,53.110609],[-3.979932,52.995939],[-3.894821,53.008806],[-3.787954,52.936692],[-3.601118,53.006894],[-3.567244,52.965191],[-3.46154,52.976405],[-3.477457,53.056503],[-3.585667,53.087406],[-3.474899,53.169881],[-3.518694,53.249773],[-3.513459,53.308925],[-3.716298,53.286933],[-3.76887,53.319159],[-4.00043,53.248733]]]},"properties":{"LOCATION_TYPE":"level1","ADM0_A3":"GBR","LOCATION_ID":"GBR-CWY","NAME":"Conwy","TYPE_EN":"Unitary Authority (wales)"}},
{"type":"Feature","geometry":{"type":"Polygon","coordinates":[[[-3.513459,53.308925],[-3.518694,53.249773],[-3.474899,53.169881],[-3.585667,53.087406],[-3.477457,53.056503],[-3.46154,52.976405],[-3.470015,52.861942],[-3.390744,52.867368],[-3.311265,52.932842],[-3.200471,52.937984],[-3.141198,52.997231],[-3.12275,53.066374],[-3.191453,53.147971],[-3.251992,53.151846],[-3.340876,53.218819],[-3.382114,53.297419],[-3.360462,53.351146],[-3.513459,53.308925]]]},"properties":{"LOCATION_TYPE":"level1","ADM0_A3":"GBR","LOCATION_ID":"GBR-DEN","NAME":"Denbighshire","TYPE_EN":"Unitary Authority (wales)"}},
{"type":"Feature","geometry":{"type":"Polygon","coordinates":[[[-3.095944,53.287143],[-2.926414,53.304814],[-3.012196,53.416693],[-3.058258,53.43476],[-3.185211,53.377265],[-3.095944,53.287143]]]},"properties":{"LOCATION_TYPE":"level1","ADM0_A3":"GBR","LOCATION_ID":"GBR-WRL","NAME":"Halton","TYPE_EN":"Metropolitan Borough"}},
{"type":"Feature","geometry":{"type":"Polygon","coordinates":[[[-2.775502,53.299872],[-2.627918,53.294214],[-2.56945,53.312302],[-2.68058,53.378809],[-2.754702,53.37809],[-2.810333,53.321723],[-2.775502,53.299872]]]},"properties":{"LOCATION_TYPE":"level1","ADM0_A3":"GBR","LOCATION_ID":"GBR-HAL","NAME":"Halton","TYPE_EN":"Unitary Authority"}},
{"type":"Feature","geometry":{"type":"Polygon","coordinates":[[[-2.810333,53.321723],[-2.754702,53.37809],[-2.793412,53.402527],[-2.815585,53.491051],[-2.896123,53.522441],[-2.932797,53.493259],[-2.873624,53.397268],[-2.875903,53.331184],[-2.810333,53.321723]]]},"properties":{"LOCATION_TYPE":"level1","ADM0_A3":"GBR","LOCATION_ID":"GBR-KWL","NAME":"Knowsley","TYPE_EN":"Metropolitan Borough"}},
{"type":"Feature","geometry":{"type":"Polygon","coordinates":[[[-2.875903,53.331184],[-2.873624,53.397268],[-2.932797,53.493259],[-3.048228,53.48102],[-2.980824,53.392768],[-2.875903,53.331184]]]},"properties":{"LOCATION_TYPE":"level1","ADM0_A3":"GBR","LOCATION_ID":"GBR-LIV","NAME":"Liverpool","TYPE_EN":"Metropolitan Borough"}},
{"type":"Feature","geometry":{"type":"Polygon","coordinates":[[[-3.048228,53.48102],[-2.932797,53.493259],[-2.896123,53.522441],[-3.031696,53.5419],[-3.018932,53.593577],[-2.932787,53.660498],[-2.948476,53.709446],[-3.099477,53.572008],[-3.048228,53.48102]]]},"properties":{"LOCATION_TYPE":"level1","ADM0_A3":"GBR","LOCATION_ID":"GBR-SFT","NAME":"Sefton","TYPE_EN":"Metropolitan Borough"}},
{"type":"Feature","geometry":{"type":"Polygon","coordinates":[[[-2.948476,53.709446],[-2.932787,53.660498],[-3.018932,53.593577],[-3.031696,53.5419],[-2.896123,53.522441],[-2.815585,53.491051],[-2.752023,53.511101],[-2.686704,53.599674],[-2.558908,53.599106],[-2.504441,53.627011],[-2.525603,53.737961],[-2.418141,53.765504],[-2.356621,53.66458],[-2.28001,53.665226],[-2.2581,53.614118],[-2.225621,53.672176],[-2.151388,53.696516],[-2.120614,53.791342],[-2.032558,53.847618],[-2.105034,53.914642],[-2.347526,54.002182],[-2.354734,54.042438],[-2.458346,54.047166],[-2.545033,54.113545],[-2.547565,54.151062],[-2.447519,54.23023],[-2.671123,54.158555],[-2.792279,54.190775],[-2.836426,54.167602],[-2.795969,54.12519],[-2.918202,54.034329],[-2.881988,53.956529],[-3.017568,53.931952],[-2.96738,53.896224],[-2.954121,53.807832],[-3.021474,53.745795],[-2.948476,53.709446]]]},"properties":{"LOCATION_TYPE":"level1","ADM0_A3":"GBR","LOCATION_ID":"GBR-LAN","NAME":"Lancashire","TYPE_EN":"Administrative County"}},
{"type":"Feature","geometry":{"type":"Polygon","coordinates":[[[-3.021474,53.745795],[-2.954121,53.807832],[-2.96738,53.896224],[-3.017568,53.931952],[-3.056386,53.803046],[-3.021474,53.745795]]]},"properties":{"LOCATION_TYPE":"level1","ADM0_A3":"GBR","LOCATION_ID":"GBR-BPL","NAME":"Blackpool","TYPE_EN":"Unitary Authority"}},
{"type":"Feature","geometry":{"type":"Polygon","coordinates":[[[-5.032501,54.99372],[-4.924474,54.997987],[-4.870576,55.036615],[-4.630565,55.053849],[-4.647514,55.119685],[-4.538632,55.161336],[-4.4675,55.157822],[-4.444607,55.281897],[-4.533232,55.339],[-4.465613,55.38556],[-4.479127,55.457649],[-4.443057,55.544827],[-4.582066,55.59131],[-4.666249,55.562201],[-4.626332,55.468411],[-4.749257,55.413764],[-4.832509,55.331122],[-4.882395,55.218573],[-5.007802,55.141181],[-5.049672,55.048977],[-5.032501,54.99372]]]},"properties":{"LOCATION_TYPE":"level1","ADM0_A3":"GBR","LOCATION_ID":"GBR-SAY","NAME":"South Ayrshire","TYPE_EN":"Unitary District"}},
{"type":"Feature","geometry":{"type":"Polygon","coordinates":[[[-4.666249,55.562201],[-4.582066,55.59131],[-4.510029,55.621411],[-4.61824,55.677015],[-4.517936,55.759284],[-4.51636,55.762824],[-4.63475,55.766622],[-4.751694,55.857237],[-4.888824,55.865302],[-4.861073,55.756741],[-4.920522,55.708564],[-4.721995,55.619208],[-4.666249,55.562201]]]},"properties":{"LOCATION_TYPE":"level1","ADM0_A3":"GBR","LOCATION_ID":"GBR-NAY","NAME":"North Ayshire","TYPE_EN":"Unitary District"}},
{"type":"Feature","geometry":{"type":"Polygon","coordinates":[[[-4.888824,55.865302],[-4.751694,55.857237],[-4.608395,55.84238],[-4.626825,55.929753],[-4.785797,55.956977],[-4.872141,55.937201],[-4.888824,55.865302]]]},"properties":{"LOCATION_TYPE":"level1","ADM0_A3":"GBR","LOCATION_ID":"GBR-IVC","NAME":"Inverclyde","TYPE_EN":"Unitary District"}},
{"type":"Feature","geometry":{"type":"Polygon","coordinates":[[[-4.626825,55.929753],[-4.608395,55.84238],[-4.751694,55.857237],[-4.63475,55.766622],[-4.51636,55.762824],[-4.356834,55.819125],[-4.355775,55.864032],[-4.488627,55.92566],[-4.626825,55.929753]]]},"properties":{"LOCATION_TYPE":"level1","ADM0_A3":"GBR","LOCATION_ID":"GBR-RFW","NAME":"Renfrewshire","TYPE_EN":"Unitary District"}},
{"type":"Feature","geometry":{"type":"Polygon","coordinates":[[[-4.488627,55.92566],[-4.355775,55.864032],[-4.351667,55.905218],[-4.364793,55.975602],[-4.458353,56.00299],[-4.4467,56.05384],[-4.598086,56.077818],[-4.590618,55.941516],[-4.488627,55.92566]]]},"properties":{"LOCATION_TYPE":"level1","ADM0_A3":"GBR","LOCATION_ID":"GBR-WDU","NAME":"West Dunbartonshire","TYPE_EN":"Unitary District"}},
{"type":"Feature","geometry":{"type":"MultiPolygon","coordinates":[[[[-4.590618,55.941516],[-4.598086,56.077818],[-4.680536,56.19843],[-4.649246,56.3208],[-4.833059,56.362865],[-4.803319,56.408288],[-4.639401,56.471799],[-4.692835,56.547996],[-4.595321,56.574377],[-4.633639,56.649669],[-4.708648,56.641453],[-4.924397,56.659436],[-5.075214,56.607243],[-5.304517,56.64016],[-5.410878,56.552069],[-5.394276,56.465481],[-5.509633,56.400621],[-5.598053,56.258612],[-5.547231,56.24018],[-5.522532,56.165758],[-5.550526,56.106431],[-5.659901,56.023261],[-5.586822,56.01203],[-5.696401,55.915961],[-5.646718,55.787502],[-5.581207,55.757636],[-5.721832,55.564602],[-5.715647,55.447903],[-5.791412,55.398627],[-5.772288,55.301256],[-5.639963,55.3039],[-5.514963,55.373684],[-5.562082,55.419867],[-5.454986,55.591946],[-5.490102,55.644599],[-5.433461,55.721015],[-5.317779,55.783026],[-5.407216,55.866278],[-5.447621,56.009426],[-5.313629,56.012356],[-5.334828,55.896674],[-5.307118,55.860419],[-5.171539,55.935533],[-4.983144,55.871039],[-4.89802,56.001166],[-4.790151,56.010199],[-4.590618,55.941516]]],[[[-5.07079,55.509345],[-5.159983,55.676215],[-5.263173,55.722846],[-5.355214,55.689602],[-5.389068,55.590237],[-5.345693,55.550279],[-5.345693,55.482652],[-5.163564,55.434882],[-5.078236,55.455308],[-5.07079,55.509345]]],[[[-6.030385,55.729071],[-6.099233,55.801011],[-6.120229,55.929429],[-6.409088,55.863593],[-6.493235,55.739244],[-6.462961,55.674465],[-6.320953,55.733466],[-6.215321,55.626654],[-6.105458,55.640204],[-6.023508,55.681871],[-6.030385,55.729071]]],[[[-5.797597,56.112616],[-5.924428,56.055976],[-5.997426,55.951728],[-6.075185,55.915961],[-6.062408,55.809475],[-5.962066,55.804755],[-5.740224,56.076483],[-5.797597,56.112616]]],[[[-6.818593,56.537828],[-6.989898,56.503648],[-6.965199,56.459866],[-6.743316,56.517808],[-6.818593,56.537828]]],[[[-5.688303,56.434801],[-5.721832,56.490058],[-5.852203,56.524156],[-5.952138,56.524156],[-6.058258,56.640204],[-6.190745,56.644924],[-6.288442,56.607978],[-6.288482,56.532294],[-6.194936,56.523342],[-6.127431,56.474351],[-6.203236,56.380316],[-6.186635,56.331244],[-6.335439,56.34455],[-6.327504,56.277248],[-6.146962,56.283922],[-5.914784,56.335517],[-5.848215,56.313625],[-5.71996,56.352769],[-5.688303,56.434801]]]]},"properties":{"LOCATION_TYPE":"level1","ADM0_A3":"GBR","LOCATION_ID":"GBR-AGB","NAME":"Argyll and Bute","TYPE_EN":"Unitary District"}},
{"type":"Feature","geometry":{"type":"MultiPolygon","coordinates":[[[[-5.304517,56.64016],[-5.075214,56.607243],[-4.924397,56.659436],[-4.708648,56.641453],[-4.586433,56.692457],[-4.578346,56.754934],[-4.514189,56.803562],[-4.436571,56.778395],[-4.366679,56.826609],[-4.201133,56.869397],[-4.164211,56.908568],[-3.976134,56.895494],[-3.940607,56.947429],[-3.796404,56.93022],[-3.745864,56.991612],[-3.736976,57.077188],[-3.679486,57.095456],[-3.53089,57.16385],[-3.452549,57.178009],[-3.445314,57.285754],[-3.384465,57.381356],[-3.397849,57.421353],[-3.498076,57.457449],[-3.666437,57.430758],[-3.708915,57.577468],[-3.754612,57.626333],[-3.868276,57.587877],[-4.034983,57.556871],[-4.194814,57.491604],[-4.207997,57.552069],[-4.11856,57.592963],[-4.077952,57.730292],[-3.988271,57.69599],[-3.790028,57.830715],[-3.914784,57.807685],[-4.139068,57.846869],[-3.988271,57.908271],[-4.030141,57.953192],[-3.860585,57.998928],[-3.827504,58.04206],[-3.515289,58.168402],[-3.4381,58.236029],[-3.22053,58.305569],[-3.086334,58.414211],[-3.064443,58.482978],[-3.129262,58.512641],[-3.019114,58.640326],[-3.204091,58.661119],[-3.350819,58.620836],[-3.532053,58.602118],[-3.659901,58.620836],[-3.810129,58.573065],[-4.160553,58.562567],[-4.257314,58.527981],[-4.382395,58.524644],[-4.475494,58.565619],[-4.58495,58.574164],[-4.612131,58.524644],[-4.728017,58.57746],[-4.988189,58.628323],[-5.027984,58.544094],[-5.103668,58.514228],[-5.05012,58.453803],[-5.173207,58.353949],[-5.096425,58.27676],[-5.31078,58.243394],[-5.275054,58.154527],[-5.300771,58.070136],[-5.41393,58.052314],[-5.292633,57.980618],[-5.204498,57.96015],[-5.297353,57.908271],[-5.3662,57.943061],[-5.48705,57.855862],[-5.61262,57.928778],[-5.653554,57.89468],[-5.807362,57.84394],[-5.790761,57.69599],[-5.762807,57.633979],[-5.66039,57.544582],[-5.839182,57.579291],[-5.8697,57.500881],[-5.807769,57.354926],[-5.610911,57.371405],[-5.729319,57.298163],[-5.599436,57.279242],[-5.715647,57.120063],[-5.831695,56.997138],[-5.852203,56.907701],[-5.735504,56.89411],[-5.913645,56.763739],[-6.180531,56.754625],[-6.222768,56.695461],[-5.955556,56.688666],[-6.003407,56.61872],[-5.85436,56.550482],[-5.667388,56.498481],[-5.599599,56.529039],[-5.340159,56.693061],[-5.304517,56.64016]]],[[[-6.325185,57.05858],[-6.455474,57.003974],[-6.303619,56.943996],[-6.243235,57.010199],[-6.325185,57.05858]]],[[[-6.564117,57.346584],[-6.482167,57.311835],[-6.318349,57.161038],[-6.023508,57.195746],[-5.961822,57.142157],[-6.030385,57.044908],[-5.918853,57.050116],[-5.800364,57.123725],[-5.782053,57.166246],[-5.690907,57.189521],[-5.647369,57.264635],[-5.795806,57.271796],[-5.900624,57.242906],[-6.106597,57.323472],[-6.152496,57.417548],[-6.153879,57.589545],[-6.31428,57.699164],[-6.415679,57.645819],[-6.372955,57.531562],[-6.464915,57.512519],[-6.564117,57.558824],[-6.631256,57.493598],[-6.706451,57.510932],[-6.714752,57.376614],[-6.564117,57.346584]]]]},"properties":{"LOCATION_TYPE":"level1","ADM0_A3":"GBR","LOCATION_ID":"GBR-HLD","NAME":"Highland","TYPE_EN":"Unitary District"}},
{"type":"Feature","geometry":{"type":"Polygon","coordinates":[[[-3.754612,57.626333],[-3.708915,57.577468],[-3.666437,57.430758],[-3.498076,57.457449],[-3.397849,57.421353],[-3.384465,57.381356],[-3.445314,57.285754],[-3.452549,57.178009],[-3.53089,57.16385],[-3.679486,57.095456],[-3.619851,57.081994],[-3.345449,57.089332],[-3.332246,57.17589],[-3.189903,57.256609],[-3.029939,57.266892],[-2.966842,57.32707],[-3.005005,57.400424],[-2.991802,57.47675],[-2.892014,57.520779],[-2.732076,57.506103],[-2.705669,57.529564],[-2.823052,57.633743],[-2.821192,57.702826],[-2.916086,57.702826],[-3.078684,57.66942],[-3.284739,57.720445],[-3.491851,57.713121],[-3.535756,57.661933],[-3.684804,57.654446],[-3.754612,57.626333]]]},"properties":{"LOCATION_TYPE":"level1","ADM0_A3":"GBR","LOCATION_ID":"GBR-MRY","NAME":"Moray","TYPE_EN":"Unitary District"}},
{"type":"Feature","geometry":{"type":"Polygon","coordinates":[[[-2.821192,57.702826],[-2.823052,57.633743],[-2.705669,57.529564],[-2.732076,57.506103],[-2.892014,57.520779],[-2.991802,57.47675],[-3.005005,57.400424],[-2.966842,57.32707],[-3.029939,57.266892],[-3.189903,57.256609],[-3.332246,57.17589],[-3.345449,57.089332],[-3.619851,57.081994],[-3.679486,57.095456],[-3.736976,57.077188],[-3.745864,56.991612],[-3.796404,56.93022],[-3.569467,56.921332],[-3.569751,56.89384],[-3.395084,56.88149],[-3.27473,56.93022],[-3.107815,56.897458],[-3.026425,56.971613],[-2.872558,56.984636],[-2.758896,56.958849],[-2.654225,56.889112],[-2.668901,56.825472],[-2.619731,56.784958],[-2.435943,56.740383],[-2.219879,56.872626],[-2.156158,57.020697],[-2.065256,57.100531],[-2.104233,57.11114],[-2.33409,57.082511],[-2.344787,57.135324],[-2.267918,57.163927],[-2.300112,57.219376],[-2.044667,57.226508],[-1.980295,57.319281],[-1.849965,57.394355],[-1.759348,57.473578],[-1.829457,57.613471],[-1.932485,57.682359],[-2.108144,57.704983],[-2.20995,57.675523],[-2.274322,57.693834],[-2.432851,57.668118],[-2.658925,57.697455],[-2.821192,57.702826]]]},"properties":{"LOCATION_TYPE":"level1","ADM0_A3":"GBR","LOCATION_ID":"GBR-ABD","NAME":"Aberdeenshire","TYPE_EN":"Unitary District"}},
{"type":"Feature","geometry":{"type":"Polygon","coordinates":[[[-2.044667,57.226508],[-2.300112,57.219376],[-2.267918,57.163927],[-2.344787,57.135324],[-2.33409,57.082511],[-2.104233,57.11114],[-2.065256,57.100531],[-2.044667,57.226508]]]},"properties":{"LOCATION_TYPE":"level1","ADM0_A3":"GBR","LOCATION_ID":"GBR-ABE","NAME":"Aberdeen","TYPE_EN":"Unitary District (city)"}},
{"type":"Feature","geometry":{"type":"Polygon","coordinates":[[[-2.435943,56.740383],[-2.619731,56.784958],[-2.668901,56.825472],[-2.654225,56.889112],[-2.758896,56.958849],[-2.872558,56.984636],[-3.026425,56.971613],[-3.107815,56.897458],[-3.27473,56.93022],[-3.395084,56.88149],[-3.335036,56.723773],[-3.262121,56.669823],[-3.129416,56.615873],[-3.170266,56.516706],[-3.079341,56.474899],[-3.063787,56.500686],[-2.84504,56.516706],[-2.819339,56.471298],[-2.699778,56.503648],[-2.530019,56.580756],[-2.480621,56.626532],[-2.435943,56.740383]]]},"properties":{"LOCATION_TYPE":"level1","ADM0_A3":"GBR","LOCATION_ID":"GBR-ANS","NAME":"Angus","TYPE_EN":"Unitary District"}},
{"type":"Feature","geometry":{"type":"Polygon","coordinates":[[[-2.819339,56.471298],[-2.84504,56.516706],[-3.063787,56.500686],[-3.079341,56.474899],[-3.055653,56.452135],[-2.819339,56.471298]]]},"properties":{"LOCATION_TYPE":"level1","ADM0_A3":"GBR","LOCATION_ID":"GBR-DND","NAME":"Dundee","TYPE_EN":"Unitary District (city)"}},
{"type":"Feature","geometry":{"type":"Polygon","coordinates":[[[-3.055653,56.452135],[-3.079341,56.474899],[-3.170266,56.516706],[-3.129416,56.615873],[-3.262121,56.669823],[-3.335036,56.723773],[-3.395084,56.88149],[-3.569751,56.89384],[-3.569467,56.921332],[-3.796404,56.93022],[-3.940607,56.947429],[-3.976134,56.895494],[-4.164211,56.908568],[-4.201133,56.869397],[-4.366679,56.826609],[-4.436571,56.778395],[-4.514189,56.803562],[-4.578346,56.754934],[-4.586433,56.692457],[-4.708648,56.641453],[-4.633639,56.649669],[-4.595321,56.574377],[-4.692835,56.547996],[-4.639401,56.471799],[-4.600334,56.492418],[-4.322806,56.533294],[-4.28472,56.481307],[-4.175605,56.509471],[-4.186406,56.391339],[-4.219479,56.32912],[-4.099176,56.278529],[-3.996417,56.269124],[-3.824412,56.192539],[-3.611686,56.198017],[-3.6306,56.128202],[-3.386971,56.137142],[-3.261139,56.196338],[-3.362787,56.26468],[-3.241967,56.313566],[-3.262405,56.35283],[-3.055653,56.452135]]]},"properties":{"LOCATION_TYPE":"level1","ADM0_A3":"GBR","LOCATION_ID":"GBR-PKN","NAME":"Perthshire and Kinross","TYPE_EN":"Unitary District"}},
{"type":"Feature","geometry":{"type":"Polygon","coordinates":[[[-3.262405,56.35283],[-3.241967,56.313566],[-3.362787,56.26468],[-3.261139,56.196338],[-3.386971,56.137142],[-3.6306,56.128202],[-3.74649,56.072781],[-3.420969,56.024888],[-3.178375,56.058092],[-3.127553,56.12287],[-2.964345,56.205634],[-2.783599,56.191962],[-2.648346,56.228705],[-2.576812,56.283922],[-2.677154,56.328437],[-2.768625,56.332343],[-2.821604,56.376166],[-2.814768,56.440416],[-2.884999,56.457994],[-3.149566,56.375556],[-3.262405,56.35283]]]},"properties":{"LOCATION_TYPE":"level1","ADM0_A3":"GBR","LOCATION_ID":"GBR-FIF","NAME":"Fife","TYPE_EN":"Unitary District"}},
{"type":"Feature","geometry":{"type":"Polygon","coordinates":[[[-1.082753,50.713324],[-1.295766,50.773179],[-1.50593,50.707709],[-1.497426,50.672309],[-1.315541,50.589179],[-1.168446,50.603461],[-1.164703,50.640937],[-1.075307,50.678534],[-1.082753,50.713324]]]},"properties":{"LOCATION_TYPE":"level1","ADM0_A3":"GBR","LOCATION_ID":"GBR-IOW","NAME":"Isle of Wight","TYPE_EN":"Unitary Authority"}},
{"type":"Feature","geometry":{"type":"Polygon","coordinates":[[[-4.098134,53.309638],[-4.203236,53.298489],[-4.276723,53.401028],[-4.425364,53.426703],[-4.553456,53.40058],[-4.571034,53.275458],[-4.496002,53.182563],[-4.343861,53.132066],[-4.22936,53.182196],[-4.195546,53.220282],[-4.098053,53.250149],[-4.098134,53.309638]]]},"properties":{"LOCATION_TYPE":"level1","ADM0_A3":"GBR","LOCATION_ID":"GBR-AGY","NAME":"Anglesey","TYPE_EN":"Unitary Authority (wales)"}},
{"type":"Feature","geometry":{"type":"MultiPolygon","coordinates":[[[[-7.393951,57.010199],[-7.524322,57.010199],[-7.476552,56.941881],[-7.393951,57.010199]]],[[[-7.243764,57.325507],[-7.26358,57.373928],[-7.353017,57.408026],[-7.428131,57.3876],[-7.389719,57.311957],[-7.455434,57.236721],[-7.390696,57.129055],[-7.271067,57.147935],[-7.243764,57.325507]]],[[[-7.26358,57.4831],[-7.369618,57.489325],[-7.396148,57.433987],[-7.292063,57.404731],[-7.26358,57.4831]]],[[[-7.129384,57.652899],[-7.181711,57.688544],[-7.277903,57.649563],[-7.396555,57.635321],[-7.476552,57.661933],[-7.54483,57.592963],[-7.351226,57.553697],[-7.287465,57.508775],[-7.133901,57.538398],[-7.171132,57.641425],[-7.129384,57.652899]]],[[[-6.955149,57.743842],[-6.839101,57.81269],[-6.660959,57.880316],[-6.651194,57.923814],[-6.537465,57.921332],[-6.352447,58.038642],[-6.394032,58.101793],[-6.31786,58.268297],[-6.188832,58.340806],[-6.16686,58.419501],[-6.267405,58.51203],[-6.345611,58.463202],[-6.620676,58.350735],[-6.715566,58.339667],[-6.818593,58.285102],[-6.798451,58.202379],[-6.897084,58.172105],[-6.962026,58.23017],[-7.05606,58.225653],[-7.126454,58.123969],[-7.036285,57.960639],[-6.897084,57.935614],[-6.96227,57.868842],[-7.079335,57.81269],[-6.955149,57.743842]]]]},"properties":{"LOCATION_TYPE":"level1","ADM0_A3":"GBR","LOCATION_ID":"GBR-ELS","NAME":"Eilean Siar","TYPE_EN":"Island Area"}},
{"type":"Feature","geometry":{"type":"MultiPolygon","coordinates":[[[[-3.248402,58.792182],[-3.172719,58.820054],[-3.246083,58.896186],[-3.349355,58.928534],[-3.430165,58.874823],[-3.248402,58.792182]]],[[[-2.727651,58.970893],[-2.864735,58.97484],[-3.011952,59.017401],[-3.084543,59.127997],[-3.231068,59.148424],[-3.323801,59.127427],[-3.366689,59.016099],[-3.323232,58.95718],[-3.235341,58.972561],[-3.202789,58.91592],[-2.973622,58.953803],[-2.839345,58.882636],[-2.706532,58.93244],[-2.727651,58.970893]]]]},"properties":{"LOCATION_TYPE":"level1","ADM0_A3":"GBR","LOCATION_ID":"GBR-ORK","NAME":"Orkney","TYPE_EN":"Unitary District"}},
{"type":"Feature","geometry":{"type":"MultiPolygon","coordinates":[[[[-1.097035,60.41649],[-1.217519,60.497992],[-1.33609,60.533189],[-1.291412,60.623114],[-1.548411,60.539374],[-1.4381,60.460517],[-1.396352,60.321845],[-1.657379,60.30622],[-1.669749,60.239569],[-1.455434,60.156195],[-1.357655,60.24433],[-1.262603,60.115058],[-1.375966,59.908637],[-1.274566,59.882066],[-1.242991,59.976874],[-1.170074,60.045966],[-1.20226,60.083075],[-1.143951,60.187567],[-1.137929,60.290717],[-1.075307,60.32095],[-1.097035,60.41649]]],[[[-0.987172,60.697699],[-1.092112,60.735338],[-1.180043,60.624661],[-1.167795,60.530463],[-1.097035,60.492255],[-0.979726,60.656684],[-0.987172,60.697699]]],[[[-0.904693,60.684027],[-0.801666,60.744818],[-0.77184,60.833401],[-0.860341,60.837551],[-0.926178,60.784654],[-0.966176,60.690172],[-0.904693,60.684027]]]]},"properties":{"LOCATION_TYPE":"level1","ADM0_A3":"GBR","LOCATION_ID":"GBR-ZET","NAME":"Shetland Islands","TYPE_EN":"Unitary District (city)"}},
{"type":"Feature","geometry":{"type":"Polygon","coordinates":[[[-6.298818,49.935492],[-6.309153,49.913642],[-6.284169,49.922756],[-6.298818,49.935492]]]},"properties":{"LOCATION_TYPE":"level1","ADM0_A3":"GBR","LOCATION_ID":"GBR-IOS","NAME":"Isles of Scilly","TYPE_EN":"Unitary Single-Tier County"}},
{"type":"Feature","geometry":{"type":"Polygon","coordinates":[[[-3.031877,51.605739],[-3.11474,51.700772],[-3.232252,51.738289],[-3.288993,51.793273],[-3.333848,51.789914],[-3.275273,51.676794],[-3.301731,51.648579],[-3.227524,51.545123],[-3.102389,51.543107],[-3.031877,51.605739]]]},"properties":{"LOCATION_TYPE":"level1","ADM0_A3":"GBR","LOCATION_ID":"GBR-CAY","NAME":"Caerphilly","TYPE_EN":"Unitary Authority (wales)"}},
{"type":"Feature","geometry":{"type":"Polygon","coordinates":[[[-3.301731,51.648579],[-3.438286,51.754671],[-3.435159,51.816631],[-3.583729,51.75126],[-3.549184,51.641758],[-3.461825,51.589823],[-3.475235,51.510396],[-3.29137,51.500423],[-3.227524,51.545123],[-3.301731,51.648579]]]},"properties":{"LOCATION_TYPE":"level1","ADM0_A3":"GBR","LOCATION_ID":"GBR-RCT","NAME":"Rhondda, Cynon, Taff","TYPE_EN":"Unitary Authority (wales)"}},
{"type":"Feature","geometry":{"type":"Polygon","coordinates":[[[-3.288993,51.793273],[-3.232252,51.738289],[-3.11474,51.700772],[-3.128486,51.794539],[-3.156856,51.81074],[-3.288993,51.793273]]]},"properties":{"LOCATION_TYPE":"level1","ADM0_A3":"GBR","LOCATION_ID":"GBR-BGW","NAME":"Blaenau Gwent","TYPE_EN":"Unitary Authority (wales)"}},
{"type":"Feature","geometry":{"type":"Polygon","coordinates":[[[-3.031877,51.605739],[-2.961312,51.627443],[-2.976324,51.709402],[-3.048801,51.783661],[-3.128486,51.794539],[-3.11474,51.700772],[-3.031877,51.605739]]]},"properties":{"LOCATION_TYPE":"level1","ADM0_A3":"GBR","LOCATION_ID":"GBR-TOF","NAME":"Torfaen","TYPE_EN":"Unitary Authority (wales)"}},
{"type":"Feature","geometry":{"type":"Polygon","coordinates":[[[-3.333848,51.789914],[-3.435159,51.816631],[-3.438286,51.754671],[-3.301731,51.648579],[-3.275273,51.676794],[-3.333848,51.789914]]]},"properties":{"LOCATION_TYPE":"level1","ADM0_A3":"GBR","LOCATION_ID":"GBR-MTY","NAME":"Merthyr Tydfil","TYPE_EN":"Unitary Authority (wales)"}},
{"type":"Feature","geometry":{"type":"Polygon","coordinates":[[[-4.011274,56.012189],[-4.125737,56.005522],[-4.069901,55.908164],[-4.161885,55.891679],[-4.084267,55.827239],[-3.897664,55.734324],[-3.73341,55.78352],[-3.745037,55.857986],[-3.808883,55.895219],[-4.011274,56.012189]]]},"properties":{"LOCATION_TYPE":"level1","ADM0_A3":"GBR","LOCATION_ID":"GBR-NLK","NAME":"North Lanarkshire","TYPE_EN":"Unitary District"}},
{"type":"Feature","geometry":{"type":"Polygon","coordinates":[[[-4.125737,56.005522],[-4.287536,56.016607],[-4.364793,55.975602],[-4.351667,55.905218],[-4.269475,55.91607],[-4.161885,55.891679],[-4.069901,55.908164],[-4.125737,56.005522]]]},"properties":{"LOCATION_TYPE":"level1","ADM0_A3":"GBR","LOCATION_ID":"GBR-EDU","NAME":"East Dunbartonshire","TYPE_EN":"Unitary District"}},
{"type":"Feature","geometry":{"type":"Polygon","coordinates":[[[-4.355775,55.864032],[-4.356834,55.819125],[-4.240356,55.793391],[-4.176871,55.830804],[-4.084267,55.827239],[-4.161885,55.891679],[-4.269475,55.91607],[-4.351667,55.905218],[-4.355775,55.864032]]]},"properties":{"LOCATION_TYPE":"level1","ADM0_A3":"GBR","LOCATION_ID":"GBR-GLG","NAME":"Glasgow","TYPE_EN":"Unitary District (city)"}},
{"type":"Feature","geometry":{"type":"Polygon","coordinates":[[[-4.517936,55.759284],[-4.250975,55.685955],[-4.240356,55.793391],[-4.356834,55.819125],[-4.51636,55.762824],[-4.517936,55.759284]]]},"properties":{"LOCATION_TYPE":"level1","ADM0_A3":"GBR","LOCATION_ID":"GBR-ERW","NAME":"East Renfrewshire","TYPE_EN":"Unitary District"}},
{"type":"Feature","geometry":{"type":"Polygon","coordinates":[[[-4.582066,55.59131],[-4.443057,55.544827],[-4.479127,55.457649],[-4.465613,55.38556],[-4.533232,55.339],[-4.444607,55.281897],[-4.4675,55.157822],[-4.403343,55.153016],[-4.348954,55.262725],[-4.296993,55.307736],[-4.188628,55.313833],[-4.085585,55.347165],[-4.094189,55.396051],[-3.983214,55.461008],[-3.960812,55.540305],[-4.196689,55.55232],[-4.172634,55.598881],[-4.250975,55.685955],[-4.517936,55.759284],[-4.61824,55.677015],[-4.510029,55.621411],[-4.582066,55.59131]]]},"properties":{"LOCATION_TYPE":"level1","ADM0_A3":"GBR","LOCATION_ID":"GBR-EAY","NAME":"East Ayrshire","TYPE_EN":"Unitary District"}},
{"type":"Feature","geometry":{"type":"Polygon","coordinates":[[[-3.983214,55.461008],[-3.825885,55.446332],[-3.708347,55.362719],[-3.642253,55.289649],[-3.571973,55.329646],[-3.567529,55.383855],[-3.500298,55.409667],[-3.534766,55.438012],[-3.485027,55.514958],[-3.479472,55.648542],[-3.394464,55.707711],[-3.457871,55.769619],[-3.611169,55.803829],[-3.73341,55.78352],[-3.897664,55.734324],[-4.084267,55.827239],[-4.176871,55.830804],[-4.240356,55.793391],[-4.250975,55.685955],[-4.172634,55.598881],[-4.196689,55.55232],[-3.960812,55.540305],[-3.983214,55.461008]]]},"properties":{"LOCATION_TYPE":"level1","ADM0_A3":"GBR","LOCATION_ID":"GBR-SLK","NAME":"South Lanarkshire","TYPE_EN":"Unitary District"}},
{"type":"Feature","geometry":{"type":"Polygon","coordinates":[[[-6.929752,54.767717],[-6.96975,54.74162],[-6.761132,54.736039],[-6.683618,54.695783],[-6.559517,54.727151],[-6.498642,54.706222],[-6.480684,54.782729],[-6.506936,54.916028],[-6.520423,54.945122],[-6.781131,54.911067],[-6.776971,54.86523],[-6.890013,54.851588],[-6.917479,54.815828],[-6.929752,54.767717]]]},"properties":{"LOCATION_TYPE":"level1","ADM0_A3":"GBR","LOCATION_ID":"GBR-MFT","NAME":"Magherafelt","TYPE_EN":"District"}},
{"type":"Feature","geometry":{"type":"Polygon","coordinates":[[[-7.693375,54.60075],[-7.548914,54.565223],[-7.578653,54.505511],[-7.559223,54.429107],[-7.508063,54.404948],[-7.364455,54.430218],[-7.125322,54.46882],[-6.972799,54.538015],[-6.96143,54.576617],[-6.99502,54.730768],[-6.96975,54.74162],[-6.929752,54.767717],[-7.000058,54.777174],[-7.109741,54.748855],[-7.205575,54.752731],[-7.482535,54.651031],[-7.693375,54.60075]]]},"properties":{"LOCATION_TYPE":"level1","ADM0_A3":"GBR","LOCATION_ID":"GBR-OMH","NAME":"Omagh","TYPE_EN":"District"}},
{"type":"Feature","geometry":{"type":"Polygon","coordinates":[[[-6.96143,54.576617],[-6.823919,54.575791],[-6.714778,54.551348],[-6.637806,54.565765],[-6.527813,54.539772],[-6.437043,54.568814],[-6.420843,54.6547],[-6.498642,54.706222],[-6.559517,54.727151],[-6.683618,54.695783],[-6.761132,54.736039],[-6.96975,54.74162],[-6.99502,54.730768],[-6.96143,54.576617]]]},"properties":{"LOCATION_TYPE":"level1","ADM0_A3":"GBR","LOCATION_ID":"GBR-CKT","NAME":"Mid Ulster","TYPE_EN":"Province"}},
{"type":"Feature","geometry":{"type":"Polygon","coordinates":[[[-6.554711,54.463343],[-6.462236,54.378283],[-6.405288,54.393838],[-6.237805,54.397455],[-6.210494,54.433164],[-6.273643,54.52215],[-6.264057,54.592456],[-6.437043,54.568814],[-6.527813,54.539772],[-6.554711,54.463343]]]},"properties":{"LOCATION_TYPE":"level1","ADM0_A3":"GBR","LOCATION_ID":"GBR-CGV","NAME":"Craigavon","TYPE_EN":"District"}},
{"type":"Feature","geometry":{"type":"Polygon","coordinates":[[[-6.36002,54.276894],[-6.192278,54.246043],[-6.045336,54.246612],[-5.947564,54.290485],[-5.950381,54.379678],[-6.009188,54.376319],[-6.166414,54.444119],[-6.210494,54.433164],[-6.237805,54.397455],[-6.405288,54.393838],[-6.36002,54.276894]]]},"properties":{"LOCATION_TYPE":"level1","ADM0_A3":"GBR","LOCATION_ID":"GBR-BNB","NAME":"Banbridge","TYPE_EN":"District"}},
{"type":"Feature","geometry":{"type":"Polygon","coordinates":[[[-6.498642,54.706222],[-6.420843,54.6547],[-6.437043,54.568814],[-6.264057,54.592456],[-6.065877,54.622713],[-6.022495,54.662452],[-6.084223,54.791901],[-6.152565,54.807146],[-6.388648,54.776605],[-6.480684,54.782729],[-6.498642,54.706222]]]},"properties":{"LOCATION_TYPE":"level1","ADM0_A3":"GBR","LOCATION_ID":"GBR-ANT","NAME":"Antrim","TYPE_EN":"District"}},
{"type":"Feature","geometry":{"type":"Polygon","coordinates":[[[-5.868112,54.479104],[-5.954747,54.554396],[-6.065877,54.622713],[-6.264057,54.592456],[-6.273643,54.52215],[-6.210494,54.433164],[-6.166414,54.444119],[-6.009188,54.376319],[-5.950381,54.379678],[-5.868112,54.479104]]]},"properties":{"LOCATION_TYPE":"level1","ADM0_A3":"GBR","LOCATION_ID":"GBR-LSB","NAME":"Lisburn","TYPE_EN":"District"}},
{"type":"Feature","geometry":{"type":"Polygon","coordinates":[[[-6.506936,54.916028],[-6.451409,54.960496],[-6.370329,54.969927],[-6.192536,55.028269],[-6.22809,55.120512],[-6.324208,55.104105],[-6.515307,55.149089],[-6.613854,55.076638],[-6.581996,54.995222],[-6.520423,54.945122],[-6.506936,54.916028]]]},"properties":{"LOCATION_TYPE":"level1","ADM0_A3":"GBR","LOCATION_ID":"GBR-BLY","NAME":"Ballymoney","TYPE_EN":"District"}},
{"type":"Feature","geometry":{"type":"Polygon","coordinates":[[[-6.480684,54.782729],[-6.388648,54.776605],[-6.152565,54.807146],[-6.084223,54.791901],[-6.006966,54.798568],[-6.023632,54.934683],[-6.101922,54.986877],[-6.192536,55.028269],[-6.370329,54.969927],[-6.451409,54.960496],[-6.506936,54.916028],[-6.480684,54.782729]]]},"properties":{"LOCATION_TYPE":"level1","ADM0_A3":"GBR","LOCATION_ID":"GBR-BLA","NAME":"Ballymena","TYPE_EN":"District"}},
{"type":"Feature","geometry":{"type":"Polygon","coordinates":[[[-5.818683,54.49161],[-5.756982,54.615788],[-5.807805,54.614393],[-5.954747,54.554396],[-5.868112,54.479104],[-5.818683,54.49161]]]},"properties":{"LOCATION_TYPE":"level1","ADM0_A3":"GBR","LOCATION_ID":"GBR-CSR","NAME":"Castlereagh","TYPE_EN":"District"}},
{"type":"Feature","geometry":{"type":"Polygon","coordinates":[[[-0.131718,51.417689],[-0.127919,51.492103],[-0.142854,51.483731],[-0.171173,51.472647],[-0.212669,51.472879],[-0.244321,51.432468],[-0.131718,51.417689]]]},"properties":{"LOCATION_TYPE":"level1","ADM0_A3":"GBR","LOCATION_ID":"GBR-WND","NAME":"Wandsworth","TYPE_EN":"London Borough"}},
{"type":"Feature","geometry":{"type":"Polygon","coordinates":[[[-0.131718,51.417689],[-0.244321,51.432468],[-0.224787,51.385339],[-0.13133,51.3872],[-0.126938,51.408025],[-0.131718,51.417689]]]},"properties":{"LOCATION_TYPE":"level1","ADM0_A3":"GBR","LOCATION_ID":"GBR-MRT","NAME":"Merton","TYPE_EN":"London Borough"}},
{"type":"Feature","geometry":{"type":"Polygon","coordinates":[[[-0.127919,51.492103],[-0.11221,51.502438],[-0.179002,51.528302],[-0.211093,51.522049],[-0.142854,51.483731],[-0.127919,51.492103]]]},"properties":{"LOCATION_TYPE":"level1","ADM0_A3":"GBR","LOCATION_ID":"GBR-WSM","NAME":"Westminster","TYPE_EN":"London Borough (city)"}},
{"type":"Feature","geometry":{"type":"Polygon","coordinates":[[[-0.211093,51.522049],[-0.171173,51.472647],[-0.142854,51.483731],[-0.211093,51.522049]]]},"properties":{"LOCATION_TYPE":"level1","ADM0_A3":"GBR","LOCATION_ID":"GBR-KEC","NAME":"Kensington and Chelsea","TYPE_EN":"London Borough (royal)"}},
{"type":"Feature","geometry":{"type":"Polygon","coordinates":[[[-0.244527,51.494377],[-0.392684,51.493601],[-0.44144,51.453862],[-0.384415,51.413658],[-0.363952,51.45071],[-0.236698,51.487194],[-0.244527,51.494377]]]},"properties":{"LOCATION_TYPE":"level1","ADM0_A3":"GBR","LOCATION_ID":"GBR-HNS","NAME":"Hounslow","TYPE_EN":"London Borough"}},
{"type":"Feature","geometry":{"type":"Polygon","coordinates":[[[-0.392684,51.493601],[-0.244527,51.494377],[-0.236621,51.526468],[-0.32553,51.549309],[-0.367801,51.548378],[-0.392684,51.493601]]]},"properties":{"LOCATION_TYPE":"level1","ADM0_A3":"GBR","LOCATION_ID":"GBR-EAL","NAME":"Ealing","TYPE_EN":"London Borough"}},
{"type":"Feature","geometry":{"type":"Polygon","coordinates":[[[-0.212669,51.472879],[-0.171173,51.472647],[-0.211093,51.522049],[-0.236621,51.526468],[-0.244527,51.494377],[-0.236698,51.487194],[-0.212669,51.472879]]]},"properties":{"LOCATION_TYPE":"level1","ADM0_A3":"GBR","LOCATION_ID":"GBR-HMF","NAME":"Hammersmith and Fulham","TYPE_EN":"London Borough"}},
{"type":"Feature","geometry":{"type":"Polygon","coordinates":[[[-1.431974,54.481119],[-1.326684,54.462154],[-1.250848,54.486649],[-1.293042,54.544578],[-1.21868,54.575377],[-1.211703,54.606641],[-1.388489,54.626692],[-1.412596,54.599975],[-1.431974,54.481119]]]},"properties":{"LOCATION_TYPE":"level1","ADM0_A3":"GBR","LOCATION_ID":"GBR-STT","NAME":"Stockton-on-Tees","TYPE_EN":"Unitary Authority"}},
{"type":"Feature","geometry":{"type":"Polygon","coordinates":[[[-1.412596,54.599975],[-1.483211,54.572483],[-1.672761,54.591552],[-1.681778,54.53109],[-1.532537,54.465203],[-1.431974,54.481119],[-1.412596,54.599975]]]},"properties":{"LOCATION_TYPE":"level1","ADM0_A3":"GBR","LOCATION_ID":"GBR-DAL","NAME":"Darlington","TYPE_EN":"Unitary Authority"}},
{"type":"Feature","geometry":{"type":"Polygon","coordinates":[[[-1.21868,54.575377],[-1.293042,54.544578],[-1.250848,54.486649],[-1.179535,54.503805],[-1.21868,54.575377]]]},"properties":{"LOCATION_TYPE":"level1","ADM0_A3":"GBR","LOCATION_ID":"GBR-MDB","NAME":"Middlesbrough","TYPE_EN":"Unitary Authority"}},
{"type":"Feature","geometry":{"type":"Polygon","coordinates":[[[-0.212669,51.472879],[-0.236698,51.487194],[-0.363952,51.45071],[-0.384415,51.413658],[-0.306694,51.384357],[-0.244321,51.432468],[-0.212669,51.472879]]]},"properties":{"LOCATION_TYPE":"level1","ADM0_A3":"GBR","LOCATION_ID":"GBR-RIC","NAME":"Richmond upon Thames","TYPE_EN":"London Borough"}},
{"type":"Feature","geometry":{"type":"Polygon","coordinates":[[[-0.072031,51.515977],[-0.087405,51.526933],[-0.102546,51.52347],[-0.097301,51.509724],[-0.066864,51.507864],[-0.072031,51.515977]]]},"properties":{"LOCATION_TYPE":"level1","ADM0_A3":"GBR","LOCATION_ID":"GBR-LND","NAME":"City","TYPE_EN":"City Corporation"}},
{"type":"Feature","geometry":{"type":"Polygon","coordinates":[[[-0.066864,51.507864],[-0.023146,51.488692],[0.019436,51.502593],[-0.011027,51.543469],[-0.072031,51.515977],[-0.066864,51.507864]]]},"properties":{"LOCATION_TYPE":"level1","ADM0_A3":"GBR","LOCATION_ID":"GBR-TWH","NAME":"Tower Hamlets","TYPE_EN":"London Borough"}},
{"type":"Feature","geometry":{"type":"Polygon","coordinates":[[[-1.820064,54.904659],[-1.577316,54.885975],[-1.525722,54.921396],[-1.532222,54.953896],[-1.749474,55.002741],[-1.820064,54.904659]]]},"properties":{"LOCATION_TYPE":"level1","ADM0_A3":"GBR","LOCATION_ID":"GBR-GAT","NAME":"Gateshead","TYPE_EN":"Metropolitan Borough"}},
{"type":"Feature","geometry":{"type":"Polygon","coordinates":[[[-1.64934,55.067664],[-1.749474,55.002741],[-1.532222,54.953896],[-1.489973,54.983145],[-1.64934,55.067664]]]},"properties":{"LOCATION_TYPE":"level1","ADM0_A3":"GBR","LOCATION_ID":"GBR-NET","NAME":"Newcastle upon Tyne","TYPE_EN":"Metropolitan Borough"}},
{"type":"Feature","geometry":{"type":"Polygon","coordinates":[[[-0.927974,53.971848],[-1.007039,54.027762],[-1.146772,54.027762],[-1.232012,53.969058],[-1.218034,53.914591],[-1.141191,53.860072],[-0.940506,53.867978],[-0.927974,53.971848]]]},"properties":{"LOCATION_TYPE":"level1","ADM0_A3":"GBR","LOCATION_ID":"GBR-YOR","NAME":"York","TYPE_EN":"Unitary Authority"}},
{"type":"Feature","geometry":{"type":"Polygon","coordinates":[[[-2.68058,53.378809],[-2.670865,53.431054],[-2.566427,53.435602],[-2.690037,53.47162],[-2.752023,53.511101],[-2.815585,53.491051],[-2.793412,53.402527],[-2.754702,53.37809],[-2.68058,53.378809]]]},"properties":{"LOCATION_TYPE":"level1","ADM0_A3":"GBR","LOCATION_ID":"GBR-SHN","NAME":"Merseyside","TYPE_EN":"Metropolitan Borough"}},
{"type":"Feature","geometry":{"type":"Polygon","coordinates":[[[-0.01126,51.677208],[-0.165409,51.671339],[-0.130529,51.60778],[-0.029967,51.601063],[-0.002604,51.646615],[-0.01126,51.677208]]]},"properties":{"LOCATION_TYPE":"level1","ADM0_A3":"GBR","LOCATION_ID":"GBR-ENF","NAME":"Enfield","TYPE_EN":"London Borough"}},
{"type":"Feature","geometry":{"type":"Polygon","coordinates":[[[-0.01126,51.677208],[0.035559,51.768262],[0.158032,51.790482],[0.141651,51.883862],[0.080543,52.002433],[-0.011441,52.051604],[-0.109187,52.019357],[-0.146135,52.069664],[-0.254759,51.978585],[-0.386431,51.971066],[-0.385191,51.921069],[-0.335323,51.851047],[-0.45268,51.84743],[-0.533631,51.81937],[-0.673648,51.769399],[-0.548359,51.716327],[-0.493453,51.590934],[-0.399789,51.614783],[-0.29362,51.638347],[-0.165409,51.671339],[-0.01126,51.677208]]]},"properties":{"LOCATION_TYPE":"level1","ADM0_A3":"GBR","LOCATION_ID":"GBR-HRT","NAME":"Hertfordshire","TYPE_EN":"Administrative County"}},
{"type":"Feature","geometry":{"type":"Polygon","coordinates":[[[-0.165409,51.671339],[-0.29362,51.638347],[-0.2668,51.600985],[-0.204736,51.551479],[-0.162698,51.566362],[-0.130529,51.60778],[-0.165409,51.671339]]]},"properties":{"LOCATION_TYPE":"level1","ADM0_A3":"GBR","LOCATION_ID":"GBR-BNE","NAME":"Barnet","TYPE_EN":"London Borough"}},
{"type":"Feature","geometry":{"type":"Polygon","coordinates":[[[-0.029967,51.601063],[-0.05273,51.573597],[-0.01064,51.552409],[0.02388,51.55427],[0.027627,51.626461],[-0.002604,51.646615],[-0.029967,51.601063]]]},"properties":{"LOCATION_TYPE":"level1","ADM0_A3":"GBR","LOCATION_ID":"GBR-WFT","NAME":"Waltham Forest","TYPE_EN":"London Borough"}},
{"type":"Feature","geometry":{"type":"Polygon","coordinates":[[[0.148472,51.617444],[0.027627,51.626461],[0.02388,51.55427],[0.074575,51.542074],[0.152399,51.598918],[0.148472,51.617444]]]},"properties":{"LOCATION_TYPE":"level1","ADM0_A3":"GBR","LOCATION_ID":"GBR-RDB","NAME":"Redbridge","TYPE_EN":"London Borough"}},
{"type":"Feature","geometry":{"type":"Polygon","coordinates":[[[0.152399,51.598918],[0.192862,51.549412],[0.166042,51.500113],[0.224643,51.489002],[0.319883,51.557939],[0.231361,51.629123],[0.148472,51.617444],[0.152399,51.598918]]]},"properties":{"LOCATION_TYPE":"level1","ADM0_A3":"GBR","LOCATION_ID":"GBR-HAV","NAME":"Havering","TYPE_EN":"London Borough"}},
{"type":"Feature","geometry":{"type":"Polygon","coordinates":[[[-0.146135,52.069664],[-0.109187,52.019357],[-0.011441,52.051604],[0.080543,52.002433],[0.286629,52.084935],[0.408921,52.059303],[0.398043,52.104365],[0.517209,52.210509],[0.472457,52.30828],[0.389672,52.390187],[0.447213,52.432175],[0.328538,52.503281],[0.253013,52.487443],[0.219915,52.584388],[0.15705,52.67017],[0.172372,52.724327],[0.052767,52.700504],[0.0322,52.648001],[-0.0495,52.657871],[-0.062755,52.585421],[-0.215382,52.552245],[-0.286773,52.504134],[-0.414362,52.559635],[-0.407153,52.511782],[-0.335607,52.455506],[-0.42586,52.382436],[-0.458778,52.308771],[-0.371135,52.267714],[-0.355322,52.227148],[-0.25308,52.191905],[-0.130607,52.121315],[-0.146135,52.069664]]]},"properties":{"LOCATION_TYPE":"level1","ADM0_A3":"GBR","LOCATION_ID":"GBR-CAM","NAME":"Cambridgeshire","TYPE_EN":"Administrative County"}},
{"type":"Feature","geometry":{"type":"Polygon","coordinates":[[[0.166042,51.500113],[0.120515,51.5028],[0.080311,51.431538],[0.166249,51.398517],[0.222834,51.471897],[0.224643,51.489002],[0.166042,51.500113]]]},"properties":{"LOCATION_TYPE":"level1","ADM0_A3":"GBR","LOCATION_ID":"GBR-BEX","NAME":"Bexley","TYPE_EN":"London Borough"}},
{"type":"Feature","geometry":{"type":"Polygon","coordinates":[[[-0.13133,51.3872],[-0.224787,51.385339],[-0.243106,51.373557],[-0.163654,51.319607],[-0.13133,51.3872]]]},"properties":{"LOCATION_TYPE":"level1","ADM0_A3":"GBR","LOCATION_ID":"GBR-STN","NAME":"Sutton","TYPE_EN":"London Borough"}},
{"type":"Feature","geometry":{"type":"Polygon","coordinates":[[[-0.867409,52.033827],[-0.722483,51.949698],[-0.657215,51.947889],[-0.630034,52.028297],[-0.573655,52.096614],[-0.654502,52.192473],[-0.806715,52.152166],[-0.878365,52.116044],[-0.827799,52.072171],[-0.867409,52.033827]]]},"properties":{"LOCATION_TYPE":"level1","ADM0_A3":"GBR","LOCATION_ID":"GBR-MIK","NAME":"Milton Keynes","TYPE_EN":"Unitary Authority"}},
{"type":"Feature","geometry":{"type":"Polygon","coordinates":[[[-0.867409,52.033827],[-0.940583,52.071887],[-1.096723,52.043826],[-1.108196,52.009177],[-1.047243,51.939672],[-1.116154,51.837973],[-1.065898,51.751338],[-0.965569,51.756066],[-0.884488,51.716327],[-0.944485,51.619123],[-0.887072,51.548094],[-0.846325,51.542487],[-0.743179,51.562021],[-0.701321,51.507141],[-0.636183,51.493705],[-0.512806,51.475773],[-0.497199,51.477788],[-0.471439,51.549955],[-0.493453,51.590934],[-0.548359,51.716327],[-0.673648,51.769399],[-0.533631,51.81937],[-0.561123,51.854665],[-0.688066,51.902724],[-0.657215,51.947889],[-0.722483,51.949698],[-0.867409,52.033827]]]},"properties":{"LOCATION_TYPE":"level1","ADM0_A3":"GBR","LOCATION_ID":"GBR-BKM","NAME":"Buckinghamshire","TYPE_EN":"Administrative County"}},
{"type":"Feature","geometry":{"type":"Polygon","coordinates":[[[-0.367801,51.548378],[-0.399789,51.614783],[-0.493453,51.590934],[-0.471439,51.549955],[-0.497199,51.477788],[-0.44144,51.453862],[-0.392684,51.493601],[-0.367801,51.548378]]]},"properties":{"LOCATION_TYPE":"level1","ADM0_A3":"GBR","LOCATION_ID":"GBR-HIL","NAME":"Hillingdon","TYPE_EN":"London Borough"}},
{"type":"Feature","geometry":{"type":"Polygon","coordinates":[[[-0.179002,51.528302],[-0.204736,51.551479],[-0.2668,51.600985],[-0.32553,51.549309],[-0.236621,51.526468],[-0.211093,51.522049],[-0.179002,51.528302]]]},"properties":{"LOCATION_TYPE":"level1","ADM0_A3":"GBR","LOCATION_ID":"GBR-BEN","NAME":"Brent","TYPE_EN":"London Borough"}},
{"type":"Feature","geometry":{"type":"Polygon","coordinates":[[[-0.385191,51.921069],[-0.46454,51.913627],[-0.45268,51.84743],[-0.335323,51.851047],[-0.385191,51.921069]]]},"properties":{"LOCATION_TYPE":"level1","ADM0_A3":"GBR","LOCATION_ID":"GBR-LUT","NAME":"Luton","TYPE_EN":"Unitary Authority"}},
{"type":"Feature","geometry":{"type":"Polygon","coordinates":[[[-0.32553,51.549309],[-0.2668,51.600985],[-0.29362,51.638347],[-0.399789,51.614783],[-0.367801,51.548378],[-0.32553,51.549309]]]},"properties":{"LOCATION_TYPE":"level1","ADM0_A3":"GBR","LOCATION_ID":"GBR-HRW","NAME":"Harrow","TYPE_EN":"London Borough"}},
{"type":"Feature","geometry":{"type":"Polygon","coordinates":[[[-0.657215,51.947889],[-0.688066,51.902724],[-0.561123,51.854665],[-0.533631,51.81937],[-0.45268,51.84743],[-0.46454,51.913627],[-0.385191,51.921069],[-0.386431,51.971066],[-0.254759,51.978585],[-0.146135,52.069664],[-0.130607,52.121315],[-0.25308,52.191905],[-0.324706,52.179246],[-0.338457,52.104989],[-0.393462,52.066486],[-0.573655,52.096614],[-0.630034,52.028297],[-0.657215,51.947889]]]},"properties":{"LOCATION_TYPE":"level1","ADM0_A3":"GBR","LOCATION_ID":"GBR-CBF","NAME":"Central Bedfordshire","TYPE_EN":"Unitary Authority"}},
{"type":"Feature","geometry":{"type":"Polygon","coordinates":[[[-0.573655,52.096614],[-0.393462,52.066486],[-0.338457,52.104989],[-0.324706,52.179246],[-0.25308,52.191905],[-0.355322,52.227148],[-0.371135,52.267714],[-0.458778,52.308771],[-0.525285,52.26048],[-0.641402,52.259084],[-0.654502,52.192473],[-0.573655,52.096614]]]},"properties":{"LOCATION_TYPE":"level1","ADM0_A3":"GBR","LOCATION_ID":"GBR-BDF","NAME":"Bedford","TYPE_EN":"Unitary Authority"}},
{"type":"Feature","geometry":{"type":"Polygon","coordinates":[[[-0.651066,52.74753],[-0.805113,52.708669],[-0.800101,52.595498],[-0.729898,52.506666],[-0.548075,52.590485],[-0.490714,52.636477],[-0.415318,52.686604],[-0.563655,52.740502],[-0.651066,52.74753]]]},"properties":{"LOCATION_TYPE":"level1","ADM0_A3":"GBR","LOCATION_ID":"GBR-RUT","NAME":"Rutland","TYPE_EN":"Unitary Authority"}},
{"type":"Feature","geometry":{"type":"Polygon","coordinates":[[[-0.91937,53.487433],[-1.013085,53.408265],[-1.118066,53.378551],[-1.176021,53.292923],[-1.190878,53.167711],[-1.312834,53.131021],[-1.329732,53.050199],[-1.283921,52.985758],[-1.262811,52.86158],[-1.259763,52.799103],[-1.188191,52.772257],[-1.100031,52.807991],[-0.979495,52.807733],[-0.766718,52.96116],[-0.781445,53.006067],[-0.688635,53.049682],[-0.706153,53.160218],[-0.656957,53.231325],[-0.776536,53.234193],[-0.747132,53.330595],[-0.797155,53.452293],[-0.91937,53.487433]],[[-1.170982,52.872277],[-1.228808,52.915892],[-1.192299,52.99196],[-1.135481,52.981831],[-1.104061,52.918941],[-1.170982,52.872277]]]},"properties":{"LOCATION_TYPE":"level1","ADM0_A3":"GBR","LOCATION_ID":"GBR-NTT","NAME":"Nottinghamshire","TYPE_EN":"Administrative County"}},
{"type":"Feature","geometry":{"type":"Polygon","coordinates":[[[-0.654502,52.192473],[-0.641402,52.259084],[-0.525285,52.26048],[-0.458778,52.308771],[-0.42586,52.382436],[-0.335607,52.455506],[-0.407153,52.511782],[-0.414362,52.559635],[-0.473919,52.568006],[-0.490714,52.636477],[-0.548075,52.590485],[-0.729898,52.506666],[-0.870846,52.504961],[-1.100599,52.424087],[-1.186615,52.381299],[-1.233356,52.327452],[-1.208086,52.249938],[-1.321232,52.161519],[-1.237232,52.096045],[-1.293946,52.071344],[-1.265034,51.97967],[-1.108196,52.009177],[-1.096723,52.043826],[-0.940583,52.071887],[-0.867409,52.033827],[-0.827799,52.072171],[-0.878365,52.116044],[-0.806715,52.152166],[-0.654502,52.192473]]]},"properties":{"LOCATION_TYPE":"level1","ADM0_A3":"GBR","LOCATION_ID":"GBR-NTH","NAME":"Northamptonshire","TYPE_EN":"Administrative County"}},
{"type":"Feature","geometry":{"type":"Polygon","coordinates":[[[-0.130968,51.56414],[-0.162698,51.566362],[-0.204736,51.551479],[-0.179002,51.528302],[-0.11221,51.502438],[-0.107895,51.50528],[-0.097301,51.509724],[-0.102546,51.52347],[-0.130968,51.56414]]]},"properties":{"LOCATION_TYPE":"level1","ADM0_A3":"GBR","LOCATION_ID":"GBR-CMD","NAME":"Camden","TYPE_EN":"London Borough"}},
{"type":"Feature","geometry":{"type":"Polygon","coordinates":[[[-0.102546,51.52347],[-0.087405,51.526933],[-0.094149,51.560057],[-0.130968,51.56414],[-0.102546,51.52347]]]},"properties":{"LOCATION_TYPE":"level1","ADM0_A3":"GBR","LOCATION_ID":"GBR-ISL","NAME":"Islington","TYPE_EN":"London Borough"}},
{"type":"Feature","geometry":{"type":"Polygon","coordinates":[[[-0.0495,52.657871],[-0.137531,52.638544],[-0.315014,52.663556],[-0.490714,52.636477],[-0.473919,52.568006],[-0.414362,52.559635],[-0.286773,52.504134],[-0.215382,52.552245],[-0.062755,52.585421],[-0.0495,52.657871]]]},"properties":{"LOCATION_TYPE":"level1","ADM0_A3":"GBR","LOCATION_ID":"GBR-PTE","NAME":"Peterborough","TYPE_EN":"Unitary Authority"}},
{"type":"Feature","geometry":{"type":"Polygon","coordinates":[[[-0.126938,51.408025],[-0.076398,51.41433],[-0.074564,51.419187],[-0.107895,51.50528],[-0.11221,51.502438],[-0.127919,51.492103],[-0.131718,51.417689],[-0.126938,51.408025]]]},"properties":{"LOCATION_TYPE":"level1","ADM0_A3":"GBR","LOCATION_ID":"GBR-LBH","NAME":"Lambeth","TYPE_EN":"London Borough"}},
{"type":"Feature","geometry":{"type":"Polygon","coordinates":[[[-0.066864,51.507864],[-0.097301,51.509724],[-0.107895,51.50528],[-0.074564,51.419187],[-0.066709,51.421022],[-0.023146,51.488692],[-0.066864,51.507864]]]},"properties":{"LOCATION_TYPE":"level1","ADM0_A3":"GBR","LOCATION_ID":"GBR-SWK","NAME":"Southwark","TYPE_EN":"London Borough"}},
{"type":"Feature","geometry":{"type":"Polygon","coordinates":[[[-1.073934,53.647682],[-1.229971,53.620655],[-1.34446,53.580761],[-1.294744,53.51397],[-1.325355,53.477793],[-1.118066,53.378551],[-1.013085,53.408265],[-0.91937,53.487433],[-0.860717,53.612438],[-0.94141,53.65688],[-1.073934,53.647682]]]},"properties":{"LOCATION_TYPE":"level1","ADM0_A3":"GBR","LOCATION_ID":"GBR-DNC","NAME":"Doncaster","TYPE_EN":"Metropolitan Borough"}},
{"type":"Feature","geometry":{"type":"Polygon","coordinates":[[[-0.13133,51.3872],[-0.163654,51.319607],[-0.1281,51.289118],[0.013131,51.320692],[-0.076398,51.41433],[-0.126938,51.408025],[-0.13133,51.3872]]]},"properties":{"LOCATION_TYPE":"level1","ADM0_A3":"GBR","LOCATION_ID":"GBR-CRY","NAME":"Croydon","TYPE_EN":"London Borough"}},
{"type":"Feature","geometry":{"type":"Polygon","coordinates":[[[-0.023146,51.488692],[-0.066709,51.421022],[0.025456,51.438023],[-0.023146,51.488692]]]},"properties":{"LOCATION_TYPE":"level1","ADM0_A3":"GBR","LOCATION_ID":"GBR-LEW","NAME":"Lewisham","TYPE_EN":"London Borough"}},
{"type":"Feature","geometry":{"type":"Polygon","coordinates":[[[-0.094149,51.560057],[-0.05273,51.573597],[-0.029967,51.601063],[-0.130529,51.60778],[-0.162698,51.566362],[-0.130968,51.56414],[-0.094149,51.560057]]]},"properties":{"LOCATION_TYPE":"level1","ADM0_A3":"GBR","LOCATION_ID":"GBR-HRY","NAME":"Haringey","TYPE_EN":"London Borough"}},
{"type":"Feature","geometry":{"type":"Polygon","coordinates":[[[-0.244321,51.432468],[-0.306694,51.384357],[-0.243106,51.373557],[-0.224787,51.385339],[-0.244321,51.432468]]]},"properties":{"LOCATION_TYPE":"level1","ADM0_A3":"GBR","LOCATION_ID":"GBR-KTT","NAME":"Kingston upon Thames","TYPE_EN":"London Borough (royal)"}},
{"type":"Feature","geometry":{"type":"Polygon","coordinates":[[[0.019436,51.502593],[0.096873,51.497736],[0.074575,51.542074],[0.02388,51.55427],[-0.01064,51.552409],[-0.011027,51.543469],[0.019436,51.502593]]]},"properties":{"LOCATION_TYPE":"level1","ADM0_A3":"GBR","LOCATION_ID":"GBR-NWM","NAME":"Newham","TYPE_EN":"London Borough"}},
{"type":"Feature","geometry":{"type":"Polygon","coordinates":[[[0.019436,51.502593],[-0.023146,51.488692],[0.025456,51.438023],[0.080311,51.431538],[0.120515,51.5028],[0.096873,51.497736],[0.019436,51.502593]]]},"properties":{"LOCATION_TYPE":"level1","ADM0_A3":"GBR","LOCATION_ID":"GBR-GRE","NAME":"Greenwich","TYPE_EN":"London Borough (royal)"}},
{"type":"Feature","geometry":{"type":"Polygon","coordinates":[[[-0.087405,51.526933],[-0.072031,51.515977],[-0.011027,51.543469],[-0.01064,51.552409],[-0.05273,51.573597],[-0.094149,51.560057],[-0.087405,51.526933]]]},"properties":{"LOCATION_TYPE":"level1","ADM0_A3":"GBR","LOCATION_ID":"GBR-HCK","NAME":"Hackney","TYPE_EN":"London Borough"}},
{"type":"Feature","geometry":{"type":"Polygon","coordinates":[[[0.152399,51.598918],[0.074575,51.542074],[0.096873,51.497736],[0.120515,51.5028],[0.166042,51.500113],[0.192862,51.549412],[0.152399,51.598918]]]},"properties":{"LOCATION_TYPE":"level1","ADM0_A3":"GBR","LOCATION_ID":"GBR-BDG","NAME":"Barking and Dagenham","TYPE_EN":"London Borough"}},
{"type":"Feature","geometry":{"type":"Polygon","coordinates":[[[-0.766718,52.96116],[-0.979495,52.807733],[-1.100031,52.807991],[-1.188191,52.772257],[-1.259763,52.799103],[-1.262811,52.86158],[-1.370583,52.831323],[-1.395336,52.789956],[-1.583076,52.68495],[-1.580027,52.676888],[-1.533906,52.641593],[-1.545843,52.58077],[-1.293378,52.479381],[-1.186615,52.381299],[-1.100599,52.424087],[-0.870846,52.504961],[-0.729898,52.506666],[-0.800101,52.595498],[-0.805113,52.708669],[-0.651066,52.74753],[-0.676155,52.806906],[-0.7631,52.894653],[-0.766718,52.96116]],[[-1.122071,52.565267],[-1.179922,52.638234],[-1.071764,52.648311],[-1.064219,52.595498],[-1.122071,52.565267]]]},"properties":{"LOCATION_TYPE":"level1","ADM0_A3":"GBR","LOCATION_ID":"GBR-LEC","NAME":"Leicestershire","TYPE_EN":"Kingdom"}},
{"type":"Feature","geometry":{"type":"Polygon","coordinates":[[[-2.016771,53.370438],[-2.260322,53.344935],[-2.316701,53.359947],[-2.428787,53.380334],[-2.50904,53.330854],[-2.410309,53.23204],[-2.48944,53.147258],[-2.653353,53.090736],[-2.667483,53.048345],[-2.622806,52.985758],[-2.52723,52.947156],[-2.378816,52.989557],[-2.373906,53.037176],[-2.243656,53.085856],[-2.204924,53.113606],[-2.140045,53.169933],[-2.068344,53.165747],[-1.976876,53.207295],[-2.016771,53.370438]]]},"properties":{"LOCATION_TYPE":"level1","ADM0_A3":"GBR","LOCATION_ID":"GBR-CHE","NAME":"Cheshire East","TYPE_EN":"Unitary Authority"}},
{"type":"Feature","geometry":{"type":"Polygon","coordinates":[[[-1.976876,53.207295],[-1.856677,53.176341],[-1.771695,53.090222],[-1.75782,52.982451],[-1.812235,52.961341],[-1.82394,52.875481],[-1.590853,52.810782],[-1.700356,52.726136],[-1.583076,52.68495],[-1.395336,52.789956],[-1.370583,52.831323],[-1.262811,52.86158],[-1.283921,52.985758],[-1.329732,53.050199],[-1.312834,53.131021],[-1.190878,53.167711],[-1.176021,53.292923],[-1.393656,53.325221],[-1.531426,53.289667],[-1.646406,53.376587],[-1.734204,53.410797],[-1.816137,53.516062],[-1.897217,53.533012],[-1.977807,53.46883],[-2.011732,53.412451],[-2.016771,53.370438],[-1.976876,53.207295]],[[-1.431638,52.84184],[-1.546024,52.876359],[-1.486674,52.937803],[-1.401459,52.909794],[-1.431638,52.84184]]]},"properties":{"LOCATION_TYPE":"level1","ADM0_A3":"GBR","LOCATION_ID":"GBR-DBY","NAME":"Derbyshire","TYPE_EN":"Administrative County"}},
{"type":"Feature","geometry":{"type":"Polygon","coordinates":[[[-1.393656,53.325221],[-1.176021,53.292923],[-1.118066,53.378551],[-1.325355,53.477793],[-1.406056,53.411006],[-1.393656,53.325221]]]},"properties":{"LOCATION_TYPE":"level1","ADM0_A3":"GBR","LOCATION_ID":"GBR-ROT","NAME":"Rotherham","TYPE_EN":"Metropolitan Borough"}},
{"type":"Feature","geometry":{"type":"Polygon","coordinates":[[[-1.393656,53.325221],[-1.406056,53.411006],[-1.464494,53.469445],[-1.58972,53.497273],[-1.816137,53.516062],[-1.734204,53.410797],[-1.646406,53.376587],[-1.531426,53.289667],[-1.393656,53.325221]]]},"properties":{"LOCATION_TYPE":"level1","ADM0_A3":"GBR","LOCATION_ID":"GBR-SHF","NAME":"Sheffield","TYPE_EN":"Metropolitan Borough"}},
{"type":"Feature","geometry":{"type":"Polygon","coordinates":[[[-2.243656,53.085856],[-2.20154,52.963744],[-2.098161,52.989117],[-2.204924,53.113606],[-2.243656,53.085856]]]},"properties":{"LOCATION_TYPE":"level1","ADM0_A3":"GBR","LOCATION_ID":"GBR-STE","NAME":"Stoke-on-Trent","TYPE_EN":"Unitary Authority"}},
{"type":"Feature","geometry":{"type":"Polygon","coordinates":[[[-2.396592,52.821582],[-2.64619,52.758537],[-2.640557,52.721227],[-2.424575,52.607022],[-2.323961,52.747737],[-2.396592,52.821582]]]},"properties":{"LOCATION_TYPE":"level1","ADM0_A3":"GBR","LOCATION_ID":"GBR-TFW","NAME":"Telford and Wrekin","TYPE_EN":"Unitary Authority"}},
{"type":"Feature","geometry":{"type":"Polygon","coordinates":[[[-2.323961,52.747737],[-2.293084,52.680196],[-2.23146,52.669137],[-2.255025,52.518293],[-2.28616,52.444577],[-2.153868,52.42295],[-2.126144,52.54439],[-2.200584,52.579375],[-2.131131,52.629398],[-2.050877,52.617435],[-1.897217,52.649396],[-1.855592,52.575499],[-1.777715,52.575344],[-1.634778,52.588005],[-1.580027,52.676888],[-1.583076,52.68495],[-1.700356,52.726136],[-1.590853,52.810782],[-1.82394,52.875481],[-1.812235,52.961341],[-1.75782,52.982451],[-1.771695,53.090222],[-1.856677,53.176341],[-1.976876,53.207295],[-2.068344,53.165747],[-2.140045,53.169933],[-2.204924,53.113606],[-2.098161,52.989117],[-2.20154,52.963744],[-2.243656,53.085856],[-2.373906,53.037176],[-2.378816,52.989557],[-2.449457,52.885506],[-2.396592,52.821582],[-2.323961,52.747737]]]},"properties":{"LOCATION_TYPE":"level1","ADM0_A3":"GBR","LOCATION_ID":"GBR-STS","NAME":"Staffordshire","TYPE_EN":"Administrative County"}},
{"type":"Feature","geometry":{"type":"Polygon","coordinates":[[[0.166249,51.398517],[0.080311,51.431538],[0.025456,51.438023],[-0.066709,51.421022],[-0.074564,51.419187],[-0.076398,51.41433],[0.013131,51.320692],[0.054421,51.289945],[0.155242,51.354695],[0.166249,51.398517]]]},"properties":{"LOCATION_TYPE":"level1","ADM0_A3":"GBR","LOCATION_ID":"GBR-BRY","NAME":"Bromley","TYPE_EN":"London Borough"}},
{"type":"Feature","geometry":{"type":"Polygon","coordinates":[[[-1.75782,52.10576],[-1.890913,52.133614],[-1.944475,52.164672],[-1.902256,52.210509],[-1.920058,52.266061],[-1.84753,52.309934],[-1.844481,52.383573],[-1.983078,52.377423],[-2.030568,52.436903],[-2.153868,52.42295],[-2.28616,52.444577],[-2.327527,52.389671],[-2.525318,52.339674],[-2.640893,52.332207],[-2.606967,52.241747],[-2.527256,52.243039],[-2.406385,52.205754],[-2.410235,52.156868],[-2.349774,52.106691],[-2.351582,52.013931],[-2.234199,51.964115],[-2.143326,52.006283],[-2.030852,51.999927],[-1.970882,52.026075],[-1.827816,52.034395],[-1.75782,52.10576]]]},"properties":{"LOCATION_TYPE":"level1","ADM0_A3":"GBR","LOCATION_ID":"GBR-WOR","NAME":"Worcestershire","TYPE_EN":"Administrative County"}},
{"type":"Feature","geometry":{"type":"Polygon","coordinates":[[[-1.75782,52.10576],[-1.715885,52.084935],[-1.652529,51.983933],[-1.603953,51.954917],[-1.509747,51.998273],[-1.49533,52.06075],[-1.341411,52.134389],[-1.321232,52.161519],[-1.208086,52.249938],[-1.233356,52.327452],[-1.186615,52.381299],[-1.293378,52.479381],[-1.545843,52.58077],[-1.533906,52.641593],[-1.580027,52.676888],[-1.634778,52.588005],[-1.777715,52.575344],[-1.741129,52.497468],[-1.661702,52.424656],[-1.619456,52.444396],[-1.455022,52.437988],[-1.462799,52.365796],[-1.640049,52.350784],[-1.796965,52.352154],[-1.83535,52.380561],[-1.844481,52.383573],[-1.84753,52.309934],[-1.920058,52.266061],[-1.902256,52.210509],[-1.944475,52.164672],[-1.890913,52.133614],[-1.75782,52.10576]]]},"properties":{"LOCATION_TYPE":"level1","ADM0_A3":"GBR","LOCATION_ID":"GBR-WAR","NAME":"Warwickshire","TYPE_EN":"Administrative County"}},
{"type":"Feature","geometry":{"type":"Polygon","coordinates":[[[-1.652529,51.983933],[-1.61279,51.931611],[-1.675861,51.855233],[-1.683328,51.678603],[-1.677799,51.599667],[-1.584523,51.517373],[-1.321981,51.549955],[-1.081117,51.489106],[-0.964535,51.454689],[-0.873249,51.507477],[-0.887072,51.548094],[-0.944485,51.619123],[-0.884488,51.716327],[-0.965569,51.756066],[-1.065898,51.751338],[-1.116154,51.837973],[-1.047243,51.939672],[-1.108196,52.009177],[-1.265034,51.97967],[-1.293946,52.071344],[-1.237232,52.096045],[-1.321232,52.161519],[-1.341411,52.134389],[-1.49533,52.06075],[-1.509747,51.998273],[-1.603953,51.954917],[-1.652529,51.983933]]]},"properties":{"LOCATION_TYPE":"level1","ADM0_A3":"GBR","LOCATION_ID":"GBR-OXF","NAME":"Oxfordshire","TYPE_EN":"Administrative County"}},
{"type":"Feature","geometry":{"type":"Polygon","coordinates":[[[-2.752023,53.511101],[-2.690037,53.47162],[-2.566427,53.435602],[-2.485037,53.462163],[-2.511377,53.538168],[-2.558908,53.599106],[-2.686704,53.599674],[-2.752023,53.511101]]]},"properties":{"LOCATION_TYPE":"level1","ADM0_A3":"GBR","LOCATION_ID":"GBR-WGN","NAME":"Wigan","TYPE_EN":"Metropolitan Borough"}},
{"type":"Feature","geometry":{"type":"Polygon","coordinates":[[[-2.011732,53.412451],[-2.124033,53.409207],[-2.225434,53.437255],[-2.260322,53.344935],[-2.016771,53.370438],[-2.011732,53.412451]]]},"properties":{"LOCATION_TYPE":"level1","ADM0_A3":"GBR","LOCATION_ID":"GBR-SKP","NAME":"Stockport","TYPE_EN":"Metropolitan Borough"}},
{"type":"Feature","geometry":{"type":"Polygon","coordinates":[[[-2.566427,53.435602],[-2.670865,53.431054],[-2.68058,53.378809],[-2.56945,53.312302],[-2.50904,53.330854],[-2.428787,53.380334],[-2.446693,53.418807],[-2.485037,53.462163],[-2.566427,53.435602]]]},"properties":{"LOCATION_TYPE":"level1","ADM0_A3":"GBR","LOCATION_ID":"GBR-WRT","NAME":"Warrington","TYPE_EN":"Unitary Authority"}},
{"type":"Feature","geometry":{"type":"Polygon","coordinates":[[[-1.031973,51.354695],[-1.053517,51.411932],[-1.081117,51.489106],[-1.321981,51.549955],[-1.584523,51.517373],[-1.580441,51.503006],[-1.521969,51.42575],[-1.48701,51.332448],[-1.39947,51.370508],[-1.031973,51.354695]]]},"properties":{"LOCATION_TYPE":"level1","ADM0_A3":"GBR","LOCATION_ID":"GBR-WBK","NAME":"West Berkshire","TYPE_EN":"Unitary Authority"}},
{"type":"Feature","geometry":{"type":"Polygon","coordinates":[[[-1.031973,51.354695],[-0.852904,51.350076],[-0.814247,51.39818],[-0.827998,51.469686],[-0.846325,51.542487],[-0.887072,51.548094],[-0.873249,51.507477],[-0.964535,51.454689],[-1.053517,51.411932],[-1.031973,51.354695]]]},"properties":{"LOCATION_TYPE":"level1","ADM0_A3":"GBR","LOCATION_ID":"GBR-WOK","NAME":"Wokingham","TYPE_EN":"Unitary Authority"}},
{"type":"Feature","geometry":{"type":"Polygon","coordinates":[[[-0.765297,51.331337],[-0.69866,51.366891],[-0.682236,51.431183],[-0.827998,51.469686],[-0.814247,51.39818],[-0.852904,51.350076],[-0.765297,51.331337]]]},"properties":{"LOCATION_TYPE":"level1","ADM0_A3":"GBR","LOCATION_ID":"GBR-BRC","NAME":"Bracknell Forest","TYPE_EN":"Unitary Authority"}},
{"type":"Feature","geometry":{"type":"Polygon","coordinates":[[[-0.636183,51.493705],[-0.701321,51.507141],[-0.743179,51.562021],[-0.846325,51.542487],[-0.827998,51.469686],[-0.682236,51.431183],[-0.69866,51.366891],[-0.61975,51.387716],[-0.575722,51.445646],[-0.636183,51.493705]]]},"properties":{"LOCATION_TYPE":"level1","ADM0_A3":"GBR","LOCATION_ID":"GBR-WNM","NAME":"Royal Borough of Windsor and Maidenhead","TYPE_EN":"Unitary Authority"}},
{"type":"Feature","geometry":{"type":"Polygon","coordinates":[[[-0.512806,51.475773],[-0.636183,51.493705],[-0.575722,51.445646],[-0.512806,51.475773]]]},"properties":{"LOCATION_TYPE":"level1","ADM0_A3":"GBR","LOCATION_ID":"GBR-SLG","NAME":"Slough","TYPE_EN":"Unitary Authority"}},
{"type":"Feature","geometry":{"type":"Polygon","coordinates":[[[-1.081117,51.489106],[-1.053517,51.411932],[-0.964535,51.454689],[-1.081117,51.489106]]]},"properties":{"LOCATION_TYPE":"level1","ADM0_A3":"GBR","LOCATION_ID":"GBR-RDG","NAME":"Reading","TYPE_EN":"Unitary Authority"}},
{"type":"Feature","geometry":{"type":"Polygon","coordinates":[[[-0.44144,51.453862],[-0.497199,51.477788],[-0.512806,51.475773],[-0.575722,51.445646],[-0.61975,51.387716],[-0.69866,51.366891],[-0.765297,51.331337],[-0.731138,51.243849],[-0.840021,51.203852],[-0.823639,51.151607],[-0.753695,51.088665],[-0.688066,51.070785],[-0.541408,51.079105],[-0.302508,51.116622],[-0.181973,51.161322],[-0.119186,51.134399],[0.021348,51.135845],[0.062741,51.135845],[0.054421,51.289945],[0.013131,51.320692],[-0.1281,51.289118],[-0.163654,51.319607],[-0.243106,51.373557],[-0.306694,51.384357],[-0.384415,51.413658],[-0.44144,51.453862]]]},"properties":{"LOCATION_TYPE":"level1","ADM0_A3":"GBR","LOCATION_ID":"GBR-SRY","NAME":"Surrey","TYPE_EN":"Administrative County"}},
{"type":"Feature","geometry":{"type":"Polygon","coordinates":[[[-2.356621,53.66458],[-2.418141,53.765504],[-2.525603,53.737961],[-2.504441,53.627011],[-2.376439,53.634918],[-2.356621,53.66458]]]},"properties":{"LOCATION_TYPE":"level1","ADM0_A3":"GBR","LOCATION_ID":"GBR-BBD","NAME":"Blackburn with Darwen","TYPE_EN":"Unitary Authority"}},
{"type":"Feature","geometry":{"type":"Polygon","coordinates":[[[-1.683328,51.678603],[-1.749707,51.658785],[-1.831226,51.565897],[-1.834715,51.507812],[-1.697669,51.460063],[-1.580441,51.503006],[-1.584523,51.517373],[-1.677799,51.599667],[-1.683328,51.678603]]]},"properties":{"LOCATION_TYPE":"level1","ADM0_A3":"GBR","LOCATION_ID":"GBR-SWD","NAME":"Swindon","TYPE_EN":"Unitary Authority"}},
{"type":"Feature","geometry":{"type":"Polygon","coordinates":[[[-2.290139,51.324904],[-2.280656,51.420273],[-2.397703,51.402858],[-2.522683,51.418826],[-2.633503,51.382135],[-2.712697,51.319814],[-2.620868,51.282994],[-2.539478,51.299944],[-2.458113,51.272995],[-2.290139,51.324904]]]},"properties":{"LOCATION_TYPE":"level1","ADM0_A3":"GBR","LOCATION_ID":"GBR-BAS","NAME":"Bath and North East Somerset","TYPE_EN":"Unitary Authority"}},
{"type":"Feature","geometry":{"type":"Polygon","coordinates":[[[-1.749707,51.658785],[-2.057259,51.664108],[-2.148933,51.589358],[-2.271639,51.577162],[-2.245284,51.518561],[-2.286987,51.481302],[-2.280656,51.420273],[-2.290139,51.324904],[-2.236163,51.264106],[-2.348921,51.117707],[-2.321687,51.083291],[-2.238618,51.071353],[-2.099195,50.955753],[-1.950056,50.988258],[-1.81084,50.992702],[-1.610568,50.95968],[-1.655036,51.171347],[-1.628112,51.234108],[-1.539177,51.275501],[-1.48701,51.332448],[-1.521969,51.42575],[-1.580441,51.503006],[-1.697669,51.460063],[-1.834715,51.507812],[-1.831226,51.565897],[-1.749707,51.658785]]]},"properties":{"LOCATION_TYPE":"level1","ADM0_A3":"GBR","LOCATION_ID":"GBR-WIL","NAME":"Wiltshire","TYPE_EN":"Unitary Single-Tier County"}},
{"type":"Feature","geometry":{"type":"Polygon","coordinates":[[[-2.151388,53.696516],[-2.023902,53.639362],[-1.822698,53.67057],[-1.756415,53.738804],[-1.977807,53.869374],[-2.032558,53.847618],[-2.120614,53.791342],[-2.151388,53.696516]]]},"properties":{"LOCATION_TYPE":"level1","ADM0_A3":"GBR","LOCATION_ID":"GBR-CLD","NAME":"Calderdale","TYPE_EN":"Metropolitan Borough"}},
{"type":"Feature","geometry":{"type":"Polygon","coordinates":[[[-1.816137,53.516062],[-1.600336,53.574095],[-1.619948,53.649125],[-1.580957,53.701763],[-1.647241,53.764147],[-1.756415,53.738804],[-1.822698,53.67057],[-2.023902,53.639362],[-1.98809,53.614661],[-1.897217,53.533012],[-1.816137,53.516062]]]},"properties":{"LOCATION_TYPE":"level1","ADM0_A3":"GBR","LOCATION_ID":"GBR-KIR","NAME":"Kirklees","TYPE_EN":"Metropolitan Borough"}},
{"type":"Feature","geometry":{"type":"Polygon","coordinates":[[[-1.170982,52.872277],[-1.104061,52.918941],[-1.135481,52.981831],[-1.192299,52.99196],[-1.228808,52.915892],[-1.170982,52.872277]]]},"properties":{"LOCATION_TYPE":"level1","ADM0_A3":"GBR","LOCATION_ID":"GBR-NGM","NAME":"Nottingham","TYPE_EN":"Unitary Authority"}},
{"type":"Feature","geometry":{"type":"Polygon","coordinates":[[[-1.122071,52.565267],[-1.064219,52.595498],[-1.071764,52.648311],[-1.179922,52.638234],[-1.122071,52.565267]]]},"properties":{"LOCATION_TYPE":"level1","ADM0_A3":"GBR","LOCATION_ID":"GBR-LCE","NAME":"Leicester","TYPE_EN":"Unitary Authority"}},
{"type":"Feature","geometry":{"type":"Polygon","coordinates":[[[-1.431638,52.84184],[-1.401459,52.909794],[-1.486674,52.937803],[-1.546024,52.876359],[-1.431638,52.84184]]]},"properties":{"LOCATION_TYPE":"level1","ADM0_A3":"GBR","LOCATION_ID":"GBR-DER","NAME":"Derby","TYPE_EN":"Unitary Authority"}},
{"type":"Feature","geometry":{"type":"Polygon","coordinates":[[[-1.647241,53.764147],[-1.580957,53.701763],[-1.415248,53.693964],[-1.306917,53.737961],[-1.326141,53.846326],[-1.294179,53.925494],[-1.38668,53.939395],[-1.454738,53.906064],[-1.728649,53.902705],[-1.676484,53.853825],[-1.647241,53.764147]]]},"properties":{"LOCATION_TYPE":"level1","ADM0_A3":"GBR","LOCATION_ID":"GBR-LDS","NAME":"Leeds","TYPE_EN":"Metropolitan Borough"}},
{"type":"Feature","geometry":{"type":"Polygon","coordinates":[[[-1.728649,53.902705],[-1.797843,53.943013],[-1.943648,53.957689],[-1.977807,53.869374],[-1.756415,53.738804],[-1.647241,53.764147],[-1.676484,53.853825],[-1.728649,53.902705]]]},"properties":{"LOCATION_TYPE":"level1","ADM0_A3":"GBR","LOCATION_ID":"GBR-BRD","NAME":"Bradford","TYPE_EN":"Metropolitan Borough"}},
{"type":"Feature","geometry":{"type":"Polygon","coordinates":[[[-1.600336,53.574095],[-1.584187,53.597711],[-1.367818,53.598848],[-1.34446,53.580761],[-1.229971,53.620655],[-1.220023,53.714654],[-1.306917,53.737961],[-1.415248,53.693964],[-1.580957,53.701763],[-1.619948,53.649125],[-1.600336,53.574095]]]},"properties":{"LOCATION_TYPE":"level1","ADM0_A3":"GBR","LOCATION_ID":"GBR-WKF","NAME":"Wakefield","TYPE_EN":"Metropolitan Borough"}},
{"type":"Feature","geometry":{"type":"Polygon","coordinates":[[[-1.816137,53.516062],[-1.58972,53.497273],[-1.464494,53.469445],[-1.406056,53.411006],[-1.325355,53.477793],[-1.294744,53.51397],[-1.34446,53.580761],[-1.367818,53.598848],[-1.584187,53.597711],[-1.600336,53.574095],[-1.816137,53.516062]]]},"properties":{"LOCATION_TYPE":"level1","ADM0_A3":"GBR","LOCATION_ID":"GBR-BNS","NAME":"Barnsley","TYPE_EN":"Metropolitan Borough"}},
{"type":"Feature","geometry":{"type":"Polygon","coordinates":[[[-2.485037,53.462163],[-2.446693,53.418807],[-2.320363,53.452357],[-2.30526,53.504136],[-2.335465,53.534341],[-2.441181,53.553758],[-2.511377,53.538168],[-2.485037,53.462163]]]},"properties":{"LOCATION_TYPE":"level1","ADM0_A3":"GBR","LOCATION_ID":"GBR-SLF","NAME":"Salford","TYPE_EN":"Metropolitan Borough"}},
{"type":"Feature","geometry":{"type":"Polygon","coordinates":[[[-2.511377,53.538168],[-2.441181,53.553758],[-2.335465,53.534341],[-2.376439,53.634918],[-2.504441,53.627011],[-2.558908,53.599106],[-2.511377,53.538168]]]},"properties":{"LOCATION_TYPE":"level1","ADM0_A3":"GBR","LOCATION_ID":"GBR-BOL","NAME":"Bolton","TYPE_EN":"Metropolitan Borough"}},
{"type":"Feature","geometry":{"type":"Polygon","coordinates":[[[-2.320363,53.452357],[-2.446693,53.418807],[-2.428787,53.380334],[-2.316701,53.359947],[-2.320363,53.452357]]]},"properties":{"LOCATION_TYPE":"level1","ADM0_A3":"GBR","LOCATION_ID":"GBR-TRF","NAME":"Trafford","TYPE_EN":"Metropolitan Borough"}},
{"type":"Feature","geometry":{"type":"Polygon","coordinates":[[[-2.316701,53.359947],[-2.260322,53.344935],[-2.225434,53.437255],[-2.203859,53.476089],[-2.182285,53.525711],[-2.251324,53.549443],[-2.30526,53.504136],[-2.320363,53.452357],[-2.316701,53.359947]]]},"properties":{"LOCATION_TYPE":"level1","ADM0_A3":"GBR","LOCATION_ID":"GBR-MAN","NAME":"Manchester","TYPE_EN":"Metropolitan Borough"}},
{"type":"Feature","geometry":{"type":"Polygon","coordinates":[[[-2.182285,53.525711],[-2.203859,53.476089],[-2.104616,53.508451],[-1.977807,53.46883],[-1.897217,53.533012],[-1.98809,53.614661],[-2.15208,53.566703],[-2.182285,53.525711]]]},"properties":{"LOCATION_TYPE":"level1","ADM0_A3":"GBR","LOCATION_ID":"GBR-OLD","NAME":"Oldham","TYPE_EN":"Metropolitan Borough"}},
{"type":"Feature","geometry":{"type":"Polygon","coordinates":[[[-1.98809,53.614661],[-2.023902,53.639362],[-2.151388,53.696516],[-2.225621,53.672176],[-2.2581,53.614118],[-2.251324,53.549443],[-2.182285,53.525711],[-2.15208,53.566703],[-1.98809,53.614661]]]},"properties":{"LOCATION_TYPE":"level1","ADM0_A3":"GBR","LOCATION_ID":"GBR-RCH","NAME":"Rochdale","TYPE_EN":"Metropolitan Borough"}},
{"type":"Feature","geometry":{"type":"Polygon","coordinates":[[[-1.977807,53.46883],[-2.104616,53.508451],[-2.203859,53.476089],[-2.225434,53.437255],[-2.124033,53.409207],[-2.011732,53.412451],[-1.977807,53.46883]]]},"properties":{"LOCATION_TYPE":"level1","ADM0_A3":"GBR","LOCATION_ID":"GBR-TAM","NAME":"Tameside","TYPE_EN":"Metropolitan Borough"}},
{"type":"Feature","geometry":{"type":"Polygon","coordinates":[[[-2.30526,53.504136],[-2.251324,53.549443],[-2.2581,53.614118],[-2.28001,53.665226],[-2.356621,53.66458],[-2.376439,53.634918],[-2.335465,53.534341],[-2.30526,53.504136]]]},"properties":{"LOCATION_TYPE":"level1","ADM0_A3":"GBR","LOCATION_ID":"GBR-BUR","NAME":"Bury","TYPE_EN":"Metropolitan Borough"}},
{"type":"Feature","geometry":{"type":"Polygon","coordinates":[[[-1.619456,52.444396],[-1.661702,52.424656],[-1.741129,52.497468],[-1.77126,52.417583],[-1.83535,52.380561],[-1.796965,52.352154],[-1.640049,52.350784],[-1.619456,52.444396]]]},"properties":{"LOCATION_TYPE":"level1","ADM0_A3":"GBR","LOCATION_ID":"GBR-SOL","NAME":"Solihull","TYPE_EN":"Metropolitan Borough"}},
{"type":"Feature","geometry":{"type":"Polygon","coordinates":[[[-1.640049,52.350784],[-1.462799,52.365796],[-1.455022,52.437988],[-1.619456,52.444396],[-1.640049,52.350784]]]},"properties":{"LOCATION_TYPE":"level1","ADM0_A3":"GBR","LOCATION_ID":"GBR-COV","NAME":"Coventry","TYPE_EN":"Metropolitan Borough"}},
{"type":"Feature","geometry":{"type":"Polygon","coordinates":[[[-1.741129,52.497468],[-1.777715,52.575344],[-1.855592,52.575499],[-1.902809,52.546762],[-2.026062,52.463803],[-2.030568,52.436903],[-1.983078,52.377423],[-1.844481,52.383573],[-1.83535,52.380561],[-1.77126,52.417583],[-1.741129,52.497468]]]},"properties":{"LOCATION_TYPE":"level1","ADM0_A3":"GBR","LOCATION_ID":"GBR-BIR","NAME":"Birmingham","TYPE_EN":"Metropolitan Borough"}},
{"type":"Feature","geometry":{"type":"Polygon","coordinates":[[[-2.078208,52.557428],[-2.090059,52.48869],[-2.026062,52.463803],[-1.902809,52.546762],[-2.055691,52.568094],[-2.078208,52.557428]]]},"properties":{"LOCATION_TYPE":"level1","ADM0_A3":"GBR","LOCATION_ID":"GBR-SAW","NAME":"Sandwell","TYPE_EN":"Metropolitan Borough"}},
{"type":"Feature","geometry":{"type":"Polygon","coordinates":[[[-2.078208,52.557428],[-2.126144,52.54439],[-2.153868,52.42295],[-2.030568,52.436903],[-2.026062,52.463803],[-2.090059,52.48869],[-2.078208,52.557428]]]},"properties":{"LOCATION_TYPE":"level1","ADM0_A3":"GBR","LOCATION_ID":"GBR-DUD","NAME":"Dudley","TYPE_EN":"Metropolitan Borough"}},
{"type":"Feature","geometry":{"type":"Polygon","coordinates":[[[-2.055691,52.568094],[-1.902809,52.546762],[-1.855592,52.575499],[-1.897217,52.649396],[-2.050877,52.617435],[-2.055691,52.568094]]]},"properties":{"LOCATION_TYPE":"level1","ADM0_A3":"GBR","LOCATION_ID":"GBR-WLL","NAME":"Walsall","TYPE_EN":"Metropolitan Borough"}},
{"type":"Feature","geometry":{"type":"Polygon","coordinates":[[[-2.050877,52.617435],[-2.131131,52.629398],[-2.200584,52.579375],[-2.126144,52.54439],[-2.078208,52.557428],[-2.055691,52.568094],[-2.050877,52.617435]]]},"properties":{"LOCATION_TYPE":"level1","ADM0_A3":"GBR","LOCATION_ID":"GBR-WLV","NAME":"Wolverhampton","TYPE_EN":"Metropolitan Borough"}}
]}