{"type":"FeatureCollection", "features": [
{"type":"Feature","geometry":{"type":"Polygon","coordinates":[[[84.088597,50.634613],[84.19794,50.493146],[84.176753,50.439145],[84.249978,50.259931],[84.368783,50.21182],[84.641996,50.184897],[84.838676,50.08082],[84.975774,50.075187],[84.954587,49.906929],[85.032618,49.884967],[85.263095,49.581523],[85.384018,49.615681],[85.827505,49.541008],[85.931426,49.492846],[86.111519,49.520183],[86.177251,49.463339],[86.272129,49.583641],[86.391812,49.624982],[86.610196,49.795515],[86.748379,49.782957],[86.775871,49.695004],[86.667712,49.664256],[86.591799,49.587207],[86.824343,49.509227],[86.828994,49.433315],[86.905062,49.351924],[87.076008,49.236892],[87.217963,49.229813],[87.323796,49.085274],[87.400432,49.071011],[87.716382,49.158861],[87.956781,49.168886],[88.143953,49.27074],[88.115531,49.356575],[88.19997,49.454347],[88.37877,49.475793],[88.870627,49.436002],[89.160738,49.502716],[89.252205,49.629427],[89.37194,49.581678],[89.4416,49.643586],[89.682308,49.708336],[89.626446,49.788022],[89.633211,49.907939],[89.501442,50.206807],[89.336387,50.209597],[89.390337,50.319306],[89.507953,50.362353],[89.843643,50.42992],[89.869171,50.485084],[89.779668,50.56694],[89.673731,50.57898],[89.383619,50.857568],[89.052373,51.064584],[89.03222,51.184318],[88.945817,51.22832],[88.955429,51.438359],[88.7357,51.559385],[88.659323,51.534891],[88.66542,51.423631],[88.507704,51.316351],[88.363733,51.319814],[88.131603,51.385908],[88.105661,51.432184],[87.861542,51.54936],[87.967375,51.597574],[88.086438,51.71364],[87.839114,51.810636],[88.121474,52.098267],[88.364767,52.168005],[88.363113,52.298694],[88.418304,52.350681],[88.413239,52.455145],[88.200953,52.415922],[87.92376,52.547594],[87.635509,52.449796],[87.578872,52.487339],[87.370306,52.518268],[87.334029,52.597513],[87.173212,52.611621],[87.116574,52.667793],[86.95214,52.634617],[86.840726,52.648311],[86.61769,52.371739],[86.805896,52.292157],[86.814474,52.144724],[86.754426,52.108706],[86.505242,52.120023],[86.439923,52.022923],[86.26536,52.012381],[86.149605,52.070155],[85.939592,52.074987],[85.834172,51.971324],[85.876547,51.919415],[85.740328,51.860607],[85.669944,51.753973],[85.536826,51.7001],[85.427685,51.559747],[85.31348,51.569256],[85.239066,51.47076],[85.007659,51.489002],[84.936862,51.429626],[84.705249,51.395468],[84.394157,51.266018],[84.269513,51.275191],[84.171948,51.143804],[84.014438,51.137602],[84.017952,51.063834],[84.25153,51.002365],[84.471258,50.973168],[84.599829,50.858395],[84.541641,50.691066],[84.1828,50.660629],[84.088597,50.634613]]]},"properties":{"LOCATION_TYPE":"level1","ADM0_A3":"RUS","LOCATION_ID":"RUS-AL","NAME":"Gorno-Altay","TYPE_EN":"Republic"}},
{"type":"Feature","geometry":{"type":"Polygon","coordinates":[[[27.695889,58.977183],[27.477785,58.875426],[27.410606,58.754864],[27.554886,58.395248],[27.495355,58.22146],[27.630437,58.08829],[27.673122,57.912823],[27.799316,57.861069],[27.537626,57.811563],[27.507757,57.714773],[27.407712,57.688986],[27.352935,57.527601],[27.528169,57.528479],[27.511323,57.430397],[27.840295,57.290639],[27.824327,57.15907],[27.700975,57.118789],[27.75074,57.042359],[27.648731,56.879268],[27.786397,56.871258],[27.918895,56.805888],[27.865461,56.742687],[27.98101,56.687006],[27.997443,56.603833],[28.126117,56.547764],[28.214794,56.281372],[28.148907,56.142414],[28.289828,56.046606],[28.389771,56.088567],[28.620713,56.082986],[28.706392,55.959841],[29.030765,56.024178],[29.377411,55.954028],[29.343614,55.786984],[29.461023,55.6873],[29.869474,55.830547],[30.106255,55.821917],[30.217773,55.855145],[30.468817,55.793521],[30.596354,55.665286],[30.742185,55.594385],[30.907122,55.57777],[31.047335,55.768534],[31.186862,55.737218],[31.467361,55.729002],[31.412791,55.889767],[31.344681,55.964026],[31.49754,56.028932],[31.491546,56.301292],[31.231097,56.346173],[31.215387,56.435367],[31.016639,56.519083],[31.080098,56.622849],[30.91308,56.656361],[30.816755,56.720259],[30.896337,56.896682],[31.000103,56.965205],[30.799702,56.953216],[30.644776,56.981897],[30.646843,57.190825],[30.77314,57.257746],[30.515585,57.318104],[30.492847,57.487602],[30.608809,57.617414],[30.472073,57.682216],[30.529951,57.886596],[30.167699,57.911556],[29.950451,57.943957],[29.82033,58.083483],[29.679357,58.077282],[29.658479,58.243577],[29.975049,58.44465],[29.78581,58.440309],[29.538693,58.479893],[29.449087,58.594512],[29.231529,58.706236],[28.9748,58.779927],[28.551674,58.865141],[28.271794,58.856459],[28.131027,58.990146],[27.873162,59.014383],[27.695889,58.977183]]]},"properties":{"LOCATION_TYPE":"level1","ADM0_A3":"RUS","LOCATION_ID":"RUS-PSK","NAME":"Pskov","TYPE_EN":"Region"}},
{"type":"Feature","geometry":{"type":"Polygon","coordinates":[[[38.673527,46.862955],[38.47462,46.861884],[38.403005,46.82095],[38.37436,46.729315],[38.279959,46.725775],[38.036794,46.629462],[37.852224,46.622504],[37.827322,46.476508],[37.990733,46.402411],[38.122895,46.377509],[38.271251,46.274156],[38.300059,46.218655],[38.556814,46.11518],[38.559906,46.03266],[38.445811,46.034247],[38.24879,46.141547],[38.167491,46.12051],[38.131196,45.990058],[38.037852,46.056545],[37.940115,46.020331],[37.829438,45.75316],[37.595063,45.635321],[37.649425,45.584947],[37.737559,45.374742],[37.635102,45.333808],[37.504731,45.36107],[37.431407,45.322333],[37.158946,45.326077],[36.833263,45.44302],[36.781586,45.387641],[36.829845,45.230699],[36.59311,45.164781],[36.701671,45.103827],[36.840099,45.109361],[37.191905,44.991034],[37.28712,44.928168],[37.351248,44.778632],[37.478282,44.677191],[37.769298,44.632392],[37.874848,44.689399],[37.922618,44.613756],[38.108084,44.497056],[38.177745,44.405992],[38.309825,44.366156],[38.595063,44.331936],[38.775645,44.261217],[38.873709,44.173407],[38.978282,44.148261],[39.116384,44.023505],[39.329356,43.896226],[39.45753,43.770901],[39.718272,43.567776],[39.846934,43.509996],[39.985976,43.38899],[40.059187,43.535199],[40.23313,43.575765],[40.479834,43.508741],[40.689966,43.523129],[40.723437,43.631497],[40.723851,43.810479],[40.781728,43.926828],[40.95071,43.989382],[40.985437,44.11555],[41.255911,44.080617],[41.282473,44.011629],[41.449491,43.993904],[41.538478,44.08532],[41.632529,44.121907],[41.711491,44.24301],[41.704049,44.308355],[41.602247,44.367473],[41.729371,44.458553],[41.56659,44.546015],[41.417452,44.707762],[41.538374,44.736339],[41.651029,44.89664],[41.641521,44.980976],[41.469335,44.98697],[41.347068,45.121897],[41.359574,45.212021],[41.03825,45.21817],[41.008071,45.384827],[40.924769,45.42994],[40.840846,45.538823],[40.870302,45.695919],[41.172195,45.701629],[41.274411,45.754107],[41.260562,45.872032],[41.162377,45.953552],[41.125893,46.067886],[40.999596,46.126642],[40.953501,46.197956],[40.756613,46.232527],[40.734599,46.276245],[40.339481,46.279889],[40.233648,46.358463],[40.284084,46.403473],[40.214424,46.524938],[40.058672,46.542379],[40.044719,46.616431],[40.131535,46.722265],[40.023428,46.764846],[39.816516,46.784586],[39.577461,46.777507],[39.443515,46.8089],[39.180379,46.688365],[39.09904,46.601342],[38.88448,46.634777],[38.849236,46.71255],[38.883033,46.807996],[38.690486,46.821483],[38.673527,46.862955]],[[39.751507,45.126548],[39.96431,45.074768],[40.17422,45.109598],[40.415549,44.999941],[40.527583,44.915192],[40.624528,44.767035],[40.554248,44.719751],[40.393638,44.725255],[40.327079,44.563999],[40.406351,44.4993],[40.43653,44.284403],[40.366456,44.198052],[40.383406,44.033385],[40.455236,43.981011],[40.336381,43.769241],[40.27902,43.751232],[39.930514,43.898096],[39.729699,43.917991],[39.754297,44.060877],[39.71802,44.117798],[39.800289,44.189809],[39.904676,44.076741],[39.988495,44.07762],[40.078205,44.244173],[39.970925,44.256007],[39.907776,44.324633],[39.792641,44.357112],[39.914804,44.582886],[39.914908,44.698616],[40.019811,44.723834],[39.883798,45.007434],[39.750267,44.934699],[39.639162,45.03397],[39.495088,45.030688],[39.489301,44.96661],[39.631617,44.857572],[39.552656,44.806516],[39.063797,44.81034],[38.760353,44.938601],[38.72821,45.012498],[38.920963,45.016529],[39.042299,44.965938],[39.324246,45.001233],[39.540047,45.15559],[39.641643,45.192952],[39.751507,45.126548]]]},"properties":{"LOCATION_TYPE":"level1","ADM0_A3":"RUS","LOCATION_ID":"RUS-KDA","NAME":"Krasnodar","TYPE_EN":"Territory"}},
{"type":"Feature","geometry":{"type":"Polygon","coordinates":[[[40.689966,43.523129],[40.874952,43.455643],[41.011791,43.375416],[41.180773,43.374692],[41.380657,43.334772],[41.550569,43.226277],[42.075292,43.185272],[42.185363,43.225476],[42.36256,43.235194],[42.404678,43.395439],[42.478679,43.499826],[42.459972,43.615426],[42.671432,43.695628],[42.683214,43.807171],[42.660063,43.9167],[42.496972,44.030439],[42.378116,43.971477],[42.303082,44.128521],[42.55547,44.244897],[42.499143,44.298898],[42.34587,44.305565],[42.229805,44.343702],[42.037982,44.363907],[41.944551,44.402923],[41.904554,44.494752],[41.729371,44.458553],[41.602247,44.367473],[41.704049,44.308355],[41.711491,44.24301],[41.632529,44.121907],[41.538478,44.08532],[41.449491,43.993904],[41.282473,44.011629],[41.255911,44.080617],[40.985437,44.11555],[40.95071,43.989382],[40.781728,43.926828],[40.723851,43.810479],[40.723437,43.631497],[40.689966,43.523129]]]},"properties":{"LOCATION_TYPE":"level1","ADM0_A3":"RUS","LOCATION_ID":"RUS-KC","NAME":"Karachay-Cherkess","TYPE_EN":"Republic"}},
{"type":"Feature","geometry":{"type":"Polygon","coordinates":[[[42.36256,43.235194],[42.59588,43.140029],[42.75153,43.176952],[43.000093,43.098662],[42.989758,43.05267],[43.155588,42.942393],[43.386178,42.886882],[43.436863,42.950428],[43.566158,42.938826],[43.735243,43.110237],[43.848104,43.31007],[43.89823,43.253898],[44.084266,43.274361],[44.03569,43.364795],[44.10783,43.430657],[44.181107,43.356734],[44.379751,43.490214],[44.433081,43.65408],[44.327765,43.664208],[44.284873,43.81885],[44.258519,43.924606],[43.906085,43.994214],[43.803352,43.940548],[43.728732,43.83872],[43.501769,43.866573],[43.300024,43.823992],[43.266021,43.909775],[43.17476,43.947809],[43.111198,43.896494],[42.975083,43.890965],[42.852093,43.817119],[42.683214,43.807171],[42.671432,43.695628],[42.459972,43.615426],[42.478679,43.499826],[42.404678,43.395439],[42.36256,43.235194]]]},"properties":{"LOCATION_TYPE":"level1","ADM0_A3":"RUS","LOCATION_ID":"RUS-KB","NAME":"Kabardin-Balkar","TYPE_EN":"Republic"}},
{"type":"Feature","geometry":{"type":"Polygon","coordinates":[[[43.386178,42.886882],[43.586259,42.835629],[43.662843,42.779845],[43.800613,42.746462],[43.725682,42.6544],[43.751107,42.598745],[43.939726,42.55221],[44.055068,42.615307],[44.197384,42.629105],[44.272005,42.702382],[44.479228,42.744291],[44.638759,42.740149],[44.628418,42.882783],[44.852177,42.836404],[44.936617,42.920249],[44.915326,43.070911],[44.712858,43.217879],[44.574882,43.240307],[44.572401,43.392494],[44.498711,43.392132],[44.521965,43.564473],[44.615913,43.609948],[44.767531,43.619844],[44.838535,43.58411],[44.838741,43.661056],[44.803498,43.802055],[44.693634,43.829883],[44.399285,43.795157],[44.284873,43.81885],[44.327765,43.664208],[44.433081,43.65408],[44.379751,43.490214],[44.181107,43.356734],[44.10783,43.430657],[44.03569,43.364795],[44.084266,43.274361],[43.89823,43.253898],[43.848104,43.31007],[43.735243,43.110237],[43.566158,42.938826],[43.436863,42.950428],[43.386178,42.886882]]]},"properties":{"LOCATION_TYPE":"level1","ADM0_A3":"RUS","LOCATION_ID":"RUS-SE","NAME":"North Ossetia","TYPE_EN":"Republic"}},
{"type":"Feature","geometry":{"type":"Polygon","coordinates":[[[44.638759,42.740149],[44.73637,42.677551],[44.85936,42.75951],[45.076018,42.691412],[45.171848,42.791704],[45.120998,43.204056],[45.046687,43.494348],[44.838535,43.58411],[44.767531,43.619844],[44.615913,43.609948],[44.521965,43.564473],[44.498711,43.392132],[44.572401,43.392494],[44.574882,43.240307],[44.712858,43.217879],[44.915326,43.070911],[44.936617,42.920249],[44.852177,42.836404],[44.628418,42.882783],[44.638759,42.740149]]]},"properties":{"LOCATION_TYPE":"level1","ADM0_A3":"RUS","LOCATION_ID":"RUS-IN","NAME":"Ingush","TYPE_EN":"Republic"}},
{"type":"Feature","geometry":{"type":"Polygon","coordinates":[[[45.076018,42.691412],[45.184198,42.674838],[45.35597,42.519964],[45.620657,42.530377],[45.739506,42.470647],[45.82111,42.487226],[45.948338,42.575076],[46.095409,42.715119],[46.169513,42.729692],[46.123211,42.843122],[46.335808,42.903996],[46.424588,42.876608],[46.533522,42.961176],[46.403297,43.113751],[46.423038,43.314721],[46.359889,43.360971],[46.337565,43.458175],[46.43854,43.54096],[46.483499,43.672115],[46.584991,43.772367],[46.585922,43.872232],[46.451563,43.887089],[46.462312,43.961968],[46.349347,43.997728],[46.256949,43.9483],[46.220259,43.863008],[46.016447,43.876418],[46.044663,43.933649],[45.80292,43.978143],[45.71042,43.955147],[45.509398,44.015195],[45.43178,43.878614],[45.237373,43.880164],[45.189728,43.951736],[45.083378,43.95277],[45.079864,43.787715],[44.999972,43.704568],[44.838741,43.661056],[44.838535,43.58411],[45.046687,43.494348],[45.120998,43.204056],[45.171848,42.791704],[45.076018,42.691412]]]},"properties":{"LOCATION_TYPE":"level1","ADM0_A3":"RUS","LOCATION_ID":"RUS-CE","NAME":"Chechnya","TYPE_EN":"Republic"}},
{"type":"Feature","geometry":{"type":"Polygon","coordinates":[[[45.739506,42.470647],[45.62138,42.224478],[45.947562,42.022914],[46.129876,41.984493],[46.224341,41.993484],[46.294156,41.93863],[46.525511,41.882303],[46.549851,41.79776],[46.745033,41.840135],[46.769114,41.77572],[46.906883,41.706939],[47.027031,41.556948],[47.107491,41.569919],[47.231463,41.42755],[47.268411,41.302803],[47.375588,41.259447],[47.622498,41.229061],[47.743731,41.192681],[47.871114,41.208183],[47.942686,41.3474],[48.053532,41.461295],[48.201843,41.493489],[48.370153,41.58015],[48.455419,41.714406],[48.578949,41.845282],[48.416352,41.915025],[48.304047,42.102729],[48.222341,42.175116],[48.095958,42.349799],[48.023692,42.392971],[47.867686,42.584662],[47.751801,42.636664],[47.715587,42.696682],[47.69809,42.867133],[47.461925,43.020819],[47.481212,43.202338],[47.564952,43.268052],[47.486827,43.310858],[47.490896,43.462836],[47.601573,43.765692],[47.701508,43.874498],[47.554698,43.877631],[47.465343,43.552151],[47.379893,43.559719],[47.458507,43.754462],[47.502778,43.780992],[47.357921,44.020575],[47.289887,44.093004],[47.245942,44.211982],[47.166759,44.203315],[47.078298,44.26435],[47.0442,44.346259],[46.700938,44.446194],[46.680431,44.528469],[46.722016,44.655341],[46.88814,44.751868],[46.603492,44.885323],[46.433683,44.93656],[45.853667,45.000509],[45.705975,44.975782],[45.621123,44.898965],[45.613991,44.766002],[45.434881,44.617484],[45.27086,44.59056],[45.237373,44.460129],[45.398397,44.444419],[45.404495,44.317502],[45.130713,44.268306],[45.124099,44.202367],[45.506298,44.190481],[45.509398,44.015195],[45.71042,43.955147],[45.80292,43.978143],[46.044663,43.933649],[46.016447,43.876418],[46.220259,43.863008],[46.256949,43.9483],[46.349347,43.997728],[46.462312,43.961968],[46.451563,43.887089],[46.585922,43.872232],[46.584991,43.772367],[46.483499,43.672115],[46.43854,43.54096],[46.337565,43.458175],[46.359889,43.360971],[46.423038,43.314721],[46.403297,43.113751],[46.533522,42.961176],[46.424588,42.876608],[46.335808,42.903996],[46.123211,42.843122],[46.169513,42.729692],[46.095409,42.715119],[45.948338,42.575076],[45.82111,42.487226],[45.739506,42.470647]]]},"properties":{"LOCATION_TYPE":"level1","ADM0_A3":"RUS","LOCATION_ID":"RUS-DA","NAME":"Dagestan","TYPE_EN":"Republic"}},
{"type":"Feature","geometry":{"type":"Polygon","coordinates":[[[32.883618,66.586174],[33.034841,66.59162],[32.890961,66.781562],[32.705089,66.796373],[32.478282,66.90998],[32.556977,66.989],[32.314138,67.060248],[32.382579,67.159654],[32.635509,67.13288],[32.853852,67.07453],[32.843272,66.976264],[33.100597,66.85814],[33.483246,66.730414],[33.587413,66.819525],[33.832693,66.695543],[34.284028,66.672431],[34.434337,66.547268],[34.564708,66.542711],[34.887706,66.599758],[35.380626,66.417873],[35.770274,66.361151],[36.406261,66.294745],[36.88738,66.285224],[37.273123,66.230455],[37.546397,66.144843],[37.927094,66.088772],[38.554373,66.054999],[39.343598,66.134711],[40.084972,66.288764],[40.444347,66.405504],[40.719249,66.541938],[40.744965,66.597357],[41.178071,66.809556],[41.360037,67.013617],[41.33839,67.171129],[41.108897,67.253811],[41.145356,67.424384],[40.999278,67.467475],[41.052257,67.619127],[41.016612,67.697903],[40.800629,67.728217],[40.574067,67.811021],[40.321544,67.844916],[40.362478,67.902899],[39.859386,68.057563],[39.520763,68.075995],[38.662934,68.379299],[38.434581,68.355862],[38.316905,68.447577],[38.06658,68.50967],[37.9463,68.600816],[37.680512,68.713446],[37.463878,68.742418],[36.249522,69.110989],[35.96697,69.176825],[35.330333,69.276068],[35.264171,69.215399],[34.661794,69.249498],[34.420584,69.310981],[33.852061,69.338935],[33.620453,69.327704],[33.576182,69.199205],[33.406423,69.208564],[33.375987,69.307563],[33.523692,69.42829],[32.687022,69.502753],[32.420177,69.502753],[32.501964,69.633124],[32.871755,69.582506],[33.118988,69.661078],[33.128591,69.725572],[32.919607,69.780015],[32.523204,69.803168],[32.054454,69.963772],[31.753673,69.854071],[31.699067,69.744289],[31.409028,69.715806],[31.261567,69.763414],[30.840954,69.805842],[30.927703,69.672131],[30.852979,69.527437],[30.511657,69.536325],[30.294357,69.620248],[30.123411,69.441912],[29.900686,69.358248],[29.334519,69.277375],[29.240468,69.115059],[28.456226,68.900137],[28.801477,68.835489],[28.716366,68.727951],[28.447441,68.514889],[28.663759,68.204003],[28.727218,68.172687],[29.298656,68.081789],[29.651192,67.823562],[30.009413,67.685844],[29.916241,67.508129],[29.519831,67.298167],[29.100115,66.991235],[29.089159,66.837549],[29.362498,66.626553],[31.073277,66.684147],[31.555315,66.655208],[31.652363,66.537102],[31.784655,66.502892],[31.901547,66.356363],[32.328704,66.359154],[32.362707,66.466744],[32.530966,66.488965],[32.593597,66.582344],[32.883618,66.586174]]]},"properties":{"LOCATION_TYPE":"level1","ADM0_A3":"RUS","LOCATION_ID":"RUS-MUR","NAME":"Murmansk","TYPE_EN":"Region"}},
{"type":"Feature","geometry":{"type":"MultiPolygon","coordinates":[[[[29.362498,66.626553],[29.524482,66.491214],[29.593211,66.345926],[29.900169,66.108059],[30.075146,65.822805],[30.111733,65.712011],[29.702869,65.62938],[29.838571,65.564888],[29.74545,65.511403],[29.720129,65.329088],[29.580085,65.235399],[29.833197,65.205013],[29.820484,65.093651],[29.667832,65.077941],[29.588147,64.991435],[29.78028,64.795581],[30.062537,64.78416],[30.17054,64.681686],[30.136434,64.615385],[29.965798,64.578643],[30.070391,64.47188],[30.093129,64.361241],[30.321126,64.317677],[30.558475,64.219699],[30.586432,64.084668],[30.509331,63.991392],[30.201546,63.792645],[29.980785,63.741537],[30.242474,63.581805],[30.488661,63.462122],[30.82094,63.375668],[30.974936,63.289161],[31.22567,63.19604],[31.250836,63.115477],[31.569525,62.905929],[31.441264,62.788701],[31.222156,62.491716],[30.90755,62.292891],[30.635008,62.184009],[30.339574,61.991669],[29.779143,61.593115],[29.539726,61.484956],[29.277059,61.304599],[29.491255,61.239156],[29.576417,61.170737],[29.869526,61.176292],[32.703358,60.645704],[32.909961,60.724407],[33.078012,60.737895],[33.253402,60.898841],[33.406364,60.989301],[33.752286,60.943671],[33.867111,61.070536],[33.696269,61.12167],[33.584958,61.071286],[33.45153,61.133685],[33.534935,61.220811],[34.216134,61.241947],[34.457256,61.167791],[34.543866,61.270059],[34.740547,61.32003],[34.822195,61.278327],[35.258034,61.254246],[35.392186,61.161668],[35.603853,61.188307],[36.466849,61.406588],[36.577644,61.529475],[36.87344,61.544926],[36.996429,61.594432],[37.278273,61.500536],[37.77292,61.522137],[37.761964,61.648227],[37.857255,61.697681],[37.926605,61.968259],[37.807749,61.99756],[37.718763,62.203413],[37.429891,62.237183],[37.572622,62.360638],[37.587505,62.472673],[37.504926,62.645324],[37.352273,62.683823],[37.080765,62.656072],[36.759545,62.717671],[36.500542,62.826036],[36.258903,63.03176],[36.320192,63.161313],[36.219836,63.416491],[36.057985,63.46008],[35.882286,63.573355],[35.944607,63.619683],[36.374969,63.644953],[36.554699,63.763964],[36.523406,63.971429],[36.292166,64.009711],[36.23525,64.124823],[35.976736,64.198961],[35.810802,64.342027],[35.618158,64.340429],[35.410504,64.286755],[35.28004,64.376614],[34.955577,64.452216],[34.846558,64.559917],[34.977592,64.611917],[34.798025,64.756334],[34.942068,64.857571],[34.778331,64.966783],[34.816091,65.043402],[34.62672,65.172187],[34.615245,65.254584],[34.471039,65.288967],[34.368988,65.391791],[34.633474,65.487494],[34.776622,65.596584],[34.770763,65.774888],[34.866222,65.877916],[34.496837,66.116156],[34.161388,66.185492],[33.972341,66.251044],[33.619884,66.309312],[33.7046,66.443834],[33.354828,66.480211],[33.165847,66.555933],[33.04593,66.576245],[32.883618,66.586174],[32.593597,66.582344],[32.530966,66.488965],[32.362707,66.466744],[32.328704,66.359154],[31.901547,66.356363],[31.784655,66.502892],[31.652363,66.537102],[31.555315,66.655208],[31.073277,66.684147],[29.362498,66.626553]]],[[[35.866873,65.031317],[35.815307,65.154211],[35.524099,65.144477],[35.603311,65.038008],[35.866873,65.031317]]]]},"properties":{"LOCATION_TYPE":"level1","ADM0_A3":"RUS","LOCATION_ID":"RUS-KR","NAME":"Karelia","TYPE_EN":"Republic"}},
{"type":"Feature","geometry":{"type":"Polygon","coordinates":[[[29.277059,61.304599],[29.203158,61.245901],[28.797601,61.09684],[28.614563,60.961939],[28.480928,60.933465],[28.148132,60.757714],[27.845714,60.557807],[28.034434,60.525784],[28.215831,60.547553],[28.400564,60.665269],[28.721934,60.721177],[28.6067,60.389472],[28.787852,60.341376],[29.092296,60.177965],[29.417898,60.16885],[29.632951,60.266012],[30.179068,60.147957],[30.390424,60.122739],[30.373681,60.036232],[30.527264,59.970345],[30.511657,59.862393],[30.75619,59.777489],[30.747715,59.725657],[30.555582,59.685918],[30.502459,59.630727],[30.259373,59.60985],[30.113439,59.663077],[29.849992,59.827563],[29.679563,59.868852],[29.697139,59.950048],[29.161388,60.002631],[29.014415,59.929877],[28.976329,59.831285],[28.845958,59.790229],[28.581879,59.834052],[28.427501,59.813422],[28.375255,59.666327],[28.223888,59.691107],[28.086925,59.799384],[27.993419,59.703315],[28.072602,59.57803],[28.019054,59.481757],[28.186475,59.37493],[28.076611,59.30527],[27.903909,59.290387],[27.842414,59.161196],[27.695889,58.977183],[27.873162,59.014383],[28.131027,58.990146],[28.271794,58.856459],[28.551674,58.865141],[28.9748,58.779927],[29.231529,58.706236],[29.449087,58.594512],[29.538693,58.479893],[29.78581,58.440309],[29.975049,58.44465],[30.167182,58.53312],[30.088221,58.640452],[30.100623,58.729594],[30.279837,58.754295],[30.412542,58.710913],[30.687357,58.745769],[30.727975,58.82858],[30.961966,58.975212],[30.981396,59.059625],[31.159783,59.072544],[31.257865,58.980767],[31.452478,59.092001],[31.563066,59.368418],[31.826719,59.314494],[31.882116,59.375498],[32.124065,59.394334],[32.291497,59.207187],[32.583986,59.180522],[32.706252,59.141868],[32.732297,59.267494],[32.954816,59.4218],[33.245651,59.326302],[33.368227,59.379735],[33.520259,59.372965],[33.716113,59.302117],[33.855019,59.198351],[34.099759,59.144736],[34.24745,59.197576],[34.567741,59.108072],[34.729901,59.103214],[34.900537,59.237935],[35.134734,59.254368],[35.301236,59.301032],[35.448514,59.427691],[35.323663,59.506678],[35.495849,59.553523],[35.423606,59.701111],[35.382471,59.875415],[35.403658,59.974272],[35.23788,59.985486],[35.157059,60.067032],[35.147447,60.268828],[35.231059,60.341175],[35.258551,60.585295],[35.154061,60.787298],[35.280875,60.850007],[35.439935,60.861557],[35.489338,60.959484],[35.686019,61.120869],[35.603853,61.188307],[35.392186,61.161668],[35.258034,61.254246],[34.822195,61.278327],[34.740547,61.32003],[34.543866,61.270059],[34.457256,61.167791],[34.216134,61.241947],[33.534935,61.220811],[33.45153,61.133685],[33.584958,61.071286],[33.696269,61.12167],[33.867111,61.070536],[33.752286,60.943671],[33.406364,60.989301],[33.253402,60.898841],[33.078012,60.737895],[32.909961,60.724407],[32.703358,60.645704],[29.869526,61.176292],[29.576417,61.170737],[29.491255,61.239156],[29.277059,61.304599]]]},"properties":{"LOCATION_TYPE":"level1","ADM0_A3":"RUS","LOCATION_ID":"RUS-LEN","NAME":"Leningrad","TYPE_EN":"Region"}},
{"type":"Feature","geometry":{"type":"Polygon","coordinates":[[[21.37485,55.28996],[21.181326,55.193345],[21.230154,54.93891],[21.078949,54.899807],[20.860362,54.911322],[20.763682,54.947699],[20.576915,54.93891],[20.033702,54.948188],[19.920665,54.889594],[19.961681,54.773179],[19.831879,54.598131],[19.626475,54.468451],[19.680276,54.436678],[20.929606,54.397818],[21.720772,54.373271],[22.698387,54.342937],[22.681747,54.5699],[22.724845,54.723379],[22.832849,54.778673],[22.808871,54.893756],[22.633481,54.957939],[22.580668,55.057622],[22.251282,55.070852],[22.09987,55.029924],[21.503938,55.19441],[21.37485,55.28996]]]},"properties":{"LOCATION_TYPE":"level1","ADM0_A3":"RUS","LOCATION_ID":"RUS-KGD","NAME":"Kaliningrad","TYPE_EN":"Region"}},
{"type":"Feature","geometry":{"type":"Polygon","coordinates":[[[30.907122,55.57777],[30.918608,55.407627],[30.794275,55.285515],[30.959795,55.162577],[31.006407,55.04243],[30.814842,54.928018],[30.770607,54.786011],[31.10516,54.668292],[31.167947,54.621577],[31.064646,54.492282],[31.20903,54.448047],[31.324682,54.229249],[31.506376,54.143931],[31.748119,54.086312],[31.84651,53.992313],[31.753803,53.81961],[31.873175,53.777132],[32.083602,53.809637],[32.290411,53.760854],[32.48058,53.66241],[32.399087,53.635384],[32.452933,53.546397],[32.650286,53.487641],[32.717794,53.431062],[32.9081,53.493479],[32.899005,53.568669],[33.288956,53.821728],[33.287405,53.953916],[33.474577,53.971848],[33.501242,54.015799],[33.562014,54.15623],[33.68366,54.321336],[33.616687,54.381022],[33.642732,54.48546],[33.728722,54.561683],[33.926849,54.572277],[34.10751,54.550314],[34.326102,54.429598],[34.415812,54.450837],[34.499631,54.631989],[34.817338,54.709374],[34.921001,54.771593],[34.86581,54.883834],[35.001926,54.886702],[35.144036,55.021655],[35.284493,55.11214],[35.369655,55.238799],[35.301236,55.299106],[35.303096,55.571208],[35.397147,55.617071],[35.316119,55.726935],[35.353532,55.779386],[35.174112,55.948265],[35.031485,55.984438],[34.630889,55.917879],[34.200734,56.07451],[33.916617,56.073115],[33.838069,55.949453],[33.659992,55.946249],[33.670018,55.865298],[33.505273,55.755202],[33.187876,55.652521],[32.939313,55.631798],[32.721755,55.689676],[32.09368,55.67407],[31.893588,55.770498],[31.754889,55.714352],[31.585597,55.746623],[31.467361,55.729002],[31.186862,55.737218],[31.047335,55.768534],[30.907122,55.57777]]]},"properties":{"LOCATION_TYPE":"level1","ADM0_A3":"RUS","LOCATION_ID":"RUS-SMO","NAME":"Smolensk","TYPE_EN":"Region"}},
{"type":"Feature","geometry":{"type":"Polygon","coordinates":[[[32.717794,53.431062],[32.717465,53.334937],[32.579954,53.324369],[32.405546,53.192672],[32.20592,53.100352],[31.907179,53.091928],[31.780468,53.127869],[31.738558,53.192542],[31.614018,53.209751],[31.378529,53.182026],[31.367057,53.098931],[31.247064,53.014388],[31.387934,52.887987],[31.505136,52.848894],[31.570248,52.725258],[31.480641,52.682522],[31.579033,52.577825],[31.608075,52.372463],[31.567354,52.311382],[31.68342,52.257199],[31.764345,52.100568],[31.892037,52.036179],[32.095591,52.040726],[32.306741,52.141185],[32.339504,52.287249],[32.528433,52.316213],[32.725423,52.252083],[32.926858,52.246915],[33.196506,52.368949],[33.480519,52.357761],[33.531679,52.288825],[33.687948,52.355823],[33.804065,52.354609],[34.05573,52.170331],[34.068235,52.031011],[34.146163,51.95161],[34.371101,51.826811],[34.40651,52.012691],[34.53074,52.070362],[34.672334,52.065479],[34.715122,52.216296],[34.804625,52.185135],[34.917177,52.32182],[34.896816,52.353239],[34.832944,52.424036],[34.989627,52.510542],[35.010608,52.614153],[35.091533,52.697972],[34.804935,52.868194],[34.966993,52.970255],[35.156542,52.96948],[35.313948,53.06565],[35.18207,53.101617],[35.122332,53.186263],[35.103522,53.310777],[35.017429,53.380773],[34.672644,53.390075],[34.582417,53.427592],[34.488159,53.544071],[34.489502,53.666466],[34.384599,53.71853],[34.199184,53.891595],[34.031132,53.861726],[33.859773,53.878701],[33.780192,53.981537],[33.682317,54.026393],[33.501242,54.015799],[33.474577,53.971848],[33.287405,53.953916],[33.288956,53.821728],[32.899005,53.568669],[32.9081,53.493479],[32.717794,53.431062]]]},"properties":{"LOCATION_TYPE":"level1","ADM0_A3":"RUS","LOCATION_ID":"RUS-BRY","NAME":"Bryansk","TYPE_EN":"Region"}},
{"type":"Feature","geometry":{"type":"Polygon","coordinates":[[[34.371101,51.826811],[34.37633,51.708602],[34.127973,51.680748],[34.280315,51.361259],[34.281762,51.226435],[34.40899,51.253126],[34.622413,51.224756],[34.74809,51.164733],[34.961824,51.215325],[35.09918,51.183182],[35.172561,51.040632],[35.308676,51.047325],[35.282218,50.961107],[35.512386,50.947123],[35.546389,50.90573],[35.816967,50.944694],[35.999591,51.057659],[35.976337,51.157524],[36.313577,51.103341],[36.617538,51.079751],[36.855766,51.185765],[37.053997,51.246898],[37.144224,51.342913],[37.249127,51.330976],[37.379145,51.385443],[37.538619,51.394279],[37.666673,51.365651],[37.828627,51.420479],[38.046495,51.419652],[38.027271,51.366167],[38.291544,51.292451],[38.323377,51.340846],[38.276351,51.526364],[38.207312,51.629045],[38.219507,51.7078],[38.40978,51.687801],[38.40978,51.92019],[38.298779,51.961015],[38.192119,51.91218],[37.996989,51.878953],[37.820772,51.91218],[37.747081,52.016903],[37.65179,51.971143],[37.480741,52.009487],[37.353514,51.936158],[37.15828,52.07199],[36.820213,52.120281],[36.729366,52.176195],[36.552322,52.215314],[36.356985,52.365796],[35.892621,52.274484],[35.637029,52.33231],[35.57171,52.387397],[35.39632,52.41401],[35.123676,52.334635],[34.896816,52.353239],[34.917177,52.32182],[34.804625,52.185135],[34.715122,52.216296],[34.672334,52.065479],[34.53074,52.070362],[34.40651,52.012691],[34.371101,51.826811]]]},"properties":{"LOCATION_TYPE":"level1","ADM0_A3":"RUS","LOCATION_ID":"RUS-KRS","NAME":"Kursk","TYPE_EN":"Region"}},
{"type":"Feature","geometry":{"type":"Polygon","coordinates":[[[35.282218,50.961107],[35.341749,50.91586],[35.445412,50.687502],[35.377716,50.621821],[35.425258,50.500485],[35.52272,50.459505],[35.570159,50.376461],[35.69687,50.345145],[35.83743,50.423228],[36.105837,50.42111],[36.269031,50.281376],[36.400186,50.306646],[36.682649,50.260654],[36.914056,50.339099],[37.197037,50.362405],[37.285197,50.41527],[37.435265,50.424934],[37.480017,50.340029],[37.599183,50.290885],[37.588641,50.21461],[37.72765,50.078701],[37.915856,50.003306],[37.995334,49.921347],[38.166176,49.94057],[38.173928,50.06015],[38.299915,50.060511],[38.34415,49.992092],[38.497526,49.948167],[38.664337,49.962688],[38.687282,49.913802],[38.852233,49.865795],[38.937395,49.803473],[39.181006,49.859487],[39.233606,50.05617],[39.09904,50.172752],[39.084777,50.34871],[38.990416,50.432736],[39.097697,50.506065],[39.072375,50.636109],[38.966232,50.646521],[38.724489,50.790078],[38.736685,50.901389],[38.873628,50.911311],[38.845826,51.036472],[38.737615,51.073679],[38.618449,50.998386],[38.516233,51.061845],[38.396861,51.076521],[38.445953,51.257388],[38.291544,51.292451],[38.027271,51.366167],[38.046495,51.419652],[37.828627,51.420479],[37.666673,51.365651],[37.538619,51.394279],[37.379145,51.385443],[37.249127,51.330976],[37.144224,51.342913],[37.053997,51.246898],[36.855766,51.185765],[36.617538,51.079751],[36.313577,51.103341],[35.976337,51.157524],[35.999591,51.057659],[35.816967,50.944694],[35.546389,50.90573],[35.512386,50.947123],[35.282218,50.961107]]]},"properties":{"LOCATION_TYPE":"level1","ADM0_A3":"RUS","LOCATION_ID":"RUS-BEL","NAME":"Belgorod","TYPE_EN":"Region"}},
{"type":"Feature","geometry":{"type":"Polygon","coordinates":[[[39.181006,49.859487],[39.238049,49.765129],[39.327656,49.72632],[39.443618,49.749523],[39.570432,49.713297],[39.622935,49.613459],[39.801529,49.542197],[40.017743,49.607878],[40.118504,49.588451],[40.169569,49.624051],[40.411001,49.596844],[40.884771,49.690301],[41.029258,49.794222],[41.05644,49.91623],[41.1785,50.015707],[41.341487,50.075342],[41.288364,50.17947],[41.362054,50.22634],[41.508609,50.392118],[41.423549,50.48157],[41.525765,50.598669],[41.400088,50.625024],[41.314409,50.724604],[41.167544,50.780518],[41.369806,50.830774],[41.444323,50.917357],[41.737019,51.025723],[41.854944,51.188555],[41.977004,51.203283],[42.067334,51.160004],[42.254817,51.132486],[42.57304,51.168505],[42.71546,51.239353],[42.872867,51.231343],[42.860878,51.381412],[42.734064,51.479003],[42.489221,51.607703],[42.27373,51.600417],[42.247685,51.694494],[41.952199,51.656382],[41.556461,51.766711],[41.311308,51.793816],[41.268313,51.734956],[41.066052,51.710177],[40.891902,51.742604],[40.937688,51.890244],[40.734599,51.940396],[40.503812,51.953522],[40.294626,51.95639],[40.08761,51.985018],[39.913047,51.979825],[39.834086,51.920164],[39.496639,51.972694],[39.447133,52.082196],[39.182343,52.098164],[38.994447,52.000702],[38.879932,52.092531],[38.697618,52.097751],[38.528842,52.02375],[38.298779,51.961015],[38.40978,51.92019],[38.40978,51.687801],[38.219507,51.7078],[38.207312,51.629045],[38.276351,51.526364],[38.323377,51.340846],[38.291544,51.292451],[38.445953,51.257388],[38.396861,51.076521],[38.516233,51.061845],[38.618449,50.998386],[38.737615,51.073679],[38.845826,51.036472],[38.873628,50.911311],[38.736685,50.901389],[38.724489,50.790078],[38.966232,50.646521],[39.072375,50.636109],[39.097697,50.506065],[38.990416,50.432736],[39.084777,50.34871],[39.09904,50.172752],[39.233606,50.05617],[39.181006,49.859487]]]},"properties":{"LOCATION_TYPE":"level1","ADM0_A3":"RUS","LOCATION_ID":"RUS-VOR","NAME":"Voronezh","TYPE_EN":"Region"}},
{"type":"Feature","geometry":{"type":"Polygon","coordinates":[[[40.118504,49.588451],[40.040894,49.455484],[40.159543,49.333579],[40.141663,49.245781],[39.952114,49.124548],[39.918731,49.047808],[39.681123,49.020316],[39.758741,48.895415],[39.89651,48.879912],[39.70293,48.746586],[39.63172,48.586906],[39.809177,48.583754],[39.924105,48.376118],[39.815895,48.308164],[39.993248,48.27323],[39.843077,48.119751],[39.759051,47.832947],[39.391631,47.822612],[39.319698,47.846021],[39.092942,47.832094],[38.877244,47.86124],[38.770997,47.780831],[38.734514,47.677143],[38.562225,47.626629],[38.352935,47.607095],[38.260331,47.492942],[38.257954,47.393232],[38.201006,47.290629],[38.203487,47.192314],[38.265391,47.118801],[38.625499,47.135647],[38.937755,47.189765],[38.944591,47.252753],[39.088145,47.286444],[39.264008,47.26081],[39.261892,47.008612],[39.075206,47.03266],[38.957286,46.956488],[38.673527,46.862955],[38.690486,46.821483],[38.883033,46.807996],[38.849236,46.71255],[38.88448,46.634777],[39.09904,46.601342],[39.180379,46.688365],[39.443515,46.8089],[39.577461,46.777507],[39.816516,46.784586],[40.023428,46.764846],[40.131535,46.722265],[40.044719,46.616431],[40.058672,46.542379],[40.214424,46.524938],[40.284084,46.403473],[40.233648,46.358463],[40.339481,46.279889],[40.734599,46.276245],[40.756613,46.232527],[40.953501,46.197956],[40.999596,46.126642],[41.125893,46.067886],[41.162377,45.953552],[41.375387,45.946808],[41.420139,45.994764],[41.65847,45.976057],[41.712627,45.996004],[41.655783,46.105274],[41.72596,46.213562],[41.840061,46.152945],[41.914992,46.184649],[41.994987,46.301308],[42.2019,46.314486],[42.099581,46.407142],[42.034262,46.543258],[42.180919,46.577881],[42.409329,46.524938],[42.596811,46.410863],[42.787187,46.389417],[42.911831,46.435047],[43.080192,46.359755],[43.355628,46.17235],[43.55944,46.168862],[43.646049,46.215732],[43.785886,46.407452],[43.918384,46.415979],[43.927686,46.521037],[43.817098,46.588733],[43.930373,46.72273],[44.262446,46.900135],[44.327558,47.110768],[44.333966,47.475242],[44.228443,47.574642],[44.116822,47.533481],[44.109587,47.413695],[43.953317,47.364861],[43.939158,47.268898],[43.802319,47.282541],[43.799218,47.370649],[43.731522,47.476611],[43.482028,47.483743],[43.262507,47.450179],[43.054251,47.572755],[42.955342,47.51033],[42.785017,47.731144],[42.728483,47.854082],[42.491908,48.013607],[42.342873,48.044768],[42.282515,48.015726],[42.029817,48.028542],[42.096377,48.154064],[42.049454,48.259897],[42.146503,48.287182],[42.074052,48.391879],[42.16521,48.463967],[42.441575,48.504843],[42.633708,48.551559],[42.701094,48.624423],[42.651071,48.704624],[42.739748,48.786325],[42.64425,48.976933],[42.410569,49.047291],[42.343803,49.152142],[42.09524,49.140567],[42.036639,49.267407],[42.092346,49.288671],[42.053485,49.402256],[42.071985,49.501785],[42.178439,49.66839],[42.115083,49.750349],[41.876132,49.900417],[41.616716,49.96217],[41.595012,50.045421],[41.492382,50.083558],[41.362054,50.22634],[41.288364,50.17947],[41.341487,50.075342],[41.1785,50.015707],[41.05644,49.91623],[41.029258,49.794222],[40.884771,49.690301],[40.411001,49.596844],[40.169569,49.624051],[40.118504,49.588451]]]},"properties":{"LOCATION_TYPE":"level1","ADM0_A3":"RUS","LOCATION_ID":"RUS-ROS","NAME":"Rostov","TYPE_EN":"Region"}},
{"type":"Feature","geometry":{"type":"Polygon","coordinates":[[[98.937652,52.124687],[98.994712,52.058296],[99.232837,51.994243],[99.32389,51.934221],[99.679321,51.888669],[99.917911,51.749478],[100.005968,51.731727],[100.510898,51.726895],[101.069469,51.553444],[101.241551,51.515177],[101.387795,51.450556],[101.482053,51.47288],[101.742192,51.444845],[102.051217,51.383609],[102.183871,51.323897],[102.135295,51.240284],[102.146509,51.097632],[102.229656,50.979267],[102.216789,50.798864],[102.329392,50.718817],[102.275907,50.650191],[102.327635,50.545546],[102.471864,50.524927],[102.586585,50.41527],[102.762595,50.374807],[102.974107,50.295639],[103.20169,50.296983],[103.253108,50.214972],[103.407104,50.197299],[103.601407,50.13353],[103.785272,50.186137],[103.973994,50.148723],[104.121685,50.148258],[104.405802,50.300548],[104.610441,50.314191],[104.934246,50.393256],[105.13134,50.398062],[105.32864,50.476455],[105.639371,50.421936],[105.779259,50.428913],[105.984879,50.399767],[106.055934,50.33357],[106.244863,50.290265],[106.439787,50.327937],[106.656518,50.327007],[106.788293,50.291505],[106.973656,50.196369],[107.048432,50.084644],[107.224907,49.997053],[107.364071,49.976124],[107.744604,49.967353],[107.795519,50.025732],[107.769681,50.147224],[107.92626,50.214816],[107.990236,50.334757],[108.131726,50.318221],[108.213478,50.410799],[108.315177,50.40266],[108.553612,50.465085],[108.47217,50.589936],[108.18733,50.65758],[108.067027,50.753492],[108.249651,50.843512],[108.352694,51.055385],[108.483952,51.056677],[108.554749,51.157084],[108.384527,51.237493],[108.531805,51.422831],[108.64911,51.500629],[108.757114,51.44885],[108.942012,51.440478],[109.047122,51.500423],[109.247213,51.365961],[109.628689,51.449108],[110.049231,51.616075],[110.389159,51.577007],[110.422542,51.523315],[110.676997,51.504453],[110.862412,51.594991],[110.844738,51.659999],[111.125031,51.817897],[111.453693,51.877764],[111.723651,52.005663],[111.796412,52.089947],[112.061822,52.277223],[112.184502,52.288075],[112.405367,52.20839],[112.54479,52.347038],[112.680492,52.331431],[112.949933,52.343317],[113.236117,52.468787],[113.572531,52.453491],[113.7442,52.573639],[113.965271,52.63317],[114.087848,52.694613],[114.235126,52.821531],[114.232955,52.960514],[114.325146,53.067717],[114.132083,53.09955],[114.200813,53.18709],[113.97757,53.2398],[113.935919,53.358242],[113.842488,53.381807],[113.877628,53.562002],[113.792672,53.629698],[113.983462,53.743748],[114.326076,53.790025],[114.500743,53.844931],[114.588283,53.926579],[114.860101,53.98053],[115.023295,54.098404],[115.164475,54.161707],[115.269068,54.256689],[115.49107,54.328674],[115.629356,54.442284],[116.190459,54.53848],[116.457936,54.516776],[116.67322,54.547834],[116.777296,54.62664],[116.774092,54.690305],[116.883646,54.737538],[116.927468,54.825879],[116.892741,54.976696],[116.773886,55.148004],[116.715905,55.144593],[116.475919,55.253165],[116.375977,55.408711],[116.177746,55.390573],[116.071603,55.414912],[115.895179,55.525397],[115.844847,55.704817],[115.844433,55.856849],[115.889288,55.965163],[115.764852,56.085673],[115.773637,56.205665],[115.687957,56.326691],[115.683823,56.424515],[115.800508,56.466114],[115.672557,56.539857],[115.687854,56.595357],[115.49045,56.619903],[115.434122,56.689796],[115.571272,56.731886],[115.589048,56.901953],[115.710798,56.9635],[115.804849,57.0313],[116.047625,57.082201],[116.170305,57.14137],[116.155732,57.228548],[115.852185,57.240072],[115.697776,57.136668],[115.449935,57.097032],[115.085927,57.118581],[115.050373,56.990734],[114.850695,56.836686],[114.795298,56.709717],[114.498469,56.670856],[114.289283,56.692018],[114.127225,56.675972],[114.01023,56.545334],[113.86967,56.532622],[113.803007,56.602437],[113.546796,56.67158],[113.3558,56.626363],[112.885544,56.696695],[112.762037,56.752531],[112.662095,56.95965],[112.443917,56.862989],[112.234938,56.877717],[112.109571,56.94438],[111.854289,56.913271],[111.62805,57.016313],[111.620195,57.094991],[111.462478,57.102458],[111.336698,56.950013],[111.363156,56.894822],[111.133713,56.814749],[110.998114,56.857718],[110.883082,56.834051],[110.752548,56.8741],[110.531889,56.846711],[110.399081,56.921229],[109.988977,56.969029],[109.886864,56.890869],[109.780411,56.711112],[109.665276,56.694266],[109.410201,56.734935],[109.313669,56.671735],[109.143137,56.676076],[108.92961,56.588174],[108.69903,56.582903],[108.718563,56.499446],[108.557023,56.345657],[108.571182,56.293618],[108.798972,56.257393],[108.928886,56.148201],[108.991208,56.03968],[109.105,56.021671],[109.180034,55.913022],[108.959996,55.94134],[108.854059,55.866254],[108.771377,55.623272],[108.622238,55.455892],[108.651281,55.313187],[108.77272,55.237275],[108.782229,55.169501],[108.690348,55.062324],[108.716083,54.78508],[108.640429,54.60106],[108.670918,54.546878],[109.022111,54.493625],[109.007331,54.424947],[108.423491,53.783177],[108.060826,53.205125],[108.040982,53.192722],[106.198304,52.440184],[105.991598,52.220947],[105.751509,52.030985],[105.461191,51.863346],[105.123124,51.73108],[104.649871,51.622431],[104.628684,51.443372],[104.670025,51.399163],[104.609357,51.268292],[104.494222,51.308961],[104.212378,51.281108],[104.09807,51.218166],[103.813746,51.131866],[103.818707,51.38782],[103.689723,51.460167],[103.576345,51.479235],[103.335016,51.434199],[103.181434,51.620829],[103.221638,51.78826],[103.064748,51.882673],[102.777014,51.984553],[102.672937,52.098422],[102.573512,52.149065],[102.542093,52.227613],[102.394815,52.259033],[102.320401,52.231334],[102.188006,52.275828],[102.045689,52.212188],[101.963213,52.222446],[101.9104,52.317091],[101.687571,52.460622],[101.475595,52.571107],[101.030867,52.769105],[100.85248,52.810653],[100.826849,52.856464],[100.606397,52.94359],[100.362691,53.136757],[100.401035,53.234219],[100.260475,53.37483],[100.079814,53.300313],[99.878173,53.299383],[99.805206,53.190164],[99.690174,53.131951],[99.378978,53.112779],[99.249787,52.953822],[99.220332,52.865249],[98.92867,52.918476],[98.856323,52.846594],[98.937765,52.797501],[98.937145,52.672703],[98.804646,52.610949],[98.805577,52.514004],[98.634424,52.41277],[98.646413,52.309004],[98.799479,52.274226],[98.808987,52.196401],[98.937652,52.124687]]]},"properties":{"LOCATION_TYPE":"level1","ADM0_A3":"RUS","LOCATION_ID":"RUS-BU","NAME":"Buryat","TYPE_EN":"Republic"}},
{"type":"Feature","geometry":{"type":"Polygon","coordinates":[[[98.937652,52.124687],[98.808987,52.196401],[98.799479,52.274226],[98.646413,52.309004],[98.634424,52.41277],[98.805577,52.514004],[98.804646,52.610949],[98.937145,52.672703],[98.937765,52.797501],[98.856323,52.846594],[98.92867,52.918476],[99.220332,52.865249],[99.249787,52.953822],[98.989338,53.034489],[99.055691,53.103787],[98.697883,53.154844],[98.615201,53.107508],[98.303178,53.103736],[98.279511,53.225692],[98.030844,53.252615],[97.971519,53.351628],[97.698771,53.378913],[97.44783,53.461492],[97.328354,53.596367],[97.135188,53.613007],[96.874945,53.729072],[96.742757,53.711037],[96.684052,53.638535],[96.642298,53.54805],[96.417919,53.543192],[96.241495,53.613472],[96.185995,53.51539],[96.048329,53.45374],[95.767623,53.519524],[95.621792,53.448572],[95.380876,53.371885],[95.260367,53.456376],[95.041052,53.375915],[94.97563,53.405009],[94.739882,53.382737],[94.594464,53.315661],[94.690066,53.2244],[94.604179,53.175773],[94.603663,53.055263],[94.512299,52.910828],[94.29009,52.899975],[94.141262,52.831763],[94.139091,52.761018],[93.989333,52.585421],[93.773946,52.446153],[93.767641,52.371403],[93.678034,52.223841],[93.360431,52.129428],[93.074557,51.945253],[92.901234,51.895076],[92.844287,51.832444],[92.672824,51.839833],[92.505393,51.781439],[92.429532,51.801851],[91.986665,51.793609],[91.894164,51.852804],[91.616455,51.868979],[91.543074,51.900915],[91.180409,51.890115],[91.100517,51.942721],[90.839448,51.912439],[90.74364,52.063437],[90.581789,52.111807],[90.476589,52.183401],[90.359374,52.191802],[90.123729,52.128601],[90.118872,52.0438],[90.027508,51.984372],[90.104609,51.767693],[89.942862,51.750175],[89.730368,51.582226],[89.58061,51.553029],[89.42093,51.605378],[89.223112,51.559851],[89.232724,51.644807],[88.7357,51.559385],[88.955429,51.438359],[88.945817,51.22832],[89.03222,51.184318],[89.052373,51.064584],[89.383619,50.857568],[89.673731,50.57898],[89.779668,50.56694],[89.869171,50.485084],[89.843643,50.42992],[89.507953,50.362353],[89.390337,50.319306],[89.336387,50.209597],[89.501442,50.206807],[89.633211,49.907939],[89.720704,49.939744],[89.969423,49.96708],[90.051226,50.084179],[90.222947,50.11441],[90.475232,50.21461],[90.683901,50.216212],[90.717594,50.280756],[90.839964,50.320806],[91.012046,50.425295],[91.260093,50.466585],[91.415743,50.461365],[91.475067,50.535986],[91.575733,50.561979],[91.749779,50.684091],[91.899951,50.707242],[92.15885,50.689103],[92.242772,50.720006],[92.301683,50.843358],[92.649776,50.674066],[92.76026,50.770752],[92.961695,50.777884],[93.011408,50.623319],[93.104942,50.598825],[93.421512,50.609367],[93.536337,50.584717],[94.237586,50.565235],[94.327503,50.404366],[94.344349,50.249182],[94.491731,50.152289],[94.624539,50.015191],[94.921575,50.045887],[95.076398,49.945531],[95.354727,49.947702],[95.480611,49.892201],[95.867047,50.014984],[95.922651,49.944601],[96.04099,49.997931],[96.235603,49.9492],[96.372856,49.886052],[96.474659,49.921657],[96.56809,49.861764],[96.701932,49.91375],[96.969202,49.886672],[97.152964,49.750246],[97.301688,49.725545],[97.542707,49.822748],[97.566582,49.916799],[97.7336,49.958347],[97.847391,49.93008],[98.105567,50.06387],[98.262457,50.283805],[98.293462,50.518623],[98.135953,50.570971],[98.023298,50.642026],[97.944026,50.774473],[97.990225,50.835606],[97.835713,50.940716],[97.80636,51.001126],[97.92904,51.21504],[97.915708,51.300617],[98.050893,51.46642],[98.220392,51.475205],[98.228247,51.583416],[98.33222,51.718317],[98.618714,51.780665],[98.711111,51.845105],[98.846504,52.039331],[98.937652,52.124687]]]},"properties":{"LOCATION_TYPE":"level1","ADM0_A3":"RUS","LOCATION_ID":"RUS-TY","NAME":"Tuva","TYPE_EN":"Republic"}},
{"type":"Feature","geometry":{"type":"Polygon","coordinates":[[[107.744604,49.967353],[107.946517,49.933491],[107.955767,49.745544],[108.032661,49.589326],[108.250529,49.522405],[108.334865,49.436363],[108.538057,49.32743],[108.930488,49.348824],[109.032962,49.327895],[109.286693,49.33854],[109.462083,49.300454],[109.51624,49.255909],[109.728527,49.266451],[109.81772,49.227746],[110.181419,49.161962],[110.371175,49.24175],[110.603615,49.145322],[110.731359,49.137674],[110.965557,49.207385],[111.338454,49.36474],[111.503509,49.347067],[111.661019,49.396366],[112.030195,49.411869],[112.432238,49.529174],[112.733718,49.492794],[112.947348,49.576096],[113.043673,49.588602],[113.077159,49.669011],[113.212448,49.822025],[113.579661,50.019945],[113.849825,50.080717],[113.973125,50.160505],[114.286285,50.276881],[114.473043,50.234041],[114.75375,50.236211],[114.997352,50.144331],[115.210156,49.97168],[115.368699,49.895405],[115.750898,49.884967],[116.053619,49.998448],[116.21764,50.013848],[116.575447,49.92176],[116.722312,49.801664],[117.057588,49.672886],[117.252925,49.62245],[117.47286,49.614285],[117.758838,49.512741],[117.893816,49.546641],[118.168632,49.671491],[118.393734,49.820009],[118.644365,49.954575],[119.091676,49.986562],[119.208516,50.015139],[119.31621,50.092654],[119.3529,50.345507],[119.141234,50.376616],[119.243656,50.445501],[119.293576,50.599238],[119.496664,50.737059],[119.517955,50.904801],[119.748277,51.083395],[119.758147,51.199021],[119.915657,51.330744],[120.108203,51.665194],[120.153782,51.663979],[120.493141,51.875724],[120.647602,51.911019],[120.705634,52.061035],[120.77917,52.117595],[120.758086,52.237407],[120.626156,52.346806],[120.72398,52.542169],[120.429941,52.636091],[120.175951,52.583742],[120.056423,52.600511],[120.032962,52.760657],[120.280182,52.865922],[120.450301,53.008342],[120.652201,53.122831],[120.874255,53.28016],[121.203485,53.276749],[121.357636,53.324059],[121.512148,53.329821],[121.64103,53.384908],[121.888973,53.43059],[122.025052,53.429823],[122.017907,53.520506],[121.947006,53.604713],[121.919411,53.831443],[121.782882,53.97252],[121.643149,54.012104],[121.641185,54.112925],[121.75353,54.15163],[121.7526,54.271675],[121.654828,54.355494],[121.731309,54.425619],[121.901841,54.369136],[122.114748,54.406705],[122.127357,54.467813],[121.935534,54.566282],[121.921892,54.732887],[121.66661,54.82146],[121.950314,55.00747],[121.939255,55.214149],[121.983593,55.476433],[121.883238,55.60565],[121.693482,55.600069],[121.633744,55.53475],[121.43913,55.481058],[121.363373,55.507362],[121.276246,55.866823],[121.216922,56.013222],[120.986032,56.020147],[120.532002,55.914262],[120.466373,55.871525],[120.259668,55.916432],[120.055339,56.078128],[120.061644,56.138202],[120.343797,56.219747],[120.526835,56.23171],[120.532623,56.284627],[120.275687,56.386223],[120.256567,56.459216],[119.960358,56.493141],[119.808739,56.612178],[119.786828,56.699924],[119.669523,56.770695],[119.898449,56.889396],[119.771635,56.982982],[119.645338,57.002257],[119.622084,57.100959],[119.682752,57.157442],[119.545603,57.339782],[119.442353,57.371201],[119.410107,57.614726],[119.14108,57.538917],[119.165057,57.668677],[119.047028,57.727639],[119.135498,58.007131],[119.154412,58.146399],[119.10811,58.2227],[118.784099,58.212829],[118.630413,58.175157],[118.405104,58.261509],[118.317357,58.352511],[118.142071,58.385894],[117.683804,58.397986],[117.470897,58.303987],[117.587789,58.184304],[117.437721,58.1518],[117.374572,58.060901],[117.368061,57.934164],[117.312974,57.847038],[117.128283,57.84156],[117.140375,57.668418],[117.282278,57.617155],[117.25706,57.508996],[117.426972,57.263688],[117.597091,57.321153],[117.794288,57.287408],[117.723388,57.187052],[117.600915,57.14969],[117.676569,57.065819],[117.672539,56.977504],[117.5758,56.934716],[117.570839,56.851207],[117.179546,56.865987],[116.81502,56.726202],[116.629088,56.748526],[116.361611,56.847331],[116.122039,56.812657],[115.860246,56.932443],[115.710798,56.9635],[115.589048,56.901953],[115.571272,56.731886],[115.434122,56.689796],[115.49045,56.619903],[115.687854,56.595357],[115.672557,56.539857],[115.800508,56.466114],[115.683823,56.424515],[115.687957,56.326691],[115.773637,56.205665],[115.764852,56.085673],[115.889288,55.965163],[115.844433,55.856849],[115.844847,55.704817],[115.895179,55.525397],[116.071603,55.414912],[116.177746,55.390573],[116.375977,55.408711],[116.475919,55.253165],[116.715905,55.144593],[116.773886,55.148004],[116.892741,54.976696],[116.927468,54.825879],[116.883646,54.737538],[116.774092,54.690305],[116.777296,54.62664],[116.67322,54.547834],[116.457936,54.516776],[116.190459,54.53848],[115.629356,54.442284],[115.49107,54.328674],[115.269068,54.256689],[115.164475,54.161707],[115.023295,54.098404],[114.860101,53.98053],[114.588283,53.926579],[114.500743,53.844931],[114.326076,53.790025],[113.983462,53.743748],[113.792672,53.629698],[113.877628,53.562002],[113.842488,53.381807],[113.935919,53.358242],[113.97757,53.2398],[114.200813,53.18709],[114.132083,53.09955],[114.325146,53.067717],[114.232955,52.960514],[114.235126,52.821531],[114.087848,52.694613],[113.965271,52.63317],[113.7442,52.573639],[113.572531,52.453491],[113.236117,52.468787],[112.949933,52.343317],[112.680492,52.331431],[112.54479,52.347038],[112.405367,52.20839],[112.184502,52.288075],[112.061822,52.277223],[111.796412,52.089947],[111.723651,52.005663],[111.453693,51.877764],[111.125031,51.817897],[110.844738,51.659999],[110.862412,51.594991],[110.676997,51.504453],[110.422542,51.523315],[110.389159,51.577007],[110.049231,51.616075],[109.628689,51.449108],[109.247213,51.365961],[109.047122,51.500423],[108.942012,51.440478],[108.757114,51.44885],[108.64911,51.500629],[108.531805,51.422831],[108.384527,51.237493],[108.554749,51.157084],[108.483952,51.056677],[108.352694,51.055385],[108.249651,50.843512],[108.067027,50.753492],[108.18733,50.65758],[108.47217,50.589936],[108.553612,50.465085],[108.315177,50.40266],[108.213478,50.410799],[108.131726,50.318221],[107.990236,50.334757],[107.92626,50.214816],[107.769681,50.147224],[107.795519,50.025732],[107.744604,49.967353]]]},"properties":{"LOCATION_TYPE":"level1","ADM0_A3":"RUS","LOCATION_ID":"RUS-ZAB","NAME":"Chita","TYPE_EN":"Region"}},
{"type":"Feature","geometry":{"type":"Polygon","coordinates":[[[122.025052,53.429823],[122.337835,53.49131],[122.471211,53.464748],[122.859663,53.473946],[123.153599,53.513117],[123.252559,53.567791],[123.485516,53.525985],[123.639564,53.551254],[123.732168,53.503764],[123.970551,53.455188],[124.121808,53.352688],[124.232706,53.381652],[124.408199,53.235692],[124.678674,53.199338],[124.72017,53.148824],[125.019428,53.210733],[125.127432,53.206547],[125.521309,53.042422],[125.621355,53.062137],[125.837363,52.90672],[125.867438,52.849359],[126.035128,52.727119],[125.973168,52.631569],[126.212327,52.533048],[126.343688,52.391377],[126.315731,52.316213],[126.421203,52.287301],[126.316713,52.199761],[126.53117,52.152658],[126.514427,52.042535],[126.446059,51.982539],[126.807432,51.53422],[126.800301,51.418956],[126.901949,51.400998],[126.954607,51.329581],[126.905411,51.164268],[126.931766,51.063783],[127.144259,50.903509],[127.287352,50.751012],[127.364814,50.554745],[127.288953,50.466016],[127.35851,50.415115],[127.330656,50.328195],[127.578393,50.220553],[127.570177,50.130223],[127.486668,50.02563],[127.534003,49.922484],[127.508113,49.822335],[127.644281,49.767144],[127.722002,49.648599],[127.830884,49.593873],[127.991598,49.598731],[128.09247,49.541577],[128.344755,49.547985],[128.383512,49.579352],[128.666182,49.609479],[128.796923,49.572479],[128.879192,49.47972],[129.014585,49.431092],[129.050551,49.376677],[129.193902,49.3897],[129.362057,49.349805],[129.403398,49.430679],[129.50241,49.410784],[129.57176,49.279836],[129.711183,49.274151],[129.755625,49.184286],[129.913444,49.03954],[130.249341,48.864512],[130.386801,48.896293],[130.564878,48.855882],[130.625286,48.87436],[130.829048,48.983445],[130.982734,48.972153],[131.006712,49.051011],[131.182412,49.249862],[131.395732,49.24361],[131.494021,49.411351],[131.499912,49.611313],[131.38426,49.659346],[131.469113,49.729988],[131.499395,49.900779],[131.445135,49.964082],[131.29517,49.989766],[131.441517,50.186188],[131.325349,50.268767],[131.289795,50.366073],[131.15802,50.345403],[131.134146,50.4193],[130.988935,50.381783],[130.865532,50.456507],[131.011053,50.568128],[130.954002,50.649984],[130.64508,50.657296],[130.688488,50.745585],[130.840727,50.880874],[130.771791,50.942472],[130.815612,51.019522],[130.918655,51.024328],[131.0649,51.24571],[131.169079,51.248655],[131.289795,51.363868],[131.48844,51.344567],[131.483789,51.476135],[131.395009,51.607031],[131.430872,51.688318],[131.727805,51.681083],[131.863921,51.754619],[131.959212,51.736739],[132.215734,51.816837],[132.278676,51.792989],[132.423473,51.859936],[132.403733,51.963418],[132.525069,51.962978],[132.589768,52.081524],[132.906958,52.158625],[133.321713,52.198261],[133.420415,52.251385],[133.246162,52.455584],[133.279545,52.663918],[133.369358,52.683038],[133.658746,52.571649],[134.003118,52.539222],[134.605665,52.417576],[134.662613,52.470854],[134.658582,52.57506],[134.782399,52.647097],[134.705918,52.766237],[134.631297,52.80055],[134.658892,52.939146],[134.812061,53.065598],[134.859397,53.184403],[134.956445,53.253856],[134.897017,53.315351],[134.923785,53.416585],[134.761418,53.475212],[134.747982,53.539265],[134.555229,53.620862],[134.451359,53.537766],[134.22264,53.514925],[134.214578,53.471827],[134.01056,53.433173],[133.709183,53.47684],[133.573274,53.546034],[133.209678,53.421132],[133.153351,53.291166],[132.951193,53.288505],[132.893315,53.234632],[132.398462,53.244244],[132.111554,53.222953],[131.990528,53.133863],[131.894203,53.127972],[131.800152,53.241195],[131.465289,53.212928],[131.532261,53.319433],[131.483479,53.475599],[131.498155,53.554871],[131.420847,53.751345],[131.096732,53.812943],[130.921136,53.767778],[130.840107,53.828446],[130.635055,53.886789],[130.446539,53.882396],[130.506897,54.119849],[130.773651,54.287901],[130.943873,54.323248],[131.114095,54.323274],[131.220239,54.526698],[131.199465,54.612791],[131.399349,54.719141],[131.532468,54.722397],[131.612256,54.780791],[131.994455,54.909414],[131.970787,54.997961],[132.086749,55.049922],[132.366836,55.056433],[132.354847,55.19136],[132.580776,55.195856],[132.732601,55.348715],[132.907888,55.359128],[132.643511,55.490567],[132.662942,55.560743],[132.538401,55.67562],[132.239712,55.704042],[132.126023,55.644769],[131.962312,55.657843],[131.803666,55.614306],[131.598614,55.651797],[131.300647,55.617639],[131.08681,55.618052],[130.922996,55.678566],[130.741508,55.71908],[129.994681,55.693087],[129.892258,55.734428],[129.652996,55.744996],[129.443706,55.699753],[129.047038,55.654226],[129.088793,55.533355],[128.974898,55.46633],[128.77212,55.469095],[128.663496,55.520849],[128.501645,55.51563],[128.290185,55.647973],[127.793885,55.62924],[127.674616,55.683165],[127.572606,55.579864],[127.486927,55.555007],[127.329624,55.655725],[127.187617,55.690813],[126.953523,55.687247],[126.842728,55.605883],[126.550653,55.6334],[126.434174,55.555007],[126.233773,55.590612],[126.047325,55.588752],[126.039056,55.727762],[125.757627,55.79644],[125.54627,55.735771],[125.437336,55.837445],[125.247684,55.879587],[124.957675,55.826205],[124.635214,55.901756],[124.448042,55.904598],[124.360399,56.056734],[124.24299,56.080918],[124.205577,56.165099],[124.060469,56.231348],[123.915362,56.377334],[123.452651,56.406325],[123.132257,56.457381],[122.918523,56.550657],[122.781374,56.497792],[122.589241,56.489576],[122.466665,56.601868],[122.2828,56.650651],[122.159603,56.738372],[121.608319,56.741188],[121.511477,56.922314],[121.406884,56.975515],[121.053211,56.989648],[121.019104,57.031222],[120.655509,57.032075],[120.302766,57.004144],[120.030844,56.899008],[119.898449,56.889396],[119.669523,56.770695],[119.786828,56.699924],[119.808739,56.612178],[119.960358,56.493141],[120.256567,56.459216],[120.275687,56.386223],[120.532623,56.284627],[120.526835,56.23171],[120.343797,56.219747],[120.061644,56.138202],[120.055339,56.078128],[120.259668,55.916432],[120.466373,55.871525],[120.532002,55.914262],[120.986032,56.020147],[121.216922,56.013222],[121.276246,55.866823],[121.363373,55.507362],[121.43913,55.481058],[121.633744,55.53475],[121.693482,55.600069],[121.883238,55.60565],[121.983593,55.476433],[121.939255,55.214149],[121.950314,55.00747],[121.66661,54.82146],[121.921892,54.732887],[121.935534,54.566282],[122.127357,54.467813],[122.114748,54.406705],[121.901841,54.369136],[121.731309,54.425619],[121.654828,54.355494],[121.7526,54.271675],[121.75353,54.15163],[121.641185,54.112925],[121.643149,54.012104],[121.782882,53.97252],[121.919411,53.831443],[121.947006,53.604713],[122.017907,53.520506],[122.025052,53.429823]]]},"properties":{"LOCATION_TYPE":"level1","ADM0_A3":"RUS","LOCATION_ID":"RUS-AMU","NAME":"Amur","TYPE_EN":"Region"}},
{"type":"Feature","geometry":{"type":"Polygon","coordinates":[[[130.625286,48.87436],[130.674328,48.870817],[130.533252,48.635792],[130.715876,48.499056],[130.819436,48.281886],[130.663373,48.116444],[130.68239,48.05035],[130.906976,47.884262],[130.941805,47.717967],[131.023351,47.682284],[131.418366,47.742617],[131.577426,47.668564],[131.702999,47.69616],[131.894305,47.670011],[132.161679,47.69001],[132.332418,47.736519],[132.524655,47.707528],[132.658807,47.869818],[132.67462,47.950614],[132.820657,47.942372],[133.091958,48.10678],[133.185183,48.124816],[133.463719,48.089521],[133.55994,48.113292],[133.721274,48.244757],[133.982447,48.285168],[134.057171,48.32718],[134.38635,48.381337],[134.598017,48.416425],[134.76917,48.37374],[134.977426,48.506807],[134.986624,48.594812],[134.861877,48.625146],[134.745605,48.569129],[134.482469,48.659407],[134.391828,48.742968],[134.269045,48.715657],[134.105024,48.632742],[133.934699,48.639822],[133.823904,48.683334],[133.770057,48.759246],[133.30869,48.826012],[133.201203,49.140773],[133.032531,49.218857],[132.815387,49.234721],[132.731775,49.315181],[132.63855,49.289834],[132.382338,49.295286],[132.397738,49.392954],[132.119822,49.485507],[132.068146,49.46587],[131.965516,49.30526],[131.611946,49.288103],[131.462705,49.205808],[131.395732,49.24361],[131.182412,49.249862],[131.006712,49.051011],[130.982734,48.972153],[130.829048,48.983445],[130.625286,48.87436]]]},"properties":{"LOCATION_TYPE":"level1","ADM0_A3":"RUS","LOCATION_ID":"RUS-YEV","NAME":"Yevrey","TYPE_EN":"Autonomous Region"}},
{"type":"Feature","geometry":{"type":"MultiPolygon","coordinates":[[[[134.38635,48.381337],[134.542619,48.357308],[134.700852,48.261526],[134.682972,48.135513],[134.567217,48.040376],[134.772579,47.710732],[134.682662,47.587846],[134.484638,47.430181],[134.292815,47.409717],[134.183571,47.3275],[134.154116,47.257892],[134.22729,47.117745],[134.124247,47.070513],[134.020481,46.834042],[134.044665,46.772004],[133.998498,46.637704],[134.199282,46.644388],[134.411982,46.677513],[134.464589,46.785982],[134.411672,46.866442],[134.442885,46.942458],[134.548718,46.967263],[134.653414,47.091803],[134.851128,47.154073],[135.015149,47.12808],[135.078195,47.192649],[135.205112,47.152962],[135.526023,46.953491],[135.745854,46.948556],[135.850137,46.81089],[135.941501,46.789754],[136.062011,46.849906],[136.263652,46.765001],[136.451134,46.810166],[136.577225,46.777455],[136.727913,46.841482],[136.835297,46.94375],[136.974203,47.011704],[136.934309,47.057102],[137.01265,47.236135],[137.093679,47.296597],[137.328186,47.213863],[137.452417,47.19836],[137.597731,47.300317],[137.754724,47.329256],[138.005768,47.454571],[138.086797,47.516609],[138.048349,47.668331],[137.896421,47.724348],[137.786866,47.69652],[137.600521,47.784215],[137.596594,47.910409],[137.416863,47.97795],[137.314647,48.084223],[137.448903,48.20158],[137.578714,48.228452],[137.843297,48.209099],[137.994916,48.297052],[138.145294,48.315785],[138.178987,48.379166],[138.305595,48.444589],[138.488839,48.401749],[138.479847,48.302582],[138.558499,48.18078],[138.722417,48.136132],[138.581443,48.03066],[138.825563,47.860903],[138.70712,47.735174],[138.516641,47.668512],[138.618237,47.628644],[138.628676,47.451419],[138.856155,47.466302],[139.026376,47.389429],[139.053315,47.478705],[139.205658,47.663804],[139.261729,47.787909],[139.390473,47.904242],[139.495697,47.954413],[139.684093,48.095526],[139.733897,48.163479],[139.951264,48.304877],[140.043468,48.336249],[140.16505,48.449408],[140.185802,48.650092],[140.266938,48.862372],[140.352306,48.910224],[140.296641,48.980414],[140.376801,49.143541],[140.343761,49.218411],[140.432872,49.306138],[140.454275,49.420844],[140.560802,49.575385],[140.507498,49.691636],[140.542247,49.756781],[140.415782,49.862698],[140.49464,49.983547],[140.660655,50.05801],[140.52296,50.151068],[140.545421,50.344062],[140.442882,50.544379],[140.514903,50.617092],[140.466075,50.689521],[140.542247,50.877143],[140.656749,50.937812],[140.708181,51.073554],[140.667328,51.131415],[140.70574,51.334784],[140.8296,51.343248],[140.896007,51.428778],[140.90561,51.615424],[141.109223,51.678778],[141.200206,51.823676],[141.429535,51.941962],[141.30893,52.037095],[141.402599,52.140204],[141.514822,52.171942],[141.167166,52.364895],[141.117686,52.448961],[141.28061,52.578762],[141.281993,52.721259],[141.20102,52.777411],[141.259288,52.846625],[141.08253,52.883979],[140.966075,52.944648],[140.933442,53.031562],[141.188813,52.987494],[141.432953,53.148871],[141.377696,53.309638],[141.251231,53.310981],[141.035411,53.409735],[140.949718,53.488959],[140.539806,53.671698],[140.510916,53.733791],[140.3567,53.790025],[140.251964,53.89057],[140.330821,53.970282],[140.240571,54.056952],[140.00172,54.122992],[139.815929,54.215155],[139.797048,54.297431],[139.371837,54.195868],[139.161876,54.204739],[138.738536,54.315985],[138.76059,53.975246],[138.682465,53.875434],[138.655772,53.731757],[138.502126,53.543524],[138.405772,53.510565],[138.246837,53.532782],[138.378754,53.684149],[138.536632,53.786078],[138.588878,53.879381],[138.55893,53.989569],[138.395681,53.928412],[138.298188,53.756171],[138.150076,53.672756],[137.918224,53.586615],[137.678071,53.550116],[137.335134,53.529364],[137.211681,53.587714],[137.314708,53.652818],[137.477224,53.665839],[137.55421,53.714301],[137.596934,53.824164],[137.771332,53.943549],[137.546235,53.972073],[137.307872,54.118354],[137.485362,54.112128],[137.684581,54.276597],[137.451427,54.317613],[137.300141,54.271918],[137.061371,54.145697],[137.156993,54.044013],[137.290863,54.035712],[137.18572,53.85106],[137.107921,53.807929],[136.957774,53.857652],[136.775157,53.773098],[136.684744,53.808498],[136.689138,54.012274],[136.780284,54.063788],[136.806488,54.173774],[136.762055,54.27265],[136.820649,54.316107],[136.738617,54.413804],[136.883311,54.591376],[136.761241,54.644924],[136.534923,54.595526],[136.249278,54.620429],[135.979991,54.580797],[135.750173,54.57095],[135.654145,54.665961],[135.265147,54.721666],[135.17335,54.821275],[135.219571,54.894121],[135.534255,55.086565],[135.868943,55.173886],[136.219779,55.354589],[136.319021,55.486558],[136.565515,55.623199],[136.773285,55.660549],[136.82488,55.71369],[137.0467,55.81909],[137.571951,56.116523],[137.698029,56.126202],[137.834428,56.225476],[137.914067,56.359526],[138.223477,56.42416],[138.114838,56.528104],[138.148448,56.603583],[138.267833,56.626626],[138.661615,56.977943],[138.922476,57.058116],[138.932957,57.135025],[139.196544,57.27265],[139.418459,57.297194],[139.563068,57.430056],[139.789678,57.482731],[139.98154,57.687738],[140.280284,57.7626],[140.495728,57.844774],[140.518728,57.932522],[140.666759,58.191107],[140.904307,58.382758],[141.185633,58.456356],[141.583734,58.617749],[141.781912,58.764716],[141.946788,58.94302],[142.26238,59.124579],[142.581798,59.226102],[143.159679,59.353909],[143.310871,59.360741],[143.493617,59.318518],[143.840505,59.402476],[144.454845,59.374945],[145.000759,59.369583],[145.228718,59.407976],[145.353689,59.392727],[145.675304,59.423489],[145.975797,59.398749],[145.843909,59.292736],[146.050292,59.138873],[146.312185,59.278754],[146.319141,59.401694],[146.439642,59.460409],[146.693477,59.423616],[146.886567,59.364732],[147.075292,59.410948],[147.158594,59.647496],[147.140921,59.848595],[146.989302,59.947814],[146.786834,59.901047],[146.657126,59.982231],[146.68007,60.095479],[146.452074,60.142427],[146.374249,60.271205],[146.100158,60.224128],[145.792993,60.198161],[145.570784,60.335077],[145.629902,60.391611],[145.510013,60.4637],[145.620187,60.557338],[146.068945,60.738825],[146.320092,60.658675],[146.464373,60.708749],[146.546022,60.958011],[146.701154,60.958863],[146.678003,61.081182],[146.74725,61.222878],[146.683274,61.312589],[146.76761,61.403281],[146.612891,61.442607],[146.583435,61.635515],[146.504887,61.661611],[146.36071,61.820155],[146.21891,61.90294],[145.891281,62.025362],[145.743177,62.058228],[145.51363,61.964125],[145.271681,61.991514],[145.155822,61.967587],[144.967617,62.056781],[144.745098,62.046885],[144.585521,61.977509],[144.540253,61.855915],[144.244974,61.760107],[144.001991,61.726517],[143.926957,61.766256],[143.954139,61.956813],[143.570906,61.947925],[143.619895,62.016215],[143.36234,62.024121],[143.126489,62.101068],[143.084528,62.018385],[142.927845,61.90077],[142.653236,61.961645],[142.437539,61.869712],[142.290364,61.963324],[142.186908,62.081017],[142.008004,62.026912],[141.837575,62.041226],[141.544777,62.178582],[141.302104,62.431177],[141.067286,62.417379],[141.055091,62.482026],[140.881148,62.498718],[140.704725,62.572718],[140.635168,62.425286],[140.403864,62.421746],[140.294414,62.274235],[140.25638,62.038281],[140.11396,61.970507],[139.988283,61.97198],[139.918933,61.801913],[139.667165,61.640889],[139.548206,61.481674],[139.434621,61.491131],[139.247346,61.433046],[139.120118,61.449428],[138.940698,61.321115],[138.719006,61.337083],[138.650793,61.281944],[138.702986,61.193087],[138.383316,61.099527],[138.345799,61.000101],[138.185602,60.894966],[138.284304,60.781562],[138.428894,60.702316],[138.4044,60.611391],[138.242756,60.49269],[138.326575,60.406287],[138.315206,60.318076],[138.200485,60.231259],[138.2626,59.938306],[138.173716,59.83671],[138.252988,59.712531],[137.833375,59.760771],[137.615714,59.739765],[137.182459,59.445571],[136.835917,59.398028],[136.758712,59.354646],[136.053432,59.438026],[135.791019,59.534299],[135.618937,59.49549],[135.42174,59.386918],[135.260199,59.220107],[135.209143,59.122335],[134.751703,59.152617],[134.218609,59.208738],[134.046526,59.255996],[133.766647,59.222742],[133.625157,59.232147],[133.543301,59.2939],[133.384241,59.240157],[133.125756,59.204397],[132.861689,59.064483],[132.807946,58.880179],[132.599276,58.891031],[132.56424,58.639935],[132.3719,58.523896],[132.128607,58.48935],[132.206845,58.35003],[132.195993,58.248435],[132.017193,58.190402],[132.03931,58.019611],[131.704757,58.173917],[131.476864,58.167509],[131.610396,57.995375],[131.806043,57.905536],[132.034763,57.690949],[131.974715,57.585839],[131.693078,57.560518],[131.729355,57.500341],[131.617321,57.452566],[131.508593,57.251079],[131.183342,57.235473],[131.179311,57.137288],[131.47428,57.079204],[131.444825,57.035795],[131.751059,56.842913],[131.797155,56.717365],[131.675818,56.648377],[131.669824,56.549572],[131.502496,56.549934],[131.393768,56.479137],[131.184375,56.467949],[131.087741,56.345243],[131.092598,56.205872],[130.963614,56.128564],[130.924236,55.941805],[130.861708,55.888889],[130.931678,55.748897],[130.922996,55.678566],[131.08681,55.618052],[131.300647,55.617639],[131.598614,55.651797],[131.803666,55.614306],[131.962312,55.657843],[132.126023,55.644769],[132.239712,55.704042],[132.538401,55.67562],[132.662942,55.560743],[132.643511,55.490567],[132.907888,55.359128],[132.732601,55.348715],[132.580776,55.195856],[132.354847,55.19136],[132.366836,55.056433],[132.086749,55.049922],[131.970787,54.997961],[131.994455,54.909414],[131.612256,54.780791],[131.532468,54.722397],[131.399349,54.719141],[131.199465,54.612791],[131.220239,54.526698],[131.114095,54.323274],[130.943873,54.323248],[130.773651,54.287901],[130.506897,54.119849],[130.446539,53.882396],[130.635055,53.886789],[130.840107,53.828446],[130.921136,53.767778],[131.096732,53.812943],[131.420847,53.751345],[131.498155,53.554871],[131.483479,53.475599],[131.532261,53.319433],[131.465289,53.212928],[131.800152,53.241195],[131.894203,53.127972],[131.990528,53.133863],[132.111554,53.222953],[132.398462,53.244244],[132.893315,53.234632],[132.951193,53.288505],[133.153351,53.291166],[133.209678,53.421132],[133.573274,53.546034],[133.709183,53.47684],[134.01056,53.433173],[134.214578,53.471827],[134.22264,53.514925],[134.451359,53.537766],[134.555229,53.620862],[134.747982,53.539265],[134.761418,53.475212],[134.923785,53.416585],[134.897017,53.315351],[134.956445,53.253856],[134.859397,53.184403],[134.812061,53.065598],[134.658892,52.939146],[134.631297,52.80055],[134.705918,52.766237],[134.782399,52.647097],[134.658582,52.57506],[134.662613,52.470854],[134.605665,52.417576],[134.003118,52.539222],[133.658746,52.571649],[133.369358,52.683038],[133.279545,52.663918],[133.246162,52.455584],[133.420415,52.251385],[133.321713,52.198261],[132.906958,52.158625],[132.589768,52.081524],[132.525069,51.962978],[132.403733,51.963418],[132.423473,51.859936],[132.278676,51.792989],[132.215734,51.816837],[131.959212,51.736739],[131.863921,51.754619],[131.727805,51.681083],[131.430872,51.688318],[131.395009,51.607031],[131.483789,51.476135],[131.48844,51.344567],[131.289795,51.363868],[131.169079,51.248655],[131.0649,51.24571],[130.918655,51.024328],[130.815612,51.019522],[130.771791,50.942472],[130.840727,50.880874],[130.688488,50.745585],[130.64508,50.657296],[130.954002,50.649984],[131.011053,50.568128],[130.865532,50.456507],[130.988935,50.381783],[131.134146,50.4193],[131.15802,50.345403],[131.289795,50.366073],[131.325349,50.268767],[131.441517,50.186188],[131.29517,49.989766],[131.445135,49.964082],[131.499395,49.900779],[131.469113,49.729988],[131.38426,49.659346],[131.499912,49.611313],[131.494021,49.411351],[131.395732,49.24361],[131.462705,49.205808],[131.611946,49.288103],[131.965516,49.30526],[132.068146,49.46587],[132.119822,49.485507],[132.397738,49.392954],[132.382338,49.295286],[132.63855,49.289834],[132.731775,49.315181],[132.815387,49.234721],[133.032531,49.218857],[133.201203,49.140773],[133.30869,48.826012],[133.770057,48.759246],[133.823904,48.683334],[133.934699,48.639822],[134.105024,48.632742],[134.269045,48.715657],[134.391828,48.742968],[134.482469,48.659407],[134.745605,48.569129],[134.861877,48.625146],[134.986624,48.594812],[134.977426,48.506807],[134.76917,48.37374],[134.598017,48.416425],[134.38635,48.381337]]],[[[137.171235,55.119534],[137.046072,55.106431],[136.793793,55.009711],[137.017914,54.920356],[137.171235,55.119534]]],[[[138.046723,55.058051],[137.855968,55.133205],[137.60613,55.2001],[137.492198,55.119534],[137.461436,55.026801],[137.274913,54.898261],[137.292735,54.795844],[137.485362,54.87934],[137.646251,54.661322],[137.706065,54.624986],[137.986176,54.797431],[137.986176,54.882758],[138.183604,55.057603],[138.046723,55.058051]]]]},"properties":{"LOCATION_TYPE":"level1","ADM0_A3":"RUS","LOCATION_ID":"RUS-KHA","NAME":"Khabarovsk","TYPE_EN":"Territory"}},
{"type":"Feature","geometry":{"type":"MultiPolygon","coordinates":[[[[133.998498,46.637704],[133.902452,46.573644],[133.849328,46.480291],[133.921469,46.41014],[133.863384,46.339291],[133.902452,46.258986],[133.687374,46.141836],[133.71931,46.079307],[133.658125,45.93451],[133.514362,45.879268],[133.4878,45.68667],[133.413489,45.573343],[133.202133,45.51128],[133.140224,45.435419],[133.09754,45.243544],[133.11542,45.123035],[132.953362,45.024385],[132.839777,45.059163],[131.96965,45.233829],[131.818031,45.33279],[131.723153,45.215329],[131.627758,45.198483],[131.609052,45.089704],[131.419502,44.958962],[131.329482,44.967644],[131.15802,44.901705],[131.051566,44.909043],[130.933434,44.841708],[131.065829,44.682028],[131.264473,44.054211],[131.170319,43.781101],[131.192023,43.588633],[131.166908,43.521066],[131.261683,43.463834],[131.280906,43.380221],[131.167218,43.181551],[131.189852,43.139151],[131.085466,43.042103],[131.103036,42.910431],[130.992448,42.848729],[130.769516,42.865808],[130.730966,42.825888],[130.586478,42.817258],[130.407161,42.735377],[130.503899,42.67781],[130.584515,42.568901],[130.530771,42.53048],[130.575626,42.445731],[130.734805,42.337598],[130.786632,42.461859],[130.85849,42.524563],[130.65667,42.66408],[130.720758,42.700025],[130.847833,42.661317],[131.127415,42.64681],[131.185346,42.55955],[131.273127,42.777331],[131.47169,42.873236],[131.51767,43.009345],[131.586762,43.049954],[131.750499,43.225287],[131.764252,43.291693],[131.956798,43.305854],[131.992035,43.273098],[131.849864,43.100491],[131.95224,43.071967],[132.095958,43.180976],[132.356212,43.285956],[132.304942,43.064032],[132.289317,42.882717],[132.404389,42.942288],[132.502696,42.924302],[132.577891,42.840399],[132.773692,42.875067],[132.815929,42.756415],[132.911632,42.818752],[132.996349,42.804429],[133.157725,42.688422],[133.298595,42.763495],[133.444347,42.77912],[133.604991,42.846259],[133.729991,42.845445],[133.83961,42.89761],[133.926768,42.882717],[134.10849,42.995673],[134.193696,43.079779],[134.337901,43.120429],[134.587169,43.22899],[134.974701,43.45954],[135.139903,43.508368],[135.226817,43.682196],[135.354991,43.719468],[135.487885,43.832709],[135.54127,44.003974],[135.624034,44.038479],[135.655854,44.168687],[135.786225,44.258124],[135.888682,44.401516],[136.122569,44.475531],[136.228119,44.569729],[136.227306,44.631049],[136.333751,44.71369],[136.364757,44.792548],[136.553477,44.894965],[136.656505,45.033393],[136.760753,45.087877],[136.825531,45.204088],[137.144542,45.374661],[137.396739,45.623928],[137.671479,45.794623],[137.782074,45.94599],[138.100352,46.227973],[138.202403,46.454332],[138.344574,46.548733],[138.349132,46.664252],[138.484386,46.857978],[138.53476,46.98664],[138.890717,47.305162],[139.026376,47.389429],[138.856155,47.466302],[138.628676,47.451419],[138.618237,47.628644],[138.516641,47.668512],[138.70712,47.735174],[138.825563,47.860903],[138.581443,48.03066],[138.722417,48.136132],[138.558499,48.18078],[138.479847,48.302582],[138.488839,48.401749],[138.305595,48.444589],[138.178987,48.379166],[138.145294,48.315785],[137.994916,48.297052],[137.843297,48.209099],[137.578714,48.228452],[137.448903,48.20158],[137.314647,48.084223],[137.416863,47.97795],[137.596594,47.910409],[137.600521,47.784215],[137.786866,47.69652],[137.896421,47.724348],[138.048349,47.668331],[138.086797,47.516609],[138.005768,47.454571],[137.754724,47.329256],[137.597731,47.300317],[137.452417,47.19836],[137.328186,47.213863],[137.093679,47.296597],[137.01265,47.236135],[136.934309,47.057102],[136.974203,47.011704],[136.835297,46.94375],[136.727913,46.841482],[136.577225,46.777455],[136.451134,46.810166],[136.263652,46.765001],[136.062011,46.849906],[135.941501,46.789754],[135.850137,46.81089],[135.745854,46.948556],[135.526023,46.953491],[135.205112,47.152962],[135.078195,47.192649],[135.015149,47.12808],[134.851128,47.154073],[134.653414,47.091803],[134.548718,46.967263],[134.442885,46.942458],[134.411672,46.866442],[134.464589,46.785982],[134.411982,46.677513],[134.199282,46.644388],[133.998498,46.637704]]],[[[131.920095,43.019517],[131.798839,43.052639],[131.757009,42.990058],[131.883311,42.960761],[131.920095,43.019517]]]]},"properties":{"LOCATION_TYPE":"level1","ADM0_A3":"RUS","LOCATION_ID":"RUS-PRI","NAME":"Primor'ye","TYPE_EN":"Territory"}},
{"type":"Feature","geometry":{"type":"Polygon","coordinates":[[[68.734234,55.351714],[68.977267,55.3467],[69.122581,55.39786],[69.186143,55.325771],[69.334558,55.385148],[69.673866,55.33404],[69.911681,55.211618],[70.197038,55.133483],[70.372634,55.200559],[70.468586,55.285462],[70.470975,55.418013],[70.543632,55.486536],[70.675511,55.505036],[70.747134,55.590302],[70.549317,55.675517],[70.5858,55.837884],[70.846663,55.963354],[70.908985,56.111769],[70.827853,56.15957],[70.849867,56.236258],[70.770285,56.295944],[70.927485,56.347],[70.855448,56.455934],[71.028977,56.526524],[71.168917,56.675714],[71.357019,56.671115],[71.399704,56.725272],[71.556697,56.732196],[71.673279,56.837771],[71.652299,56.922624],[71.371179,57.063752],[71.144009,57.252268],[71.079827,57.344355],[70.800051,57.31906],[70.633756,57.264567],[70.490819,57.303815],[70.436249,57.409313],[70.675201,57.511322],[70.579909,57.583566],[70.565026,57.705264],[70.429841,57.784794],[70.436145,57.933828],[70.864646,58.534619],[71.083548,58.51847],[71.120341,58.453383],[71.301622,58.385093],[71.244985,58.340935],[71.220904,58.165752],[71.26917,58.076352],[71.988919,58.122706],[72.149116,58.026226],[72.475504,58.028448],[72.861217,58.010516],[73.087353,58.146322],[74.206251,58.133558],[74.670822,58.354423],[75.105214,58.581024],[75.159475,58.650219],[74.980881,58.718483],[74.743066,58.748094],[74.100108,58.739412],[73.999546,58.799615],[73.755839,58.809382],[73.620551,58.853643],[73.444127,58.817599],[73.032059,58.863126],[73.094588,58.94617],[72.966947,59.000068],[72.975629,59.098977],[72.863284,59.157371],[72.656888,59.106987],[72.453593,59.215094],[72.43716,59.303357],[71.999771,59.565822],[71.882155,59.572643],[71.777046,59.647677],[71.296455,59.799089],[71.193412,59.905078],[71.017195,59.822576],[70.79757,59.863013],[70.398525,59.817486],[70.154922,59.900013],[69.615627,59.904871],[69.501319,59.989181],[69.306085,59.988897],[69.077675,59.893218],[69.295233,59.782889],[68.843995,59.621322],[68.543444,59.550862],[68.358133,59.282919],[68.195352,59.241501],[67.74215,59.211942],[67.564486,59.092931],[67.263729,59.020377],[67.070873,58.924879],[66.951087,58.973197],[66.773733,58.929685],[66.785826,58.720421],[66.74066,58.669597],[66.380166,58.589086],[66.252008,58.614097],[65.934508,58.614355],[66.001894,58.297475],[66.196611,58.032505],[65.702274,57.901272],[65.539597,57.779523],[65.427872,57.833938],[64.839278,57.64072],[64.93674,57.548581],[64.841655,57.446055],[64.991827,57.221314],[64.993687,57.041531],[65.101381,56.892032],[65.227264,56.860354],[65.140345,56.770127],[64.995444,56.768267],[65.016011,56.649359],[64.967229,56.500841],[65.087945,56.448338],[65.116884,56.325399],[65.667134,56.273516],[65.707649,56.195433],[65.860921,56.06464],[66.027939,55.990278],[66.185552,56.068025],[66.298103,56.058077],[66.463468,55.950487],[66.760504,56.045468],[66.801639,55.966972],[66.988501,55.988805],[67.298663,55.896743],[67.446664,55.735048],[67.590944,55.71076],[67.824625,55.720682],[67.912062,55.66482],[68.189461,55.700166],[68.173855,55.596038],[68.316998,55.555214],[68.486807,55.401218],[68.590573,55.424421],[68.734234,55.351714]]]},"properties":{"LOCATION_TYPE":"level1","ADM0_A3":"RUS","LOCATION_ID":"RUS-TYU","NAME":"Tyumen'","TYPE_EN":"Region"}},
{"type":"Feature","geometry":{"type":"Polygon","coordinates":[[[68.734234,55.351714],[68.590573,55.424421],[68.486807,55.401218],[68.316998,55.555214],[68.173855,55.596038],[68.189461,55.700166],[67.912062,55.66482],[67.824625,55.720682],[67.590944,55.71076],[67.446664,55.735048],[67.298663,55.896743],[66.988501,55.988805],[66.801639,55.966972],[66.760504,56.045468],[66.463468,55.950487],[66.298103,56.058077],[66.185552,56.068025],[66.027939,55.990278],[65.860921,56.06464],[65.707649,56.195433],[65.667134,56.273516],[65.116884,56.325399],[65.087945,56.448338],[64.967229,56.500841],[65.016011,56.649359],[64.995444,56.768267],[64.825842,56.841079],[64.542138,56.808419],[64.336983,56.752712],[64.35662,56.652925],[64.219264,56.600835],[64.173272,56.468388],[63.766475,56.507972],[63.447735,56.609723],[63.358541,56.563369],[63.097782,56.568899],[63.001147,56.597993],[62.590216,56.52363],[62.542157,56.577736],[62.332971,56.469163],[62.252562,56.36271],[62.08265,56.291035],[62.071798,56.133525],[62.132363,56.065364],[62.305169,55.978702],[62.342893,55.905063],[62.516836,55.737787],[62.515905,55.563637],[62.579261,55.51749],[62.303929,55.403285],[62.234269,55.34086],[62.049164,55.310552],[62.164919,55.242055],[62.244191,55.079377],[61.989116,55.035246],[61.979917,54.933831],[62.123371,54.815104],[62.024773,54.716505],[62.147246,54.644417],[62.379066,54.672064],[62.424335,54.72343],[62.710622,54.625762],[62.903272,54.694181],[63.192143,54.68643],[63.295496,54.563595],[63.237929,54.477864],[63.130235,54.44784],[63.128374,54.305885],[63.328592,54.16311],[63.708648,54.250437],[63.85603,54.201861],[64.007855,54.228681],[63.980363,54.303715],[64.578518,54.38557],[64.720163,54.333842],[64.910642,54.402727],[65.085412,54.308572],[65.212949,54.343041],[65.181323,54.449132],[65.214293,54.527887],[65.42751,54.552795],[65.477378,54.632687],[65.71297,54.597185],[65.826969,54.672685],[65.951871,54.693665],[65.97745,54.611706],[66.446517,54.710925],[66.7003,54.719245],[66.781794,54.758209],[67.213344,54.797173],[67.283934,54.853294],[67.622725,54.853862],[67.817338,54.952151],[68.166051,54.95613],[68.308161,55.072815],[68.190545,55.12537],[68.262376,55.194048],[68.6053,55.195598],[68.734234,55.351714]]]},"properties":{"LOCATION_TYPE":"level1","ADM0_A3":"RUS","LOCATION_ID":"RUS-KGN","NAME":"Kurgan","TYPE_EN":"Region"}},
{"type":"Feature","geometry":{"type":"Polygon","coordinates":[[[70.468586,55.285462],[70.665743,55.309183],[70.977145,55.077983],[70.945933,54.887917],[71.005981,54.774229],[71.180337,54.727358],[71.26488,54.639198],[71.147574,54.591449],[71.190621,54.318184],[70.980039,54.325057],[71.043963,54.185944],[71.182301,54.101557],[71.320587,54.201034],[71.443525,54.185117],[71.477115,54.10967],[71.708728,54.132201],[71.762472,54.247646],[72.066743,54.222376],[72.151802,54.368259],[72.33298,54.223771],[72.482945,54.135611],[72.356854,54.081765],[72.455556,53.905341],[72.656164,54.042542],[72.624228,54.134991],[72.956818,54.117525],[73.062754,53.979084],[73.360307,53.938414],[73.518024,53.956036],[73.528256,54.01071],[73.740646,54.057942],[73.697134,53.900845],[73.634296,53.857437],[73.485261,53.874852],[73.331162,53.775168],[73.229669,53.66241],[73.230599,53.572338],[73.39121,53.520249],[73.424076,53.432554],[73.640704,53.563243],[73.872731,53.632128],[74.213899,53.59704],[74.269606,53.515236],[74.409132,53.477564],[74.456881,53.569755],[74.453471,53.684993],[74.616458,53.680704],[74.772004,53.830876],[75.027906,53.807931],[75.433979,53.986525],[75.360702,54.059544],[75.499815,54.102332],[75.691234,54.113138],[75.682544,54.482049],[75.697013,54.543854],[75.830442,54.601525],[75.765639,54.705912],[75.530408,54.890862],[75.363287,54.908122],[75.394292,55.037416],[75.254766,55.136893],[75.267685,55.249703],[75.097463,55.381788],[75.31099,55.500179],[75.178388,55.569115],[75.227274,55.652366],[75.13436,55.699391],[75.342409,55.763987],[75.317605,55.895787],[75.566168,56.05415],[75.695979,56.068154],[75.775871,56.144119],[75.939272,56.129442],[76.006245,56.178535],[76.305245,56.183134],[76.309482,56.223597],[76.108254,56.328397],[76.009035,56.548383],[76.284161,56.726202],[76.248814,56.912547],[76.195794,56.969443],[76.108667,57.250253],[75.992499,57.38487],[75.858554,57.399081],[75.727089,57.598862],[75.580534,57.675033],[75.54281,57.940856],[75.092915,58.110148],[75.2219,58.22208],[75.0801,58.353544],[75.304272,58.451058],[75.105214,58.581024],[74.670822,58.354423],[74.206251,58.133558],[73.087353,58.146322],[72.861217,58.010516],[72.475504,58.028448],[72.149116,58.026226],[71.988919,58.122706],[71.26917,58.076352],[71.220904,58.165752],[71.244985,58.340935],[71.301622,58.385093],[71.120341,58.453383],[71.083548,58.51847],[70.864646,58.534619],[70.436145,57.933828],[70.429841,57.784794],[70.565026,57.705264],[70.579909,57.583566],[70.675201,57.511322],[70.436249,57.409313],[70.490819,57.303815],[70.633756,57.264567],[70.800051,57.31906],[71.079827,57.344355],[71.144009,57.252268],[71.371179,57.063752],[71.652299,56.922624],[71.673279,56.837771],[71.556697,56.732196],[71.399704,56.725272],[71.357019,56.671115],[71.168917,56.675714],[71.028977,56.526524],[70.855448,56.455934],[70.927485,56.347],[70.770285,56.295944],[70.849867,56.236258],[70.827853,56.15957],[70.908985,56.111769],[70.846663,55.963354],[70.5858,55.837884],[70.549317,55.675517],[70.747134,55.590302],[70.675511,55.505036],[70.543632,55.486536],[70.470975,55.418013],[70.468586,55.285462]]]},"properties":{"LOCATION_TYPE":"level1","ADM0_A3":"RUS","LOCATION_ID":"RUS-OMS","NAME":"Omsk","TYPE_EN":"Region"}},
{"type":"Feature","geometry":{"type":"Polygon","coordinates":[[[75.691234,54.113138],[76.183804,54.251573],[76.23424,54.347433],[76.433091,54.316582],[76.640934,54.366502],[76.766094,54.36459],[76.837718,54.296894],[76.664602,54.134061],[76.476499,54.164034],[76.374387,54.147755],[76.525695,53.961307],[77.612761,53.442786],[77.784657,53.32744],[77.929952,53.439762],[77.925301,53.564844],[78.204457,53.611922],[78.259854,53.495495],[78.376643,53.488105],[78.62686,53.529394],[78.602572,53.616056],[78.885656,53.682098],[79.027766,53.660911],[79.441901,53.69295],[79.571505,53.732741],[79.721057,53.840538],[79.862443,53.857695],[79.866474,53.932471],[80.043518,54.001149],[80.128474,54.075149],[80.297146,54.070137],[80.655367,54.20434],[80.801714,54.330172],[80.924808,54.39606],[80.993951,54.264802],[81.111876,54.151682],[81.247269,54.100987],[81.473611,54.071687],[81.581718,54.016652],[81.85457,53.968644],[81.838447,53.895341],[81.732407,53.853664],[81.845682,53.709849],[81.967845,53.718737],[82.103754,53.662203],[82.213514,53.662513],[82.255682,53.590993],[82.485539,53.468623],[82.732966,53.786898],[83.183171,54.062178],[83.294895,54.083004],[83.385019,53.94942],[83.498914,53.990813],[83.555138,54.122898],[84.002656,54.144499],[84.265586,54.215709],[84.531926,54.169717],[84.69326,54.337407],[85.079386,54.469389],[84.948335,54.604109],[85.043316,54.662323],[84.954536,54.744462],[85.076079,54.868279],[84.882602,54.985275],[84.915778,55.165264],[84.822554,55.246241],[84.875471,55.388532],[84.730984,55.391167],[84.770981,55.539814],[84.709279,55.661771],[84.565619,55.708848],[84.605616,55.840726],[84.506294,55.868218],[84.566549,55.961417],[84.528619,56.041903],[84.410383,56.044073],[84.329044,55.987539],[84.196753,56.054822],[83.951083,56.004902],[83.909535,55.913177],[83.782721,55.882119],[83.56816,55.692699],[83.402899,55.735203],[83.223169,55.737012],[83.293345,55.85101],[83.40662,55.893462],[83.353497,55.969142],[83.127567,56.13169],[83.214384,56.212073],[83.137489,56.275738],[83.153922,56.381933],[83.251694,56.455624],[83.096045,56.549313],[82.995896,56.507869],[82.856473,56.532622],[82.828464,56.440535],[82.426525,56.39431],[82.342395,56.35563],[81.944384,56.339455],[81.55743,56.258272],[81.425552,56.373329],[81.214609,56.507559],[81.122315,56.532622],[80.310271,56.438623],[80.24857,56.45472],[79.589799,56.928567],[78.447646,57.121888],[78.444339,57.161317],[76.91854,57.187879],[76.802165,57.210048],[76.108667,57.250253],[76.195794,56.969443],[76.248814,56.912547],[76.284161,56.726202],[76.009035,56.548383],[76.108254,56.328397],[76.309482,56.223597],[76.305245,56.183134],[76.006245,56.178535],[75.939272,56.129442],[75.775871,56.144119],[75.695979,56.068154],[75.566168,56.05415],[75.317605,55.895787],[75.342409,55.763987],[75.13436,55.699391],[75.227274,55.652366],[75.178388,55.569115],[75.31099,55.500179],[75.097463,55.381788],[75.267685,55.249703],[75.254766,55.136893],[75.394292,55.037416],[75.363287,54.908122],[75.530408,54.890862],[75.765639,54.705912],[75.830442,54.601525],[75.697013,54.543854],[75.682544,54.482049],[75.691234,54.113138]]]},"properties":{"LOCATION_TYPE":"level1","ADM0_A3":"RUS","LOCATION_ID":"RUS-NVS","NAME":"Novosibirsk","TYPE_EN":"Region"}},
{"type":"Feature","geometry":{"type":"Polygon","coordinates":[[[63.328592,54.16311],[63.128374,54.305885],[63.130235,54.44784],[63.237929,54.477864],[63.295496,54.563595],[63.192143,54.68643],[62.903272,54.694181],[62.710622,54.625762],[62.424335,54.72343],[62.379066,54.672064],[62.147246,54.644417],[62.024773,54.716505],[62.123371,54.815104],[61.979917,54.933831],[61.989116,55.035246],[62.244191,55.079377],[62.164919,55.242055],[62.049164,55.310552],[62.234269,55.34086],[62.303929,55.403285],[62.579261,55.51749],[62.515905,55.563637],[62.516836,55.737787],[62.342893,55.905063],[62.305169,55.978702],[62.132363,56.065364],[62.071798,56.133525],[61.863542,56.180705],[61.816103,56.23941],[61.641954,56.319405],[61.53705,56.297443],[61.384915,56.366999],[61.084158,56.32571],[61.150304,56.217034],[60.908975,56.188095],[60.750845,56.237343],[60.584757,56.21352],[60.314799,56.238221],[60.239559,56.209179],[59.920818,56.26468],[59.788733,56.23264],[59.701297,56.306072],[59.349174,56.317906],[59.194351,56.351806],[59.122107,56.317235],[59.134613,56.205975],[59.026299,56.169388],[59.187943,56.127272],[59.268972,56.047897],[59.178435,55.990019],[59.228457,55.910567],[59.164999,55.789877],[59.295947,55.780472],[59.254812,55.614073],[59.446635,55.631953],[59.564871,55.49961],[59.201276,55.450104],[59.159211,55.331558],[58.980514,55.303291],[58.871993,55.32329],[58.796753,55.202781],[58.673556,55.188466],[58.815666,55.024859],[58.619502,54.94967],[58.364014,55.08439],[58.287946,55.17069],[58.14749,55.117411],[58.089302,55.020104],[57.964865,55.158597],[58.143976,55.208956],[58.030184,55.274766],[57.674857,55.300087],[57.517968,55.334039],[57.263616,55.261873],[57.233851,55.150303],[57.136906,55.092141],[57.243049,54.957059],[57.165121,54.81898],[57.594139,54.628656],[57.741727,54.583077],[57.742863,54.500601],[57.971377,54.392804],[58.206298,54.515071],[58.363704,54.547498],[58.613818,54.470267],[58.824658,54.572199],[59.061439,54.631859],[59.227837,54.611189],[59.404054,54.702553],[59.613757,54.866729],[59.974562,54.80141],[59.859737,54.603024],[59.679489,54.498147],[59.746255,54.447142],[59.666674,54.339681],[59.800516,54.242012],[59.693855,54.129099],[59.5442,54.196072],[59.344006,54.185065],[59.262564,54.13959],[59.162002,53.992906],[59.014104,53.958205],[58.906203,53.861571],[58.87282,53.758476],[58.906823,53.66582],[58.820937,53.595644],[58.868479,53.501799],[58.865069,53.319924],[58.900415,53.065909],[58.748797,52.835406],[58.777632,52.703708],[58.723682,52.645056],[58.812255,52.586661],[58.776599,52.525476],[58.827965,52.432717],[59.175024,52.277378],[59.248611,52.486848],[59.397543,52.49522],[59.508647,52.435404],[59.781292,52.491835],[59.945623,52.428273],[60.148608,52.420522],[60.139616,52.267301],[59.975492,52.181828],[59.913687,52.100438],[60.029776,51.99261],[60.202764,51.992745],[60.347665,52.089612],[60.506518,52.15165],[60.672193,52.144338],[60.78123,52.220612],[61.039922,52.334998],[60.944631,52.479072],[60.831356,52.513152],[60.803141,52.627745],[60.676844,52.663582],[60.696171,52.734922],[60.829082,52.771638],[61.190301,53.013148],[61.349361,52.984907],[61.478035,53.012347],[61.574257,52.955839],[61.819823,52.97824],[61.922556,52.938165],[62.094173,52.992477],[62.050662,53.124769],[61.764219,53.169469],[61.64309,53.24334],[61.478035,53.215125],[61.344813,53.270109],[61.20291,53.276439],[61.137177,53.373126],[61.218206,53.492653],[61.381607,53.436119],[61.555343,53.505727],[61.503047,53.588978],[61.280734,53.542418],[61.140381,53.562727],[61.007573,53.635745],[61.20198,53.81961],[61.065244,53.87847],[61.193505,54.018254],[61.417677,54.055978],[61.478552,54.002906],[61.777035,53.999909],[61.836153,53.951127],[62.003636,53.932006],[62.002603,54.017376],[62.412707,54.026626],[62.389969,53.941566],[62.498903,53.877798],[62.586546,53.969833],[62.550579,54.026833],[62.812062,54.094994],[63.084655,54.08564],[63.123774,54.17411],[63.328592,54.16311]]]},"properties":{"LOCATION_TYPE":"level1","ADM0_A3":"RUS","LOCATION_ID":"RUS-CHE","NAME":"Chelyabinsk","TYPE_EN":"Region"}},
{"type":"Feature","geometry":{"type":"Polygon","coordinates":[[[77.784657,53.32744],[77.976356,53.168513],[78.476481,52.637925],[79.042751,51.99259],[79.469805,51.492595],[79.990083,50.788116],[80.049305,50.852349],[80.439048,50.958131],[80.410523,51.10484],[80.476152,51.20964],[80.599245,51.208555],[80.682754,51.302012],[81.14717,51.13595],[81.058287,50.947072],[81.400798,50.959113],[81.466117,50.833746],[81.460226,50.730341],[81.674115,50.736026],[81.763464,50.784343],[81.990323,50.759642],[82.073109,50.715665],[82.408282,50.748376],[82.475823,50.714012],[82.698032,50.810957],[82.764539,50.906661],[82.975896,50.881908],[83.107568,50.992651],[83.433956,50.992651],[83.820496,50.868007],[83.950565,50.780416],[83.975835,50.686365],[84.088597,50.634613],[84.1828,50.660629],[84.541641,50.691066],[84.599829,50.858395],[84.471258,50.973168],[84.25153,51.002365],[84.017952,51.063834],[84.014438,51.137602],[84.171948,51.143804],[84.269513,51.275191],[84.394157,51.266018],[84.705249,51.395468],[84.936862,51.429626],[85.007659,51.489002],[85.239066,51.47076],[85.31348,51.569256],[85.427685,51.559747],[85.536826,51.7001],[85.669944,51.753973],[85.740328,51.860607],[85.876547,51.919415],[85.834172,51.971324],[85.939592,52.074987],[86.149605,52.070155],[86.26536,52.012381],[86.439923,52.022923],[86.505242,52.120023],[86.754426,52.108706],[86.814474,52.144724],[86.805896,52.292157],[86.61769,52.371739],[86.840726,52.648311],[86.95214,52.634617],[87.116574,52.667793],[87.173212,52.611621],[87.175072,52.706034],[87.07358,52.716783],[86.944492,52.862407],[87.026141,52.921008],[87.07699,53.07521],[86.943252,53.079525],[86.70523,53.19634],[86.983456,53.407438],[86.933536,53.45312],[86.72342,53.484074],[86.454806,53.61404],[86.40561,53.750931],[86.291715,53.876247],[86.117462,54.000218],[85.943829,54.039906],[85.810814,54.126206],[85.57703,54.231832],[85.434817,54.211549],[85.160001,54.487165],[85.079386,54.469389],[84.69326,54.337407],[84.531926,54.169717],[84.265586,54.215709],[84.002656,54.144499],[83.555138,54.122898],[83.498914,53.990813],[83.385019,53.94942],[83.294895,54.083004],[83.183171,54.062178],[82.732966,53.786898],[82.485539,53.468623],[82.255682,53.590993],[82.213514,53.662513],[82.103754,53.662203],[81.967845,53.718737],[81.845682,53.709849],[81.732407,53.853664],[81.838447,53.895341],[81.85457,53.968644],[81.581718,54.016652],[81.473611,54.071687],[81.247269,54.100987],[81.111876,54.151682],[80.993951,54.264802],[80.924808,54.39606],[80.801714,54.330172],[80.655367,54.20434],[80.297146,54.070137],[80.128474,54.075149],[80.043518,54.001149],[79.866474,53.932471],[79.862443,53.857695],[79.721057,53.840538],[79.571505,53.732741],[79.441901,53.69295],[79.027766,53.660911],[78.885656,53.682098],[78.602572,53.616056],[78.62686,53.529394],[78.376643,53.488105],[78.259854,53.495495],[78.204457,53.611922],[77.925301,53.564844],[77.929952,53.439762],[77.784657,53.32744]]]},"properties":{"LOCATION_TYPE":"level1","ADM0_A3":"RUS","LOCATION_ID":"RUS-ALT","NAME":"Altay","TYPE_EN":"Territory"}},
{"type":"Feature","geometry":{"type":"Polygon","coordinates":[[[60.029776,51.99261],[59.913687,52.100438],[59.975492,52.181828],[60.139616,52.267301],[60.148608,52.420522],[59.945623,52.428273],[59.781292,52.491835],[59.508647,52.435404],[59.397543,52.49522],[59.248611,52.486848],[59.175024,52.277378],[58.827965,52.432717],[58.857007,52.263218],[58.690506,52.265286],[58.606067,52.180536],[58.694227,52.048761],[58.638933,52.016438],[58.576404,51.793066],[58.493722,51.762112],[58.235857,51.738393],[58.091679,51.794565],[57.981298,51.786245],[57.881873,51.845983],[57.783998,51.826191],[57.652636,51.86332],[57.620907,51.75896],[57.431565,51.725809],[57.37441,51.638605],[57.206669,51.575147],[57.035516,51.659689],[56.99924,51.728445],[56.875836,51.699015],[56.889685,51.624756],[56.780131,51.5922],[56.714606,51.720978],[56.748195,51.773403],[56.607636,51.829498],[56.68484,52.045299],[56.627479,52.117775],[56.495394,52.161519],[56.217168,52.132322],[56.193914,52.189011],[56.451366,52.308823],[56.444648,52.419591],[56.36517,52.523099],[56.077642,52.603611],[55.919202,52.49876],[55.889126,52.399076],[55.777609,52.343627],[55.545581,52.384942],[55.544858,52.541651],[55.411636,52.657613],[55.406675,52.837111],[55.263945,52.862458],[55.161832,52.823184],[54.955023,53.110454],[54.926601,53.219543],[54.801648,53.270754],[54.664085,53.235511],[54.558975,53.269695],[54.519598,53.359792],[54.30235,53.410487],[54.108357,53.416559],[53.877983,53.658017],[53.655774,53.75243],[53.59831,53.883275],[53.470463,54.045745],[53.384473,53.97376],[53.258486,54.071351],[53.141387,54.076183],[52.951218,54.195762],[53.000931,54.271003],[52.771074,54.346967],[52.53853,54.37725],[52.505664,54.322473],[52.271466,54.326555],[52.339266,54.174187],[52.476415,54.077113],[52.37792,53.965905],[52.412543,53.927355],[52.253483,53.654348],[52.07923,53.501205],[52.192608,53.375166],[52.128426,53.173861],[52.068998,53.153913],[52.060936,52.999659],[51.862085,52.926072],[51.715118,52.840289],[51.771652,52.783187],[51.732274,52.668413],[51.545206,52.681384],[51.471412,52.569143],[51.562672,52.44729],[51.412914,52.350035],[51.452601,52.219345],[51.415188,52.102711],[50.767009,51.7594],[50.925449,51.679689],[51.233854,51.685477],[51.371934,51.629589],[51.373174,51.571608],[51.241657,51.543702],[51.379478,51.467092],[51.620497,51.518691],[51.782296,51.492853],[51.764726,51.593312],[51.869164,51.673074],[52.091786,51.658708],[52.14801,51.716069],[52.334872,51.763715],[52.37766,51.660104],[52.505818,51.478874],[52.663689,51.463449],[52.789677,51.504764],[52.959795,51.455853],[53.153272,51.512671],[53.407313,51.484171],[53.610298,51.388415],[53.594072,51.289429],[53.67386,51.219872],[53.93586,51.185611],[54.11156,51.096004],[54.176569,50.967898],[54.300075,50.894724],[54.478566,50.853486],[54.37976,50.619444],[54.435778,50.54751],[54.591427,50.542342],[54.67628,50.602545],[54.639073,50.706984],[54.638246,50.885732],[54.502957,50.928262],[54.525281,50.991101],[54.638246,51.027687],[54.811672,50.972394],[54.894251,50.912397],[55.04773,50.884234],[55.084007,50.796901],[55.305389,50.664971],[55.491114,50.64585],[55.659992,50.530043],[56.078881,50.72476],[56.174896,50.908677],[56.335713,50.895861],[56.508003,51.066264],[56.596576,50.984021],[56.694554,51.063499],[56.865087,51.051769],[57.168221,51.093782],[57.352706,50.885991],[57.53285,50.909969],[57.689222,50.896739],[57.737282,50.938236],[57.768804,51.119672],[57.960214,51.077478],[58.077312,51.097942],[58.190587,51.06554],[58.308409,51.150031],[58.398016,51.063706],[58.595007,51.023372],[58.554389,50.92542],[58.664357,50.789924],[58.925943,50.678148],[59.197451,50.662749],[59.290778,50.615465],[59.437643,50.631123],[59.522806,50.474646],[59.622231,50.524101],[59.774677,50.533712],[59.919577,50.690912],[59.920197,50.763052],[60.021276,50.854055],[60.136205,50.844495],[60.176719,50.742175],[60.300433,50.684659],[60.718495,50.652672],[60.818334,50.662904],[61.372098,50.782483],[61.441758,50.874984],[61.513175,51.159514],[61.59317,51.277827],[61.473798,51.425803],[61.356182,51.459651],[61.023283,51.485515],[60.937396,51.611166],[60.515096,51.61791],[60.37588,51.662532],[60.452051,51.805469],[60.274491,51.832832],[60.138065,51.888875],[60.040087,51.871202],[60.029776,51.99261]]]},"properties":{"LOCATION_TYPE":"level1","ADM0_A3":"RUS","LOCATION_ID":"RUS-ORE","NAME":"Orenburg","TYPE_EN":"Region"}},
{"type":"Feature","geometry":{"type":"Polygon","coordinates":[[[50.767009,51.7594],[50.731508,51.914041],[50.517361,51.9914],[50.235931,52.035119],[50.221462,52.129893],[49.976929,52.183637],[49.812288,52.193094],[49.627803,52.366416],[49.477735,52.331431],[49.343686,52.468684],[49.159201,52.485841],[48.936062,52.475169],[48.73008,52.567954],[48.699694,52.639165],[48.523891,52.681849],[48.351189,52.669395],[48.436971,52.780448],[48.252177,52.81011],[47.997825,52.754351],[47.917313,52.67477],[47.777477,52.680299],[47.730761,52.586713],[47.530774,52.610536],[47.435379,52.569763],[47.061862,52.570176],[46.917271,52.636684],[46.830661,52.616272],[46.713046,52.627899],[46.516158,52.695027],[46.288782,52.671876],[45.971489,52.485634],[45.980584,52.407163],[45.717034,52.470803],[45.644377,52.518552],[45.43147,52.400497],[45.264349,52.392255],[45.139912,52.420522],[45.071906,52.376855],[44.909642,52.377527],[44.872538,52.434009],[44.500261,52.521213],[44.539122,52.432149],[44.421919,52.415819],[44.346679,52.316135],[44.043958,52.349518],[43.747025,52.433441],[43.532051,52.426309],[43.352734,52.392513],[43.19295,52.462328],[43.079572,52.402745],[42.996477,52.364659],[42.75153,52.173767],[42.805997,52.012226],[42.694066,51.966079],[42.64332,51.804022],[42.490358,51.692788],[42.489221,51.607703],[42.734064,51.479003],[42.860878,51.381412],[42.872867,51.231343],[43.141584,51.121996],[43.32979,51.017661],[43.642225,51.066082],[43.682326,51.112953],[44.004477,51.08727],[44.181831,51.11657],[44.210253,51.193516],[44.659631,51.172639],[45.04245,51.126259],[45.20182,51.039624],[45.215049,50.942059],[45.308067,50.876843],[45.292564,50.781087],[45.191278,50.697371],[45.241094,50.586267],[45.495136,50.61257],[45.667631,50.593605],[45.678173,50.729462],[45.88953,50.758556],[46.068434,50.652309],[46.065333,50.543685],[46.254779,50.52888],[46.29457,50.567353],[46.460761,50.546941],[46.583441,50.70073],[46.707568,50.690886],[46.830455,50.632517],[46.877687,50.523945],[47.007705,50.480175],[47.184025,50.511904],[47.277352,50.371732],[47.43446,50.376528],[47.556921,50.45258],[47.624669,50.440798],[47.993225,50.181796],[48.096371,50.078546],[48.142363,49.963773],[48.239308,49.864761],[48.417592,49.811689],[48.784598,49.933387],[48.885677,50.019894],[48.701296,50.334603],[48.67339,50.579549],[48.830435,50.596034],[49.012698,50.683419],[49.144059,50.781708],[49.36942,50.82677],[49.423732,50.882063],[49.347354,50.96428],[49.423112,51.101998],[49.779059,51.102179],[49.98685,51.22982],[50.325383,51.303459],[50.379643,51.421152],[50.518342,51.459754],[50.581698,51.635299],[50.790677,51.597291],[50.767009,51.7594]]]},"properties":{"LOCATION_TYPE":"level1","ADM0_A3":"RUS","LOCATION_ID":"RUS-SAR","NAME":"Saratov","TYPE_EN":"Region"}},
{"type":"Feature","geometry":{"type":"Polygon","coordinates":[[[46.620192,48.669597],[46.297981,48.839991],[46.057478,48.868904],[45.948338,48.835934],[45.759512,48.665815],[45.60872,48.592848],[45.301142,48.558018],[45.374936,48.464071],[45.171744,48.438956],[45.04152,48.394566],[44.987363,48.268165],[45.149524,48.23827],[45.300625,48.097685],[45.404908,48.09169],[45.546915,47.997071],[45.67683,48.032314],[45.741012,48.00012],[45.707009,47.908394],[45.843331,47.719258],[46.116286,47.502424],[46.29705,47.437001],[46.449393,47.478136],[46.68452,47.627998],[46.788183,47.556632],[46.526494,47.434754],[46.511301,47.406435],[46.725758,47.089452],[46.800896,47.003643],[46.912,46.979613],[46.987861,46.86329],[47.12594,46.850681],[47.21348,46.742315],[47.149505,46.668263],[47.021967,46.63519],[46.930087,46.555557],[46.939699,46.431585],[46.663643,46.429001],[46.531145,46.337689],[46.504376,46.273817],[46.856293,46.244154],[46.845544,46.075534],[47.089043,46.118167],[47.169969,46.078376],[47.040158,45.965722],[46.906212,45.63675],[46.922232,45.577658],[47.296059,45.646258],[47.35404,45.684499],[47.470002,45.634838],[47.49643,45.565253],[47.615001,45.570217],[47.62615,45.709052],[47.896983,45.693793],[48.063813,45.745998],[48.269786,45.779486],[48.465587,45.940172],[48.573416,45.971137],[48.626638,45.912421],[48.741059,45.923],[48.714122,46.129584],[48.887055,46.12226],[49.11199,46.221137],[49.076182,46.2862],[49.227131,46.327879],[48.897046,46.482177],[48.819635,46.479257],[48.705016,46.550441],[48.573241,46.55827],[48.455109,46.660796],[48.556705,46.761746],[48.676594,46.758026],[48.764031,46.682836],[48.91689,46.702577],[49.00629,46.76911],[48.697265,47.100976],[48.525079,47.410234],[48.360593,47.493097],[48.174351,47.712851],[48.044488,47.769695],[47.649732,47.765587],[47.435326,47.834394],[47.359672,47.683344],[47.174464,47.770522],[47.155343,47.87744],[47.051164,47.974644],[47.178184,48.051797],[47.103564,48.101199],[47.078294,48.275349],[46.479312,48.410225],[46.620192,48.669597]]]},"properties":{"LOCATION_TYPE":"level1","ADM0_A3":"RUS","LOCATION_ID":"RUS-AST","NAME":"Astrakhan'","TYPE_EN":"Region"}},
{"type":"Feature","geometry":{"type":"Polygon","coordinates":[[[47.43446,50.376528],[47.277352,50.371732],[47.184025,50.511904],[47.007705,50.480175],[46.877687,50.523945],[46.830455,50.632517],[46.707568,50.690886],[46.583441,50.70073],[46.460761,50.546941],[46.29457,50.567353],[46.254779,50.52888],[46.065333,50.543685],[46.068434,50.652309],[45.88953,50.758556],[45.678173,50.729462],[45.667631,50.593605],[45.495136,50.61257],[45.241094,50.586267],[45.191278,50.697371],[45.292564,50.781087],[45.308067,50.876843],[45.215049,50.942059],[45.20182,51.039624],[45.04245,51.126259],[44.659631,51.172639],[44.210253,51.193516],[44.181831,51.11657],[44.004477,51.08727],[43.682326,51.112953],[43.642225,51.066082],[43.32979,51.017661],[43.141584,51.121996],[42.872867,51.231343],[42.71546,51.239353],[42.57304,51.168505],[42.254817,51.132486],[42.067334,51.160004],[41.977004,51.203283],[41.854944,51.188555],[41.737019,51.025723],[41.444323,50.917357],[41.369806,50.830774],[41.167544,50.780518],[41.314409,50.724604],[41.400088,50.625024],[41.525765,50.598669],[41.423549,50.48157],[41.508609,50.392118],[41.362054,50.22634],[41.492382,50.083558],[41.595012,50.045421],[41.616716,49.96217],[41.876132,49.900417],[42.115083,49.750349],[42.178439,49.66839],[42.071985,49.501785],[42.053485,49.402256],[42.092346,49.288671],[42.036639,49.267407],[42.09524,49.140567],[42.343803,49.152142],[42.410569,49.047291],[42.64425,48.976933],[42.739748,48.786325],[42.651071,48.704624],[42.701094,48.624423],[42.633708,48.551559],[42.441575,48.504843],[42.16521,48.463967],[42.074052,48.391879],[42.146503,48.287182],[42.049454,48.259897],[42.096377,48.154064],[42.029817,48.028542],[42.282515,48.015726],[42.342873,48.044768],[42.491908,48.013607],[42.728483,47.854082],[42.785017,47.731144],[42.955342,47.51033],[43.054251,47.572755],[43.262507,47.450179],[43.482028,47.483743],[43.731522,47.476611],[43.633647,47.570378],[43.705167,47.683136],[43.822059,47.749747],[43.951457,47.756052],[44.082509,47.909014],[44.389053,47.868267],[44.466878,47.990249],[44.447654,48.049677],[44.314122,48.094119],[44.305854,48.255065],[44.540155,48.196903],[44.546666,48.063061],[44.662318,48.089261],[44.765981,48.058824],[44.933206,48.13546],[44.962558,48.208686],[45.136915,48.111844],[45.300625,48.097685],[45.149524,48.23827],[44.987363,48.268165],[45.04152,48.394566],[45.171744,48.438956],[45.374936,48.464071],[45.301142,48.558018],[45.60872,48.592848],[45.759512,48.665815],[45.948338,48.835934],[46.057478,48.868904],[46.297981,48.839991],[46.620192,48.669597],[46.753818,48.91407],[46.930034,49.004038],[47.020881,49.096849],[47.028633,49.201494],[46.775108,49.332545],[46.899907,49.820319],[46.95856,49.88414],[47.177358,49.947185],[47.308719,50.044802],[47.265104,50.186343],[47.294766,50.275434],[47.43446,50.376528]]]},"properties":{"LOCATION_TYPE":"level1","ADM0_A3":"RUS","LOCATION_ID":"RUS-VGG","NAME":"Volgograd","TYPE_EN":"Region"}},
{"type":"Feature","geometry":{"type":"Polygon","coordinates":[[[33.729998,44.397974],[33.957856,44.383002],[34.147472,44.449897],[34.341156,44.558498],[34.469005,44.729804],[34.757009,44.820502],[35.005707,44.835191],[35.080821,44.793769],[35.154307,44.901109],[35.389415,45.001939],[35.416759,45.070868],[35.547374,45.119696],[35.771169,45.065619],[35.847992,44.992418],[35.993419,44.997992],[36.047862,45.048774],[36.22462,45.007514],[36.440115,45.06745],[36.417979,45.229926],[36.502452,45.346869],[36.613536,45.408881],[36.299978,45.473334],[36.137462,45.462063],[36.022309,45.368109],[35.791759,45.412299],[35.694998,45.33039],[35.480724,45.297797],[35.332205,45.371243],[35.044444,45.670071],[34.788981,45.803664],[34.784314,45.899341],[34.688637,45.974015],[34.464614,45.955347],[34.361937,46.055691],[34.235923,46.097695],[34.105243,46.095361],[33.846216,46.195705],[33.671456,46.172951],[33.628517,46.124935],[33.646821,45.979722],[33.708669,45.909735],[33.55421,45.847073],[33.482188,45.854478],[33.265391,45.753811],[32.936778,45.662502],[32.525157,45.458157],[32.512869,45.340562],[32.663097,45.320136],[32.750173,45.363349],[32.899262,45.354234],[33.078624,45.271674],[33.259613,45.156073],[33.413422,45.184516],[33.562511,45.09394],[33.61964,44.931464],[33.570545,44.852465],[33.674528,44.791646],[33.611402,44.720629],[33.70905,44.666381],[33.712995,44.581555],[33.805711,44.527307],[33.852069,44.431632],[33.729998,44.397974]]]},"properties":{"LOCATION_TYPE":"level1","ADM0_A3":"RUS","LOCATION_ID":"RUS-43","NAME":"Crimea","TYPE_EN":"Autonomous Republic"}},
{"type":"Feature","geometry":{"type":"MultiPolygon","coordinates":[[[[146.886567,59.364732],[147.271495,59.332099],[147.545999,59.237547],[147.591075,59.304145],[147.913848,59.390471],[148.219436,59.40887],[148.393728,59.379299],[148.437466,59.262317],[148.787937,59.236484],[148.992492,59.356102],[148.968435,59.452216],[149.201345,59.524888],[149.081065,59.559963],[149.132907,59.640736],[149.378593,59.724654],[149.597725,59.758205],[150.00449,59.700363],[150.167735,59.652777],[150.456806,59.61259],[150.516368,59.557034],[150.843143,59.448377],[150.937106,59.555868],[151.063069,59.579334],[151.3221,59.555888],[151.637576,59.48248],[151.760265,59.299262],[151.962169,59.267076],[152.136729,59.29621],[152.311827,59.226649],[152.109357,59.155798],[151.766041,59.133628],[151.437731,59.170317],[151.216528,59.091682],[151.08805,59.10202],[151.359093,58.855993],[151.71728,58.848956],[152.020298,58.875037],[152.166129,58.984063],[152.404796,59.023424],[152.55674,58.949981],[152.91605,58.916555],[152.943316,59.007021],[153.0901,59.083094],[153.337275,59.089887],[153.369151,59.241278],[153.802013,59.172309],[153.90504,59.086982],[154.048676,59.052802],[154.35771,59.110587],[154.342627,59.179519],[154.501565,59.217887],[154.677516,59.145639],[154.813301,59.194172],[155.194102,59.175767],[155.157625,59.296358],[155.209713,59.34388],[154.962901,59.49608],[154.782954,59.471286],[154.644287,59.543434],[154.428762,59.547034],[154.263782,59.436878],[154.075043,59.509182],[154.276159,59.650074],[154.22077,59.86962],[154.487804,59.896308],[154.407835,60.062928],[154.563698,60.093705],[154.952403,60.367418],[155.137593,60.41141],[155.340281,60.524582],[155.479773,60.533924],[155.570962,60.625549],[155.724824,60.6551],[155.920739,60.754794],[155.916779,60.859378],[156.007631,60.949572],[156.373897,61.148768],[156.546888,61.209226],[156.648543,61.327985],[156.679463,61.524017],[156.923833,61.551813],[157.027599,61.65058],[157.35654,61.714753],[157.464509,61.782105],[157.793657,61.781177],[158.080164,61.734],[158.260227,61.825934],[158.853038,61.826321],[158.920746,61.903022],[159.359874,61.893012],[159.380605,61.814897],[159.526067,61.796117],[159.577213,61.652771],[159.966724,61.758828],[160.039012,61.846246],[160.295159,61.93993],[160.391288,61.881377],[160.413958,61.764781],[160.259832,61.62507],[160.28514,61.554107],[160.11323,61.499679],[160.106853,61.429963],[159.965225,61.378036],[159.907725,61.259426],[160.000141,61.106118],[159.853093,60.982766],[159.950628,60.940912],[160.201973,61.03822],[160.424876,60.983678],[160.170095,60.824897],[160.251685,60.772418],[160.159693,60.640832],[160.281823,60.609231],[160.381794,60.701606],[160.635879,60.715577],[160.828489,60.754661],[160.915149,60.899645],[161.183574,60.992607],[161.454411,61.136406],[161.595627,61.255178],[161.98639,61.372619],[162.327823,61.590455],[162.510459,61.65836],[162.43084,61.764344],[162.467737,61.820465],[162.311158,61.934204],[162.480036,61.963195],[162.511972,62.103393],[162.265372,62.128611],[162.403969,62.252764],[162.664314,62.261575],[162.736145,62.297386],[162.767874,62.50311],[162.708756,62.601476],[162.818724,62.697104],[162.672686,62.710488],[162.547526,62.844743],[162.2693,62.935022],[162.379887,63.118938],[162.743896,63.181518],[162.694597,63.39303],[162.95701,63.491112],[162.979231,63.620975],[162.754852,63.738461],[162.725913,63.836517],[162.88766,63.876954],[162.928794,63.95036],[162.841358,64.016506],[162.794229,64.148023],[162.94223,64.199622],[163.166609,64.190139],[163.255906,64.320674],[163.434293,64.373125],[163.344583,64.486555],[163.167126,64.559393],[163.246088,64.726799],[163.136947,64.770207],[162.996904,64.648664],[162.735731,64.661221],[162.607677,64.73424],[162.292864,64.742353],[161.784471,64.838084],[161.644842,65.013086],[161.417362,65.068742],[161.281143,65.140675],[161.009945,65.169821],[160.536589,65.161966],[160.17382,65.376062],[160.169996,65.450527],[159.997087,65.523339],[159.834203,65.528507],[159.376556,65.657698],[158.9217,65.743016],[158.933689,65.902567],[159.202924,66.163869],[159.16644,66.234045],[158.77587,66.283758],[158.52896,66.359387],[158.392741,66.254561],[158.484931,66.117515],[158.124126,66.155807],[157.71764,66.112037],[157.382156,66.000003],[157.373165,65.925589],[157.124394,65.91515],[156.926577,65.965405],[156.973086,66.032507],[156.761936,66.104596],[156.659203,66.193066],[156.360306,66.06682],[155.958264,66.096328],[155.752178,66.176891],[155.319853,66.141855],[155.169991,66.209034],[154.885254,66.133586],[154.548014,66.237818],[154.395258,66.20459],[154.220489,66.068939],[154.359395,66.033386],[154.374278,65.920938],[154.249634,65.829987],[154.040758,65.86859],[153.697523,65.885591],[153.453817,65.787819],[153.531332,65.70555],[153.400901,65.504271],[153.521307,65.408049],[153.031827,65.274724],[152.688179,65.233435],[152.62038,65.168994],[152.644771,65.022285],[152.502247,64.94539],[152.748227,64.685923],[152.331302,64.510068],[152.413777,64.406767],[152.168831,64.355349],[152.015765,64.50366],[151.479984,64.43555],[151.300977,64.360826],[151.123417,64.371265],[150.966114,64.331681],[150.631044,64.331112],[150.633421,64.170605],[150.22435,64.213135],[150.024052,64.370025],[150.068287,64.501748],[149.816416,64.567274],[149.589867,64.525106],[149.401971,64.437411],[149.26968,64.445653],[148.630546,64.418652],[148.436346,64.524072],[148.291032,64.549445],[148.000713,64.362713],[148.253514,64.255303],[148.114918,64.050871],[147.955135,63.944288],[147.602598,64.046582],[147.609523,64.170295],[147.307216,64.132313],[147.230011,64.056323],[146.996434,64.146989],[146.498686,64.20882],[146.376523,64.196831],[146.291464,64.061],[146.108736,63.941575],[145.572334,63.836104],[145.633106,63.660326],[145.44459,63.515245],[145.363562,63.33076],[145.252147,63.179555],[145.366042,62.910321],[145.326148,62.754413],[145.479834,62.548017],[145.1243,62.489907],[145.176906,62.285811],[144.993455,62.243901],[144.745098,62.046885],[144.967617,62.056781],[145.155822,61.967587],[145.271681,61.991514],[145.51363,61.964125],[145.743177,62.058228],[145.891281,62.025362],[146.21891,61.90294],[146.36071,61.820155],[146.504887,61.661611],[146.583435,61.635515],[146.612891,61.442607],[146.76761,61.403281],[146.683274,61.312589],[146.74725,61.222878],[146.678003,61.081182],[146.701154,60.958863],[146.546022,60.958011],[146.464373,60.708749],[146.320092,60.658675],[146.068945,60.738825],[145.620187,60.557338],[145.510013,60.4637],[145.629902,60.391611],[145.570784,60.335077],[145.792993,60.198161],[146.100158,60.224128],[146.374249,60.271205],[146.452074,60.142427],[146.68007,60.095479],[146.657126,59.982231],[146.786834,59.901047],[146.989302,59.947814],[147.140921,59.848595],[147.158594,59.647496],[147.075292,59.410948],[146.886567,59.364732]]],[[[150.725271,59.127997],[150.548281,59.061896],[150.6107,59.00572],[150.7828,59.090864],[150.725271,59.127997]]]]},"properties":{"LOCATION_TYPE":"level1","ADM0_A3":"RUS","LOCATION_ID":"RUS-MAG","NAME":"Maga Buryatdan","TYPE_EN":"Region"}},
{"type":"Feature","geometry":{"type":"MultiPolygon","coordinates":[[[[142.529063,54.297187],[142.409516,54.231635],[142.46754,54.145697],[142.708263,53.948228],[142.718516,53.907294],[142.607432,53.709052],[142.492686,53.638088],[142.576671,53.500067],[142.455333,53.380276],[142.307384,53.3664],[142.237071,53.419989],[142.229747,53.520819],[141.957042,53.456285],[141.768809,53.371649],[141.809744,53.337592],[141.833751,53.169135],[141.928396,53.020657],[141.865733,52.860256],[141.843761,52.590806],[141.78297,52.467353],[141.660981,52.382473],[141.64503,52.084784],[141.675548,51.912421],[141.809581,51.80622],[141.817149,51.672268],[141.86671,51.612454],[142.078949,51.471381],[142.178559,51.314154],[142.266856,51.074286],[142.128429,50.894517],[142.045177,50.528266],[142.150076,50.345689],[142.173839,50.086412],[142.125011,49.89765],[142.159679,49.677965],[142.125011,49.462307],[142.062836,49.314887],[142.077159,49.198188],[141.967296,48.862372],[141.857432,48.774237],[141.919607,48.609117],[142.097016,48.396877],[142.138682,48.318061],[142.191091,47.966742],[142.105724,47.874823],[141.965831,47.612494],[141.951671,47.481147],[141.975108,47.297593],[142.056651,47.169745],[142.056651,47.053697],[141.822276,46.602281],[141.837576,46.415595],[141.899099,46.27912],[141.932628,46.035793],[142.039806,45.924302],[142.201671,46.030666],[142.281912,46.32746],[142.457205,46.630805],[142.529063,46.683783],[142.72462,46.74079],[142.772227,46.609768],[143.159516,46.598293],[143.342784,46.562812],[143.337901,46.40941],[143.421397,46.223131],[143.523285,46.238105],[143.625743,46.374701],[143.579926,46.418199],[143.52589,46.585517],[143.511485,46.770209],[143.418712,46.799709],[143.254731,46.715033],[143.172862,46.707831],[143.083832,46.813463],[143.11964,46.874905],[143.032481,47.070746],[143.016368,47.253607],[142.910899,47.36522],[142.759532,47.43122],[142.592133,47.642076],[142.545258,47.766669],[142.549571,48.020087],[142.792735,48.562567],[142.988455,48.916693],[142.97462,49.045885],[143.070323,49.184882],[143.174164,49.245998],[143.371104,49.299221],[143.263927,49.360175],[143.403494,49.400458],[143.499034,49.349189],[143.702159,49.306098],[144.006033,49.269355],[144.245942,49.131741],[144.28004,49.078437],[144.441417,49.013861],[144.282725,49.25019],[144.22169,49.438381],[144.222179,49.53262],[144.137218,49.639594],[144.12615,49.746894],[144.002696,50.012844],[143.790294,50.309231],[143.678966,50.736518],[143.586681,51.010728],[143.537934,51.239732],[143.442393,51.367255],[143.461762,51.46955],[143.221202,51.531643],[143.310395,51.75434],[143.163097,51.873969],[143.159353,51.995673],[143.097667,52.104234],[143.177501,52.313788],[143.118663,52.337795],[143.229503,52.519477],[143.304698,52.471381],[143.337901,52.703803],[143.326996,52.936347],[143.29005,53.151923],[143.210623,53.363227],[143.108165,53.425116],[143.121104,53.518052],[143.030284,53.539984],[142.939708,53.749742],[142.905935,53.911851],[143.003917,54.135484],[142.819672,54.301907],[142.733572,54.421454],[142.529063,54.297187]]],[[[146.881684,43.859198],[146.768728,43.860826],[146.604666,43.80858],[146.650645,43.712592],[146.914561,43.80272],[146.881684,43.859198]]],[[[146.469249,44.428778],[146.363455,44.422024],[146.194347,44.506537],[146.119314,44.506049],[145.974864,44.292304],[145.801036,44.160061],[145.72877,44.043769],[145.48227,43.894436],[145.409923,43.828559],[145.443126,43.724514],[145.572276,43.729926],[145.581065,43.833686],[145.791677,43.948554],[145.931407,44.120917],[146.139415,44.265692],[146.325857,44.292222],[146.469249,44.428778]]],[[[148.799164,45.415676],[148.799164,45.518134],[148.621104,45.498236],[148.31186,45.275295],[148.069591,45.251166],[148.004649,45.281195],[147.950938,45.431342],[147.871593,45.380357],[147.886241,45.218736],[147.781261,45.197699],[147.668956,45.093573],[147.501801,45.078803],[147.494884,45.00495],[147.360525,44.901109],[147.264415,44.867621],[147.19658,44.713682],[146.873383,44.489895],[146.993663,44.480373],[147.113257,44.570387],[147.226027,44.581002],[147.388377,44.736659],[147.555431,44.823554],[147.700777,45.007986],[147.768321,44.943345],[147.990309,45.005798],[148.215831,45.195746],[148.438243,45.248521],[148.556163,45.307034],[148.758311,45.31269],[148.799164,45.415676]]],[[[150.334239,46.210842],[150.211056,46.17922],[150.14975,46.094713],[150.020169,46.073024],[149.811046,45.879828],[149.667328,45.853217],[149.553396,45.709906],[149.482309,45.669377],[149.529063,45.583564],[149.637766,45.610946],[149.947635,45.822367],[150.022951,45.823797],[150.142345,45.898017],[150.245369,46.037032],[150.363292,46.081529],[150.478229,46.209981],[150.334239,46.210842]]],[[[152.205577,47.128811],[151.873302,46.871812],[151.745453,46.861762],[151.801415,46.766032],[152.02003,46.902899],[152.157074,47.018948],[152.205577,47.128811]]],[[[156.125255,50.637519],[156.073253,50.781562],[155.889496,50.690863],[155.862071,50.614569],[155.717784,50.423082],[155.631847,50.383694],[155.410167,50.360175],[155.249848,50.215766],[155.220876,50.109931],[155.384532,50.037502],[155.561534,50.166571],[155.773204,50.186591],[155.884939,50.25373],[156.056895,50.486274],[156.152517,50.519029],[156.125255,50.637519]]],[[[156.46046,50.873725],[156.199392,50.780504],[156.180024,50.688422],[156.405772,50.630113],[156.51099,50.765849],[156.46046,50.873725]]],[[[155.563487,50.808254],[155.669941,50.811954],[155.631265,50.912284],[155.474132,50.92182],[155.563487,50.808254]]],[[[154.836681,49.650051],[154.608246,49.374986],[154.602794,49.303412],[154.719981,49.267035],[154.834646,49.352729],[154.79713,49.456977],[154.901866,49.61225],[154.836681,49.650051]]]]},"properties":{"LOCATION_TYPE":"level1","ADM0_A3":"RUS","LOCATION_ID":"RUS-SAK","NAME":"Sakhalin","TYPE_EN":"Region"}},
{"type":"Feature","geometry":{"type":"Polygon","coordinates":[[[33.729998,44.397974],[33.852069,44.431632],[33.805711,44.527307],[33.712995,44.581555],[33.70905,44.666381],[33.611402,44.720629],[33.674528,44.791646],[33.570545,44.852465],[33.546723,44.70954],[33.477387,44.606635],[33.379649,44.564521],[33.729998,44.397974]]]},"properties":{"LOCATION_TYPE":"level1","ADM0_A3":"RUS","LOCATION_ID":"RUS-40","NAME":"Sevastopol","TYPE_EN":"Federal City"}},
{"type":"Feature","geometry":{"type":"MultiPolygon","coordinates":[[[[-172.243096,64.815942],[-172.461344,64.827595],[-172.633193,64.684439],[-172.17961,64.738219],[-172.243096,64.815942]]],[[[-180,68.98237],[-180,68.559557],[-180,68.060942],[-180,67.562327],[-180,67.063712],[-180,66.565097],[-180,66.066482],[-180,65.567867],[-180,65.069252],[-180,65.066229],[-179.66309,65.141263],[-179.52421,65.235361],[-179.499003,65.395711],[-179.26051,65.532179],[-179.277044,65.630256],[-179.723256,65.78148],[-179.826894,65.934312],[-179.768259,66.102932],[-179.309302,66.125532],[-179.171457,66.289455],[-178.982439,66.158947],[-178.785135,66.167243],[-178.622398,66.295777],[-178.493287,66.21122],[-178.495675,66.140127],[-178.682444,66.101874],[-178.725334,65.991926],[-178.895131,65.97724],[-178.872507,65.893948],[-178.628217,65.7295],[-178.411089,65.681765],[-178.528798,65.511176],[-178.283987,65.444346],[-177.415925,65.440748],[-177.245994,65.538863],[-176.976552,65.608059],[-175.908839,65.402953],[-175.881554,65.258455],[-175.740677,65.123435],[-175.774793,64.939365],[-175.631296,64.9206],[-175.456841,64.797215],[-175.056776,64.759414],[-174.897983,64.798138],[-174.591974,64.817405],[-174.652292,64.725328],[-174.07245,64.549109],[-173.98933,64.412348],[-173.598245,64.330628],[-173.385178,64.395041],[-173.368253,64.285478],[-173.106265,64.24098],[-172.822171,64.320362],[-172.836205,64.454207],[-172.590073,64.370424],[-172.387658,64.407364],[-172.465077,64.558417],[-172.815906,64.611735],[-172.892848,64.66523],[-172.755309,64.733468],[-172.700904,64.877598],[-172.323004,64.948345],[-172.093091,65.050359],[-172.201531,65.216874],[-172.550643,65.206027],[-172.20295,65.324537],[-172.162487,65.420692],[-172.388609,65.432236],[-172.389722,65.581817],[-172.674418,65.623518],[-172.683827,65.70425],[-172.290482,65.666174],[-172.322352,65.622113],[-171.808397,65.489327],[-171.250893,65.521991],[-171.038654,65.466987],[-170.981812,65.592054],[-170.667356,65.599546],[-170.488773,65.670758],[-170.571156,65.761217],[-170.532419,65.852729],[-170.143031,66.003829],[-169.891447,66.042853],[-169.71861,66.006133],[-169.700917,66.128648],[-170.085832,66.16929],[-170.153858,66.249024],[-170.565256,66.353583],[-170.859731,66.511054],[-171.363359,66.674829],[-171.330901,66.744982],[-171.671188,66.850473],[-171.629669,66.908306],[-171.895194,66.970729],[-172.362487,66.933213],[-172.66583,66.885043],[-172.995722,66.917432],[-173.257883,67.021877],[-173.547078,67.090677],[-174.574931,67.076773],[-174.474235,67.018827],[-174.282127,67.046761],[-174.026214,66.961111],[-173.944748,66.81025],[-173.930551,66.667627],[-174.196762,66.589408],[-174.061049,66.529538],[-173.833141,66.506251],[-173.69113,66.439099],[-173.705256,66.370524],[-173.929187,66.340818],[-174.015907,66.472171],[-174.163251,66.447013],[-174.295964,66.354448],[-174.434519,66.35635],[-174.435663,66.531545],[-174.971335,66.665413],[-174.686035,66.762279],[-174.758637,66.908778],[-174.907608,67.037385],[-174.889932,67.211563],[-174.806109,67.364671],[-174.913362,67.413376],[-175.159589,67.337477],[-175.2865,67.667106],[-175.824029,67.81296],[-175.920602,67.747404],[-175.712954,67.579607],[-175.913596,67.587966],[-176.268423,67.668728],[-176.300463,67.724244],[-176.048582,67.852151],[-176.23961,67.897574],[-176.49952,67.888605],[-176.782301,67.967869],[-176.717986,68.026266],[-177.259104,68.211127],[-177.461537,68.246283],[-177.608469,68.196763],[-177.966135,68.330227],[-178.041819,68.42768],[-178.699928,68.543189],[-178.636902,68.637982],[-178.844813,68.752361],[-179.357367,68.827811],[-179.514027,68.921129],[-179.712717,68.917914],[-180,68.98237]]],[[[169.446462,69.849107],[169.227712,69.907294],[168.829845,69.939887],[168.264659,70.024115],[167.82252,69.881008],[167.790863,69.808336],[168.059906,69.763658],[168.172537,69.695217],[168.874522,69.567857],[169.189464,69.575181],[169.309906,69.664455],[169.305919,69.77025],[169.446462,69.849107]]],[[[-180,71.536688],[-180,71.052632],[-180,70.99201],[-179.666005,70.965481],[-179.342112,70.908026],[-178.875925,70.981024],[-177.930491,71.041449],[-177.637644,71.117011],[-177.44343,71.237006],[-177.718373,71.305243],[-178.394846,71.540717],[-179.074574,71.600043],[-179.326772,71.555487],[-179.735951,71.586412],[-180,71.536688]]],[[[162.431769,69.677135],[162.315395,69.546789],[162.520654,69.324709],[162.774179,69.203373],[162.523755,69.117797],[162.55414,68.991293],[162.846939,68.869285],[162.606437,68.714411],[162.723226,68.605167],[162.580909,68.501245],[162.535433,68.362778],[162.417611,68.309061],[162.178143,68.354588],[161.710678,68.373398],[161.4062,68.411845],[160.997026,68.300999],[159.850119,68.277435],[159.69323,68.238677],[159.111043,68.19067],[158.933896,68.143645],[158.632623,68.141629],[158.276572,68.076],[158.093327,67.840407],[158.269854,67.823406],[158.329179,67.753591],[157.805903,67.70548],[157.692008,67.54549],[157.876183,67.412836],[157.79257,67.357904],[157.958452,67.258143],[158.298689,67.147685],[158.702592,67.055236],[158.905164,66.802744],[158.715822,66.730863],[158.470359,66.488035],[158.367522,66.459122],[158.52896,66.359387],[158.77587,66.283758],[159.16644,66.234045],[159.202924,66.163869],[158.933689,65.902567],[158.9217,65.743016],[159.376556,65.657698],[159.834203,65.528507],[159.997087,65.523339],[160.169996,65.450527],[160.17382,65.376062],[160.536589,65.161966],[161.009945,65.169821],[161.281143,65.140675],[161.417362,65.068742],[161.644842,65.013086],[161.784471,64.838084],[162.292864,64.742353],[162.607677,64.73424],[162.735731,64.661221],[162.996904,64.648664],[163.136947,64.770207],[163.345203,64.818473],[163.520283,64.931437],[163.872819,64.865395],[164.216364,64.9249],[164.797931,64.771602],[165.003706,64.689902],[165.020346,64.836663],[165.262709,64.850616],[165.329475,64.775478],[165.683975,64.753981],[165.74299,64.678791],[166.034548,64.559471],[166.198569,64.608977],[166.405998,64.600657],[166.806801,64.532935],[167.000277,64.549755],[167.236955,64.623653],[167.413689,64.481697],[167.497818,64.481026],[167.714135,64.340724],[168.025744,64.285999],[168.198137,64.338657],[168.498687,64.317366],[168.638317,64.211016],[168.777946,64.184506],[168.873548,64.020718],[169.079323,63.958732],[169.344423,63.949895],[169.364371,63.879822],[169.549372,63.810989],[169.582238,63.643402],[169.509168,63.583613],[169.205207,63.51571],[169.098547,63.439952],[168.79562,63.303087],[168.544472,63.126483],[168.510159,63.054084],[168.939177,62.943755],[169.126659,62.972539],[169.514439,62.813531],[169.656859,62.708886],[169.842481,62.655349],[170.009913,62.677389],[169.986141,62.54502],[170.086394,62.491948],[170.159361,62.341828],[170.381983,62.311132],[170.900608,62.279351],[171.217591,62.368545],[171.469565,62.312011],[172.054749,62.466523],[172.318816,62.403995],[172.416794,62.431538],[172.705045,62.402393],[172.85253,62.331493],[173.503859,62.53409],[173.797588,62.51789],[173.872416,62.44053],[174.079845,62.447041],[174.094831,62.344929],[174.015456,62.269274],[174.112194,62.188504],[174.116535,62.073834],[174.343705,62.04996],[174.468452,61.978801],[174.45357,61.814806],[174.690115,61.861274],[174.815115,61.947008],[175.17449,62.021918],[175.633474,62.191311],[176.279307,62.317084],[176.594249,62.485826],[177.014903,62.550482],[176.931,62.694403],[177.042247,62.768704],[177.334158,62.688178],[177.306814,62.582099],[177.680349,62.575263],[178.061046,62.541083],[178.489431,62.436835],[179.150401,62.341864],[179.148774,62.496039],[179.383637,62.520819],[179.433442,62.616116],[179.554698,62.623033],[179.60906,62.705634],[179.540701,62.848944],[179.345714,62.893866],[179.249522,62.984687],[179.417817,63.116523],[179.334809,63.196479],[179.132009,63.238349],[178.918305,63.325181],[178.59547,63.411322],[178.720225,63.476467],[178.675466,63.563707],[178.509532,63.578518],[178.372325,63.522366],[178.259613,63.581977],[178.371918,63.630683],[178.62615,63.592515],[178.762869,63.642768],[178.693858,63.910468],[178.468272,63.992621],[178.48406,64.070868],[178.399913,64.243354],[178.282563,64.35399],[178.000011,64.210354],[177.669932,64.305121],[177.453624,64.42064],[177.364268,64.563218],[177.491873,64.767524],[177.33839,64.78148],[176.98585,64.711127],[176.727387,64.579169],[176.582286,64.673733],[176.316742,64.767483],[176.210134,64.873969],[176.848155,64.850084],[177.025645,64.774359],[177.297699,64.838446],[177.169688,64.945624],[177.439789,64.925116],[177.553884,64.781562],[177.744151,64.706366],[178.273448,64.669338],[178.568044,64.678778],[178.757986,64.640937],[178.911794,64.715399],[179.250011,64.811225],[179.478689,64.82274],[179.779552,65.018215],[180,65.06619],[180,65.069252],[180,65.567867],[180,66.066482],[180,66.565097],[180,67.063712],[180,67.562327],[180,68.060942],[180,68.559557],[180,68.98105],[179.360606,69.223131],[179.067719,69.297919],[178.745616,69.283677],[178.653982,69.31745],[178.772634,69.415229],[178.364919,69.486802],[178.212169,69.443427],[177.357921,69.617174],[177.162283,69.61636],[176.734548,69.67475],[176.503917,69.754096],[175.926201,69.775692],[175.500115,69.8735],[175.088384,69.845749],[174.070811,69.886908],[173.928477,69.845404],[173.460785,69.948554],[173.253673,69.918687],[173.479259,69.835761],[173.368419,69.789984],[172.860688,69.903469],[172.790782,69.962714],[171.994477,69.993069],[171.316254,70.073188],[170.61085,70.116278],[170.522716,69.938463],[170.591776,69.764725],[170.231553,69.688589],[170.286347,69.579117],[170.584158,69.599555],[170.748546,69.391181],[170.913097,69.304145],[170.8921,69.184394],[171.027599,69.054755],[170.894379,68.993232],[170.351085,68.82807],[169.625499,68.777248],[169.453868,68.845445],[169.41977,69.023627],[168.850597,69.188056],[168.288259,69.242662],[168.192068,69.379869],[168.240977,69.558295],[167.926443,69.654202],[167.938243,69.722235],[167.674083,69.771877],[167.509532,69.695258],[166.938731,69.502102],[166.629649,69.533677],[166.075206,69.523261],[165.674729,69.595978],[165.269471,69.597954],[164.834258,69.567404],[164.439138,69.620754],[164.027029,69.77383],[163.77303,69.694402],[163.477875,69.68773],[163.16505,69.720893],[162.768809,69.654202],[162.431769,69.677135]]],[[[180,70.992423],[180,71.052632],[180,71.53642],[179.563487,71.451483],[179.182953,71.303534],[178.905447,71.237006],[178.622732,71.037746],[178.832042,70.808539],[179.131033,70.87873],[179.666993,70.874779],[180,70.992423]]]]},"properties":{"LOCATION_TYPE":"level1","ADM0_A3":"RUS","LOCATION_ID":"RUS-CHU","NAME":"Chukchi Autonomous Okrug","TYPE_EN":"Autonomous Province"}},
{"type":"Feature","geometry":{"type":"MultiPolygon","coordinates":[[[[70.130626,66.556342],[70.039236,66.607896],[70.085704,66.690131],[69.727387,66.76557],[69.424571,66.768378],[69.575206,66.638251],[69.545421,66.59101],[69.835297,66.488837],[70.04363,66.501288],[70.130626,66.556342]]],[[[65.037914,69.27105],[64.989966,69.204717],[64.545136,69.032195],[64.554127,68.871404],[64.904287,68.871352],[65.064484,68.813991],[65.314908,68.803294],[65.32638,68.730017],[65.516652,68.588372],[65.654318,68.556177],[65.480479,68.430449],[65.27274,68.216405],[65.330101,68.084682],[65.289793,68.012335],[65.436554,67.919963],[66.08313,67.933631],[66.022358,67.794208],[66.205913,67.693026],[65.831155,67.642667],[66.025872,67.576056],[66.110001,67.488775],[65.937195,67.393225],[65.707959,67.335012],[65.190161,67.144997],[65.089805,67.054099],[65.11616,66.908319],[64.999165,66.865428],[64.566943,66.793649],[64.315589,66.667714],[63.969253,66.64632],[63.80854,66.547153],[63.305728,66.400237],[63.240616,66.31311],[63.065846,66.231927],[62.870199,66.079119],[62.807464,65.936596],[62.838573,65.869261],[62.504123,65.830917],[62.018468,65.717126],[62.278401,65.62292],[62.410589,65.515407],[62.373588,65.448874],[62.516526,65.338803],[62.816662,65.291571],[62.801469,65.05143],[62.678686,64.878056],[62.798989,64.847437],[62.802813,64.726282],[62.600448,64.645047],[62.532028,64.559987],[62.69915,64.492188],[63.214777,64.525958],[63.466648,64.450537],[63.417142,64.323878],[63.611446,64.268481],[63.895666,64.287136],[64.016176,64.357442],[64.444263,64.356227],[64.622237,64.438677],[64.995237,64.465885],[65.175898,64.445782],[65.399657,64.571356],[65.883452,64.568617],[66.146071,64.585929],[66.434012,64.515236],[66.681646,64.557455],[66.936307,64.487046],[66.795851,64.321294],[66.818692,64.225615],[67.170918,64.162854],[67.280679,64.080611],[67.679104,64.079035],[67.809329,64.032009],[67.935626,64.117585],[68.178609,64.176161],[68.425002,64.295972],[68.810612,64.221248],[68.990446,64.329614],[68.859187,64.435705],[69.014837,64.471827],[69.244074,64.465833],[69.389594,64.388525],[69.693142,64.399997],[69.999893,64.315894],[70.306851,64.343566],[70.472732,64.251608],[70.768942,64.19355],[70.754782,64.100222],[70.569677,64.015421],[70.637684,63.903232],[70.813177,63.821712],[70.913842,63.692392],[71.387612,63.674615],[71.5691,63.551418],[71.60796,63.185239],[71.805468,63.218881],[71.963701,63.197073],[72.160795,63.299237],[72.655028,63.280169],[72.907002,63.393288],[73.103786,63.436257],[73.28393,63.315025],[73.36806,63.206943],[74.241081,63.17201],[74.507422,63.043232],[74.914528,63.032019],[75.363597,63.107828],[75.6997,63.09124],[75.802743,63.113977],[76.240236,63.018841],[76.289432,62.950008],[76.622641,63.03778],[77.026234,62.975019],[77.132171,62.812962],[77.326991,62.710436],[77.889024,62.557267],[77.966539,62.477996],[78.379433,62.567757],[78.793051,62.615093],[79.820069,62.603724],[79.91474,62.792033],[80.07318,62.826191],[80.574441,63.018996],[80.584157,63.082558],[81.074669,63.11744],[81.194972,62.949646],[81.349174,62.821153],[81.600425,62.773068],[81.83979,62.691936],[82.073471,62.800043],[82.287929,62.775083],[82.732656,62.757229],[82.741027,62.680154],[83.009952,62.594681],[83.033516,62.529517],[83.310708,62.457015],[83.532917,62.524814],[83.798224,62.560264],[84.09588,62.375108],[84.236957,62.37671],[84.289047,62.276225],[84.435704,62.177962],[84.745556,62.410351],[84.860898,62.451227],[84.95774,62.592872],[85.090031,62.637986],[85.225217,62.801232],[85.518326,62.932567],[85.583955,63.053878],[85.46944,63.149195],[85.640592,63.374168],[85.410219,63.353188],[85.377869,63.466514],[85.276377,63.522376],[85.096749,63.534158],[85.333014,63.700789],[85.373115,63.808405],[85.533519,63.936718],[85.94817,64.053352],[85.934218,64.122753],[86.028062,64.279798],[85.950754,64.328529],[85.844507,64.501024],[85.916027,64.588487],[85.811951,64.656312],[85.858977,64.756358],[85.61,64.827775],[85.184393,64.750777],[84.967662,64.89144],[84.819764,64.930714],[84.470121,64.8902],[84.278918,64.940326],[84.386818,64.993863],[84.312818,65.098456],[84.523348,65.21341],[84.585566,65.311104],[84.550219,65.433422],[84.429917,65.5514],[84.290907,65.613153],[84.030975,65.793039],[83.518138,65.822494],[83.521238,65.908329],[83.296136,66.05832],[83.524649,66.172964],[83.262443,66.389436],[83.09098,66.459174],[83.078061,66.578882],[83.292828,66.663011],[83.16188,66.817989],[82.117293,67.243803],[82.352524,67.327984],[82.256096,67.409116],[82.386837,67.523605],[82.109645,67.609],[82.100343,67.724394],[81.881752,67.799273],[81.730547,67.907535],[82.059209,67.948463],[82.353558,67.943502],[82.394589,68.176614],[82.549618,68.179095],[82.680566,68.282757],[82.709608,68.414119],[82.535872,68.610748],[82.866601,68.627775],[83.015429,68.68387],[82.545897,68.840295],[82.480682,68.995143],[82.256923,69.156709],[81.893224,69.182677],[81.772198,69.232906],[81.929397,69.349307],[81.783153,69.428734],[81.625643,69.40951],[81.610657,69.286417],[81.323853,69.285642],[80.966872,69.209109],[80.734225,69.308121],[80.259835,69.355715],[79.854279,69.354527],[79.644472,69.491392],[79.585354,69.588285],[79.116442,69.73161],[78.912941,69.860904],[79.17122,69.978313],[79.208427,70.05283],[79.505256,70.11541],[79.63021,70.220701],[80.095091,70.353432],[80.176946,70.429552],[80.569067,70.460816],[80.752828,70.635224],[80.608031,70.71018],[80.679861,70.805394],[80.55191,70.900169],[80.55005,71.044449],[80.403186,71.091217],[79.954428,71.134108],[79.565201,71.277355],[79.244703,71.316732],[79.143108,71.421687],[79.333484,71.481115],[79.382679,71.614957],[79.868231,71.60165],[80.118759,71.67485],[80.036386,71.830758],[80.339107,71.889798],[80.217977,71.942482],[79.694908,72.057695],[79.418853,72.043406],[78.69683,72.180323],[78.502764,72.381907],[78.087576,72.358791],[77.741384,72.216213],[77.490733,72.175442],[77.563975,72.070624],[77.937755,72.118109],[78.203624,72.001044],[78.109548,71.880439],[77.584646,71.831122],[76.946137,72.044257],[76.35377,71.999091],[76.026703,71.923814],[76.32545,71.559516],[76.528168,71.541815],[76.712657,71.463446],[77.073253,71.42886],[77.2317,71.36225],[77.670909,71.286119],[77.87379,71.339342],[78.021983,71.278713],[78.278982,71.258938],[78.237559,71.109687],[78.497325,71.115058],[78.61378,70.962592],[78.455251,70.89468],[78.00172,70.963609],[77.782725,71.142483],[76.017345,71.237006],[75.342621,71.334947],[75.228363,71.404527],[75.532888,71.542304],[75.392426,71.617865],[75.49171,71.666083],[75.263194,71.743476],[75.286794,71.959906],[75.443858,71.991929],[75.517833,72.153225],[75.721202,72.249579],[75.572032,72.466742],[75.701996,72.547024],[75.432953,72.691799],[75.530772,72.741156],[75.318858,72.819159],[74.983165,72.876776],[74.747569,72.808295],[74.999522,72.673896],[75.111095,72.346422],[75.075694,72.21015],[74.928396,72.098131],[74.331554,71.955715],[73.939301,71.913723],[73.52589,71.822211],[73.481781,71.652737],[73.037446,71.440985],[73.556163,71.255113],[73.748709,71.037746],[73.91033,70.950995],[73.952159,70.836819],[74.317882,70.667792],[74.316173,70.520331],[74.006602,70.304511],[73.734548,70.180894],[73.768077,70.095649],[73.659923,69.859687],[73.515961,69.746405],[73.858572,69.482245],[73.899587,69.414008],[73.751801,69.183539],[73.961274,69.083808],[74.247406,69.141913],[74.508962,69.132799],[74.715099,69.085028],[75.09197,69.132799],[75.508556,69.26142],[76.042003,69.239081],[76.427582,69.144273],[76.754893,69.124701],[76.929047,69.009345],[77.232921,68.989936],[77.409434,68.926011],[77.682628,68.88581],[77.737641,68.737494],[77.715099,68.621039],[77.956309,68.495429],[77.958507,68.398383],[78.090099,68.360012],[78.103282,68.248358],[77.750824,68.228461],[77.536957,68.128607],[77.469737,67.995103],[77.459483,67.786282],[77.618663,67.73371],[77.920421,67.72663],[78.113455,67.656968],[78.483897,67.666734],[78.518728,67.559638],[78.233572,67.584662],[78.047048,67.543524],[77.675548,67.617174],[77.120291,67.768541],[77.305186,67.910102],[77.192556,67.985175],[77.226817,68.115912],[77.356619,68.232896],[77.167003,68.281806],[77.295095,68.381741],[77.315929,68.530585],[77.174164,68.595893],[76.662608,68.762641],[76.6963,68.857733],[76.60906,68.96601],[76.375743,68.993964],[75.819591,68.944159],[75.621104,68.899644],[75.190684,68.874823],[74.62794,68.774604],[74.454356,68.693996],[74.468272,68.535386],[74.331554,68.385565],[74.701427,68.180732],[74.824962,67.940497],[74.730317,67.686265],[74.098318,67.431871],[73.899587,67.29621],[73.952891,67.230943],[73.871349,67.006334],[73.657074,66.941962],[73.492361,66.823432],[73.003103,66.739447],[72.942393,66.656684],[72.493663,66.618801],[72.36671,66.471177],[72.347341,66.306383],[71.990082,66.23078],[71.832856,66.234524],[71.678722,66.323635],[71.145518,66.365627],[70.362641,66.334418],[69.902843,66.415473],[69.72934,66.484076],[69.386485,66.513373],[69.112641,66.618842],[69.130707,66.830715],[69.397716,66.830227],[69.597992,66.789049],[69.936209,66.863023],[70.172537,66.707099],[70.315684,66.679877],[70.57545,66.759996],[70.679942,66.71601],[70.295177,66.638251],[70.413259,66.563178],[70.68865,66.515367],[70.980317,66.535875],[71.083507,66.632066],[71.576915,66.658759],[71.489757,66.81037],[71.495616,66.926825],[71.722016,66.915269],[72.007172,67.07685],[71.992442,67.124213],[72.231293,67.169176],[72.060069,67.308743],[72.402599,67.32807],[72.405935,67.479967],[72.552745,67.537177],[72.611664,67.625881],[72.790863,67.625678],[73.016775,67.723293],[73.071544,67.815579],[73.2046,67.865871],[73.202159,67.975165],[73.081065,68.119778],[73.090831,68.21426],[73.417003,68.3758],[73.453868,68.444159],[73.644379,68.501899],[73.539073,68.581],[73.074555,68.747301],[72.851817,68.797756],[72.577403,68.940375],[72.489268,69.199164],[72.647716,69.292222],[72.627289,69.511298],[72.50172,69.646715],[72.691661,69.836859],[72.491954,70.041205],[72.621593,70.161689],[72.459483,70.304429],[72.771332,70.425238],[72.688243,70.634426],[72.775401,70.695136],[72.827403,70.887641],[72.632091,71.011054],[72.670746,71.108954],[72.569998,71.16059],[72.105724,71.290351],[71.839122,71.43122],[71.838145,71.532416],[72.209321,71.614732],[72.363048,71.73607],[72.350841,71.864203],[72.522227,71.922268],[72.596365,72.063381],[72.864919,72.271674],[72.730724,72.617377],[72.802257,72.665676],[72.496104,72.787665],[71.67449,72.885443],[71.563243,72.915961],[70.655447,72.88935],[70.17213,72.900133],[69.588227,72.878485],[69.276622,72.840766],[68.989106,72.705878],[68.869395,72.532375],[68.643728,72.033189],[68.478852,71.836168],[67.947276,71.527574],[67.309255,71.351223],[66.927013,71.298407],[66.81129,71.1612],[66.645518,71.079779],[66.823416,71.000637],[66.608246,70.880683],[66.688731,70.769843],[67.138438,70.841783],[67.317882,70.784084],[67.220551,70.547512],[67.276541,70.481187],[67.094249,70.220893],[67.327647,70.106024],[67.25172,70.021226],[66.985037,69.96955],[66.874197,69.995917],[66.771007,69.740668],[66.855235,69.636868],[67.101817,69.692776],[67.314952,69.630357],[67.62908,69.590766],[67.969086,69.491278],[68.104991,69.39704],[68.019786,69.33515],[68.125336,69.222357],[68.487153,68.97016],[68.788422,68.915676],[68.99879,68.964911],[69.10906,68.878974],[68.923513,68.637274],[68.570323,68.38288],[68.595714,68.317857],[68.382823,68.228461],[68.184255,68.242133],[68.258637,68.333889],[68.134939,68.423407],[67.904633,68.470364],[67.330333,68.696763],[67.055512,68.78144],[66.990571,68.876288],[66.678477,68.895941],[66.328787,68.963813],[66.114268,69.037258],[65.850597,69.064276],[65.817231,69.142646],[65.419444,69.177069],[65.037914,69.27105]]],[[[78.279063,72.552191],[77.610199,72.634711],[77.312999,72.545233],[77.228526,72.46015],[76.912608,72.372138],[76.917979,72.293036],[77.586436,72.285305],[78.394542,72.4914],[78.279063,72.552191]]],[[[74.725352,73.107123],[74.211681,73.114569],[74.093272,73.027777],[74.465017,72.899604],[74.646495,72.936754],[74.725352,73.107123]]],[[[71.669119,73.227484],[71.459158,73.348375],[71.144298,73.272203],[71.109141,73.439887],[70.948741,73.517483],[70.469574,73.499213],[69.982677,73.408108],[70.068614,73.25788],[69.934255,73.131741],[70.256602,73.038275],[70.661957,73.102851],[71.494677,73.150117],[71.669119,73.227484]]],[[[75.922618,73.523668],[75.619395,73.553412],[75.35963,73.469062],[75.802582,73.453843],[75.922618,73.523668]]],[[[67.327973,69.572699],[67.154552,69.560126],[67.05893,69.450507],[67.258962,69.438625],[67.327973,69.572699]]]]},"properties":{"LOCATION_TYPE":"level1","ADM0_A3":"RUS","LOCATION_ID":"RUS-YAN","NAME":"Yamal-Nenets","TYPE_EN":"Autonomous Province"}},
{"type":"Feature","geometry":{"type":"MultiPolygon","coordinates":[[[[44.214163,66.408149],[44.476386,66.370109],[44.578499,66.307322],[45.741322,66.067906],[45.831652,66.088214],[46.347487,66.028011],[47.110437,65.821176],[47.407267,65.83593],[47.660791,65.808076],[47.753189,65.940704],[48.156265,66.130279],[49.006032,66.119117],[51.510169,66.783262],[51.494563,66.907389],[51.810719,66.954208],[51.83573,66.995394],[52.245525,67.089135],[53.77246,66.998546],[58.789621,66.999683],[59.917718,67.001595],[60.082049,66.989865],[61.431734,66.999683],[61.694767,67.030017],[61.85052,67.126136],[62.821313,67.388032],[62.871233,67.579648],[63.445254,67.770954],[63.689684,67.762066],[63.944242,67.88366],[63.829004,68.017244],[64.324787,68.134084],[64.530253,68.200127],[64.522811,68.343787],[64.745123,68.404455],[65.480479,68.430449],[65.654318,68.556177],[65.516652,68.588372],[65.32638,68.730017],[65.314908,68.803294],[65.064484,68.813991],[64.904287,68.871352],[64.554127,68.871404],[64.545136,69.032195],[64.989966,69.204717],[65.037914,69.27105],[64.855805,69.295396],[64.548025,69.451728],[64.127615,69.550116],[63.410492,69.671291],[62.631196,69.742133],[62.161143,69.746161],[61.409353,69.791246],[60.926606,69.867499],[60.770274,69.849107],[60.653575,69.672756],[60.232595,69.664781],[60.138845,69.577867],[60.519216,69.332099],[60.582286,69.149644],[60.843761,69.157538],[60.93393,69.078192],[60.938324,68.963284],[60.701508,68.815009],[60.466645,68.722317],[60.084239,68.687201],[59.910981,68.720282],[59.773611,68.668199],[59.963878,68.46601],[59.857432,68.381293],[59.674815,68.336168],[59.109548,68.404731],[59.056407,68.619534],[59.201508,68.705959],[59.415538,68.766669],[58.878754,69.003119],[57.977875,68.852973],[57.929535,68.751044],[57.604015,68.742418],[57.329845,68.564765],[57.092459,68.548],[56.848399,68.571601],[56.629649,68.642035],[56.201996,68.619534],[55.952647,68.653998],[55.786632,68.594672],[55.392914,68.564276],[55.109386,68.482367],[54.936697,68.398424],[54.864024,68.185126],[54.650157,68.194322],[54.465099,68.304185],[54.239757,68.21133],[53.808442,68.250678],[53.238943,68.253485],[53.319102,68.348049],[53.624034,68.336859],[53.931895,68.391018],[53.91505,68.489244],[53.72047,68.656928],[53.838064,68.713284],[53.957693,68.876614],[53.611827,68.913479],[54.355968,68.95897],[54.10377,69.000678],[53.437022,68.918158],[52.806488,68.768012],[52.49879,68.619534],[52.731293,68.474189],[52.402029,68.337714],[52.158865,68.398627],[52.333751,68.493354],[52.060069,68.543769],[51.560557,68.483059],[51.336111,68.401435],[50.951834,68.340725],[50.795584,68.376899],[50.434744,68.220526],[49.654633,67.981024],[49.133311,67.862616],[48.842784,67.865058],[48.805431,67.773993],[48.924978,67.68769],[48.529307,67.667914],[48.255707,67.682685],[48.008311,67.65058],[47.824718,67.560289],[47.947927,67.444322],[47.770356,67.337836],[47.695079,67.204739],[47.725597,67.000922],[47.590668,66.919379],[47.409841,66.929267],[46.926931,66.844957],[46.583344,66.815497],[46.489024,66.878485],[46.041515,66.830919],[45.853201,66.88703],[45.593893,67.15824],[45.309349,67.211624],[44.951687,67.320717],[44.918956,67.440863],[45.028168,67.531928],[45.314626,67.592108],[45.350434,67.730414],[46.004117,67.767746],[46.722016,67.844916],[46.545095,68.044013],[46.534923,68.132554],[46.029307,68.324042],[45.943858,68.446234],[45.306373,68.545291],[43.984548,68.551337],[43.477293,68.669066],[43.325694,68.613674],[44.160167,68.336249],[44.244395,68.255683],[44.086925,67.841498],[44.131847,67.8039],[44.003015,67.576027],[43.793036,67.343394],[43.761404,67.221137],[44.206309,67.124701],[44.499278,66.921454],[44.364024,66.782294],[44.487804,66.676174],[44.37086,66.522203],[44.214163,66.408149]]],[[[50.323009,69.150539],[50.164399,69.260891],[49.271739,69.507961],[48.806326,69.493232],[48.446951,69.371894],[48.30421,69.276801],[48.219981,69.072984],[48.218761,68.909247],[48.592052,68.730862],[48.797618,68.729397],[49.248546,68.779975],[49.719737,68.88996],[49.954926,69.074693],[50.132986,69.141588],[50.323009,69.150539]]],[[[60.539806,69.818671],[60.475922,69.920478],[60.010265,70.104071],[59.782888,70.131496],[59.439952,70.287055],[59.315115,70.371649],[59.023611,70.479804],[58.730642,70.418199],[58.522309,70.331122],[58.452973,70.195461],[58.611339,70.140204],[58.695567,70.002834],[59.052989,69.903062],[59.431488,69.889472],[59.60255,69.817939],[59.563487,69.715033],[60.20102,69.685126],[60.475922,69.72248],[60.539806,69.818671]]]]},"properties":{"LOCATION_TYPE":"level1","ADM0_A3":"RUS","LOCATION_ID":"RUS-NEN","NAME":"Nenets","TYPE_EN":"Autonomous Province"}},
{"type":"Feature","geometry":{"type":"MultiPolygon","coordinates":[[[[161.487071,69.026679],[161.319102,69.242662],[161.168956,69.325263],[161.141449,69.087348],[161.487071,69.026679]]],[[[161.631114,69.561103],[161.394786,69.592108],[161.410167,69.415513],[161.615733,69.450385],[161.631114,69.561103]]],[[[111.295177,73.869127],[110.877731,73.767852],[110.907189,73.691852],[111.073045,73.582899],[110.817867,73.558947],[110.523104,73.404124],[110.57075,73.252532],[110.754925,73.17525],[110.881222,73.022882],[110.837297,72.945109],[110.627387,72.894517],[110.610644,72.781036],[110.701698,72.65045],[110.880602,72.58017],[111.210297,72.544513],[111.280991,72.478264],[111.085241,72.369588],[111.642829,72.274452],[111.817082,72.13167],[111.996089,72.132729],[111.996916,71.413574],[112.513164,71.26795],[112.57931,71.113696],[112.276692,71.01272],[112.026578,71.042253],[111.953301,70.982283],[111.522423,70.938616],[111.334941,70.855314],[110.902823,70.8079],[110.539434,70.80064],[110.488998,70.726019],[110.102768,70.631916],[110.116721,70.478024],[109.995488,70.416942],[109.601507,70.378185],[109.535464,70.26398],[109.277392,70.206516],[109.358007,70.069005],[109.509006,70.033452],[109.359764,69.838218],[109.236981,69.775896],[108.940979,69.789229],[108.871009,69.840285],[108.290579,69.85677],[108.148676,69.824782],[108.007289,69.704996],[107.123725,69.58751],[106.838575,69.518238],[106.604377,69.517204],[106.426817,69.56392],[106.152932,69.391139],[106.885497,68.865461],[106.895625,68.142611],[106.875162,67.839632],[106.802401,67.348241],[106.685199,67.253931],[106.492343,67.283826],[106.316643,67.209438],[106.054747,67.167167],[105.893826,67.04366],[105.540153,67.023403],[105.686707,66.93948],[106.043688,66.900775],[106.047408,66.788999],[106.24688,66.702208],[106.24936,66.581466],[106.321914,66.478888],[106.103322,66.378326],[106.171329,66.159218],[106.330389,66.154464],[106.471259,66.007392],[106.439529,65.661729],[106.630939,65.634805],[106.713104,65.548919],[106.939964,65.511247],[106.835577,65.378309],[106.63528,65.392908],[106.451415,65.313145],[106.453689,65.232969],[106.281503,65.1368],[105.972788,65.011794],[106.122753,64.904824],[105.946123,64.883508],[105.831918,64.759613],[105.872742,64.679515],[105.707791,64.652695],[105.802876,64.530118],[106.131848,64.480819],[106.203678,64.402581],[106.395191,64.442578],[106.877435,64.413795],[107.367535,64.2506],[107.569693,64.298608],[107.85567,64.181612],[108.026512,64.223522],[108.467519,64.28171],[108.532735,64.227501],[108.495011,64.115725],[108.735203,63.977129],[108.766416,63.860443],[108.686834,63.795383],[108.279417,63.796416],[108.265051,63.672651],[108.111985,63.616737],[108.159631,63.562891],[108.547101,63.598961],[108.857056,63.536949],[109.052703,63.549067],[109.215484,63.441813],[109.452989,63.148962],[109.465391,62.949646],[109.614426,62.873734],[109.512003,62.776634],[109.305918,62.483628],[109.556652,62.431435],[109.91818,62.40632],[109.995695,62.277543],[109.999519,62.163544],[109.819271,62.007688],[109.597786,61.870436],[109.620007,61.718094],[109.851311,61.557277],[109.7924,61.325198],[110.094397,61.262643],[110.168811,61.164071],[110.48135,61.159213],[110.516696,61.091207],[110.458405,60.988267],[110.239711,60.830964],[110.268443,60.70198],[110.056776,60.673868],[110.116204,60.587052],[109.916836,60.450574],[109.740516,60.233481],[109.694421,60.128578],[109.763874,60.026982],[109.650393,59.870558],[109.503735,59.763846],[109.517378,59.629642],[109.269434,59.449085],[109.26778,59.315966],[109.498774,59.294366],[109.63644,59.065956],[110.119305,58.98038],[110.286633,58.985237],[110.470911,59.033555],[110.589353,59.131326],[110.580362,59.190806],[110.71348,59.258916],[111.163789,59.189411],[111.316338,59.257469],[111.470127,59.267287],[111.625259,59.207342],[111.775844,59.275762],[111.932527,59.271886],[112.217885,59.500399],[112.435442,59.326302],[112.631089,59.310489],[112.465208,59.167758],[112.451152,58.924001],[112.612486,58.95449],[112.554401,59.0334],[112.727621,59.083422],[113.152194,59.164451],[113.264229,59.156855],[113.464734,59.266305],[113.435175,59.402266],[113.604983,59.499056],[113.591754,59.565202],[113.77934,59.608558],[113.84931,59.681577],[114.030177,59.681112],[114.161228,59.747723],[114.309023,59.878878],[114.545494,59.985434],[114.540223,60.102068],[114.697113,60.219219],[114.835916,60.190383],[115.006758,60.268518],[115.112178,60.394557],[115.394745,60.487058],[115.686303,60.526228],[116.075427,60.406907],[116.582373,60.359934],[116.721589,60.266244],[116.95434,60.168576],[117.076606,60.029153],[117.296334,60.018921],[117.065134,59.90792],[117.228225,59.798314],[117.190398,59.646385],[117.089318,59.588404],[117.352352,59.497351],[117.597505,59.472313],[117.778579,59.528331],[117.906013,59.443865],[118.058252,59.582643],[118.335961,59.595639],[118.407274,59.512337],[118.733869,59.419784],[118.839703,59.300412],[118.688704,59.191452],[118.707204,59.063837],[118.840323,59.015597],[118.795364,58.934646],[118.892929,58.81641],[118.821202,58.574254],[119.132398,58.472349],[119.070386,58.34122],[119.10811,58.2227],[119.154412,58.146399],[119.135498,58.007131],[119.047028,57.727639],[119.165057,57.668677],[119.14108,57.538917],[119.410107,57.614726],[119.442353,57.371201],[119.545603,57.339782],[119.682752,57.157442],[119.622084,57.100959],[119.645338,57.002257],[119.771635,56.982982],[119.898449,56.889396],[120.030844,56.899008],[120.302766,57.004144],[120.655509,57.032075],[121.019104,57.031222],[121.053211,56.989648],[121.406884,56.975515],[121.511477,56.922314],[121.608319,56.741188],[122.159603,56.738372],[122.2828,56.650651],[122.466665,56.601868],[122.589241,56.489576],[122.781374,56.497792],[122.918523,56.550657],[123.132257,56.457381],[123.452651,56.406325],[123.915362,56.377334],[124.060469,56.231348],[124.205577,56.165099],[124.24299,56.080918],[124.360399,56.056734],[124.448042,55.904598],[124.635214,55.901756],[124.957675,55.826205],[125.247684,55.879587],[125.437336,55.837445],[125.54627,55.735771],[125.757627,55.79644],[126.039056,55.727762],[126.047325,55.588752],[126.233773,55.590612],[126.434174,55.555007],[126.550653,55.6334],[126.842728,55.605883],[126.953523,55.687247],[127.187617,55.690813],[127.329624,55.655725],[127.486927,55.555007],[127.572606,55.579864],[127.674616,55.683165],[127.793885,55.62924],[128.290185,55.647973],[128.501645,55.51563],[128.663496,55.520849],[128.77212,55.469095],[128.974898,55.46633],[129.088793,55.533355],[129.047038,55.654226],[129.443706,55.699753],[129.652996,55.744996],[129.892258,55.734428],[129.994681,55.693087],[130.741508,55.71908],[130.922996,55.678566],[130.931678,55.748897],[130.861708,55.888889],[130.924236,55.941805],[130.963614,56.128564],[131.092598,56.205872],[131.087741,56.345243],[131.184375,56.467949],[131.393768,56.479137],[131.502496,56.549934],[131.669824,56.549572],[131.675818,56.648377],[131.797155,56.717365],[131.751059,56.842913],[131.444825,57.035795],[131.47428,57.079204],[131.179311,57.137288],[131.183342,57.235473],[131.508593,57.251079],[131.617321,57.452566],[131.729355,57.500341],[131.693078,57.560518],[131.974715,57.585839],[132.034763,57.690949],[131.806043,57.905536],[131.610396,57.995375],[131.476864,58.167509],[131.704757,58.173917],[132.03931,58.019611],[132.017193,58.190402],[132.195993,58.248435],[132.206845,58.35003],[132.128607,58.48935],[132.3719,58.523896],[132.56424,58.639935],[132.599276,58.891031],[132.807946,58.880179],[132.861689,59.064483],[133.125756,59.204397],[133.384241,59.240157],[133.543301,59.2939],[133.625157,59.232147],[133.766647,59.222742],[134.046526,59.255996],[134.218609,59.208738],[134.751703,59.152617],[135.209143,59.122335],[135.260199,59.220107],[135.42174,59.386918],[135.618937,59.49549],[135.791019,59.534299],[136.053432,59.438026],[136.758712,59.354646],[136.835917,59.398028],[137.182459,59.445571],[137.615714,59.739765],[137.833375,59.760771],[138.252988,59.712531],[138.173716,59.83671],[138.2626,59.938306],[138.200485,60.231259],[138.315206,60.318076],[138.326575,60.406287],[138.242756,60.49269],[138.4044,60.611391],[138.428894,60.702316],[138.284304,60.781562],[138.185602,60.894966],[138.345799,61.000101],[138.383316,61.099527],[138.702986,61.193087],[138.650793,61.281944],[138.719006,61.337083],[138.940698,61.321115],[139.120118,61.449428],[139.247346,61.433046],[139.434621,61.491131],[139.548206,61.481674],[139.667165,61.640889],[139.918933,61.801913],[139.988283,61.97198],[140.11396,61.970507],[140.25638,62.038281],[140.294414,62.274235],[140.403864,62.421746],[140.635168,62.425286],[140.704725,62.572718],[140.881148,62.498718],[141.055091,62.482026],[141.067286,62.417379],[141.302104,62.431177],[141.544777,62.178582],[141.837575,62.041226],[142.008004,62.026912],[142.186908,62.081017],[142.290364,61.963324],[142.437539,61.869712],[142.653236,61.961645],[142.927845,61.90077],[143.084528,62.018385],[143.126489,62.101068],[143.36234,62.024121],[143.619895,62.016215],[143.570906,61.947925],[143.954139,61.956813],[143.926957,61.766256],[144.001991,61.726517],[144.244974,61.760107],[144.540253,61.855915],[144.585521,61.977509],[144.745098,62.046885],[144.993455,62.243901],[145.176906,62.285811],[145.1243,62.489907],[145.479834,62.548017],[145.326148,62.754413],[145.366042,62.910321],[145.252147,63.179555],[145.363562,63.33076],[145.44459,63.515245],[145.633106,63.660326],[145.572334,63.836104],[146.108736,63.941575],[146.291464,64.061],[146.376523,64.196831],[146.498686,64.20882],[146.996434,64.146989],[147.230011,64.056323],[147.307216,64.132313],[147.609523,64.170295],[147.602598,64.046582],[147.955135,63.944288],[148.114918,64.050871],[148.253514,64.255303],[148.000713,64.362713],[148.291032,64.549445],[148.436346,64.524072],[148.630546,64.418652],[149.26968,64.445653],[149.401971,64.437411],[149.589867,64.525106],[149.816416,64.567274],[150.068287,64.501748],[150.024052,64.370025],[150.22435,64.213135],[150.633421,64.170605],[150.631044,64.331112],[150.966114,64.331681],[151.123417,64.371265],[151.300977,64.360826],[151.479984,64.43555],[152.015765,64.50366],[152.168831,64.355349],[152.413777,64.406767],[152.331302,64.510068],[152.748227,64.685923],[152.502247,64.94539],[152.644771,65.022285],[152.62038,65.168994],[152.688179,65.233435],[153.031827,65.274724],[153.521307,65.408049],[153.400901,65.504271],[153.531332,65.70555],[153.453817,65.787819],[153.697523,65.885591],[154.040758,65.86859],[154.249634,65.829987],[154.374278,65.920938],[154.359395,66.033386],[154.220489,66.068939],[154.395258,66.20459],[154.548014,66.237818],[154.885254,66.133586],[155.169991,66.209034],[155.319853,66.141855],[155.752178,66.176891],[155.958264,66.096328],[156.360306,66.06682],[156.659203,66.193066],[156.761936,66.104596],[156.973086,66.032507],[156.926577,65.965405],[157.124394,65.91515],[157.373165,65.925589],[157.382156,66.000003],[157.71764,66.112037],[158.124126,66.155807],[158.484931,66.117515],[158.392741,66.254561],[158.52896,66.359387],[158.367522,66.459122],[158.470359,66.488035],[158.715822,66.730863],[158.905164,66.802744],[158.702592,67.055236],[158.298689,67.147685],[157.958452,67.258143],[157.79257,67.357904],[157.876183,67.412836],[157.692008,67.54549],[157.805903,67.70548],[158.329179,67.753591],[158.269854,67.823406],[158.093327,67.840407],[158.276572,68.076],[158.632623,68.141629],[158.933896,68.143645],[159.111043,68.19067],[159.69323,68.238677],[159.850119,68.277435],[160.997026,68.300999],[161.4062,68.411845],[161.710678,68.373398],[162.178143,68.354588],[162.417611,68.309061],[162.535433,68.362778],[162.580909,68.501245],[162.723226,68.605167],[162.606437,68.714411],[162.846939,68.869285],[162.55414,68.991293],[162.523755,69.117797],[162.774179,69.203373],[162.520654,69.324709],[162.315395,69.546789],[162.431769,69.677135],[162.209727,69.655911],[162.025564,69.551174],[161.702647,69.495917],[161.600352,69.42829],[161.435802,69.379869],[161.399262,69.221259],[161.565684,69.014879],[161.394054,68.943427],[161.287283,69.043891],[160.962901,69.105536],[161.024913,69.283677],[160.921235,69.461819],[161.006358,69.577338],[160.925548,69.642076],[160.515961,69.687201],[160.383962,69.674872],[159.801117,69.807034],[159.688975,69.890774],[159.869314,70.005032],[159.851329,70.054918],[160.106293,70.263739],[160.024913,70.41942],[159.689464,70.670966],[159.237804,70.829291],[158.523611,70.968817],[157.989106,71.047512],[157.585785,71.074856],[155.936371,71.099351],[154.23878,70.964993],[153.930431,70.89411],[152.990245,70.834621],[152.613048,70.834621],[152.210948,70.880561],[151.969086,70.94481],[152.103526,71.050116],[151.492442,71.333157],[150.858735,71.374172],[150.515147,71.346422],[150.670177,71.466376],[149.968028,71.534735],[150.085785,71.581488],[149.953298,71.669867],[149.772472,71.647895],[149.182872,71.688788],[149.039399,71.764594],[149.40797,71.896715],[149.709483,71.772895],[150.02003,71.848578],[150.066905,71.921942],[149.611339,72.148383],[148.964854,72.25137],[148.402029,72.31094],[147.746755,72.338813],[147.195567,72.329901],[146.670421,72.087144],[146.365408,71.905951],[146.156505,71.820705],[145.729991,71.729804],[145.569998,71.740953],[145.343761,71.663275],[144.906261,71.698879],[145.215994,71.843329],[145.747569,71.909898],[145.79127,72.028306],[145.621104,72.080268],[145.849376,72.162177],[146.324392,72.141303],[145.993012,72.029731],[146.243826,71.986558],[146.495372,72.065985],[146.92921,72.312649],[145.068696,72.26435],[144.415538,72.175035],[144.193858,72.228013],[144.299164,72.296291],[144.547862,72.257392],[144.708263,72.374091],[144.943207,72.438178],[145.332042,72.354193],[145.687673,72.363959],[146.792003,72.330715],[146.802013,72.354478],[146.124685,72.469875],[145.714122,72.496324],[145.409516,72.555894],[144.568614,72.608873],[144.303884,72.641995],[143.707205,72.666653],[143.486827,72.7001],[143.090668,72.689399],[142.542817,72.717841],[142.2317,72.701565],[141.550629,72.774319],[141.389903,72.843329],[140.725841,72.898627],[140.664236,72.809027],[141.01295,72.690823],[140.877778,72.537746],[140.576508,72.496324],[140.072765,72.479234],[139.541759,72.497626],[139.135753,72.304104],[139.19158,72.162665],[139.386974,72.162177],[139.56072,72.232001],[139.874197,72.178168],[139.715668,72.082953],[139.71225,71.997952],[139.573904,71.932929],[139.710297,71.870917],[139.734548,71.672187],[140.000987,71.52497],[139.717784,71.457343],[139.44337,71.495103],[139.192231,71.415107],[139.045095,71.569037],[138.756033,71.643012],[138.038585,71.558743],[138.026541,71.484036],[137.828624,71.393988],[138.009532,71.339342],[137.766449,71.168036],[137.43336,71.274644],[137.355642,71.374172],[136.889415,71.462226],[136.774587,71.523424],[135.985118,71.634833],[135.421886,71.592963],[135.319672,71.531195],[135.03297,71.53913],[134.778494,71.428778],[134.489106,71.376858],[134.167654,71.370795],[133.650076,71.43651],[133.151622,71.579169],[132.985216,71.719717],[132.729666,71.769232],[132.813128,71.83147],[132.539317,71.883612],[132.264171,71.682034],[131.949229,71.292955],[131.546153,70.887112],[131.226329,70.75023],[130.879405,70.773912],[130.789073,70.971137],[130.619884,70.8664],[130.300629,70.940131],[130.160492,71.051988],[129.762706,71.14761],[129.652599,71.260891],[129.3921,71.346829],[129.248709,71.549872],[129.116954,71.615058],[128.875255,71.596747],[128.926606,71.738756],[128.66391,71.862982],[128.623546,71.962592],[128.192149,72.228339],[127.91212,72.29149],[127.769054,72.386461],[128.528819,72.259345],[128.494314,72.202786],[129.145763,72.100328],[129.521658,72.249416],[129.489024,72.354193],[129.117361,72.481513],[128.611339,72.482733],[128.188324,72.567816],[127.960623,72.662055],[128.396007,72.673163],[128.662608,72.709906],[129.198416,72.655178],[129.307872,72.717475],[128.355642,72.793931],[128.228038,72.819485],[128.290782,72.908637],[128.927519,72.980158],[129.359618,72.940012],[129.443508,73.028944],[129.066173,73.127672],[128.892589,73.216986],[128.570323,73.265367],[128.439301,73.236274],[127.987559,73.470852],[126.896658,73.539293],[126.90504,73.45718],[126.388845,73.411811],[126.404796,73.512397],[126.226573,73.554592],[125.651866,73.525458],[125.365571,73.568793],[125.212413,73.648912],[124.725922,73.708401],[124.336192,73.804836],[124.219005,73.72427],[123.902599,73.708197],[123.973806,73.627021],[123.561697,73.643378],[123.246104,73.545885],[123.375824,73.395087],[123.331798,73.350735],[123.553477,73.217597],[123.375824,73.155504],[123.338145,72.981106],[123.13795,72.918036],[122.61378,73.030951],[122.359874,72.950181],[122.423106,72.874986],[122.043305,72.891547],[121.963715,72.96369],[121.388194,72.97606],[121.054698,72.931789],[120.656016,72.977362],[119.783376,73.018012],[118.917654,73.119534],[118.462413,73.209418],[118.353282,73.282416],[118.489513,73.484442],[118.706554,73.443915],[118.997569,73.49136],[118.790538,73.555976],[118.450206,73.588772],[117.443858,73.588772],[116.602875,73.674791],[116.172862,73.675727],[115.413097,73.710395],[114.674653,73.592597],[114.109141,73.599555],[113.91505,73.535834],[113.493663,73.510647],[113.49464,73.339911],[113.131358,73.449693],[113.395518,73.685777],[113.111501,73.892157],[112.821462,73.746812],[112.371837,73.705308],[111.803722,73.744208],[111.295177,73.869127]]],[[[137.914236,71.558498],[137.706065,71.596422],[137.218272,71.576239],[137.043142,71.511054],[137.344086,71.427558],[137.767426,71.430732],[137.965831,71.510688],[137.914236,71.558498]]],[[[128.831065,72.655219],[128.652517,72.675767],[128.134532,72.6435],[128.339366,72.561021],[128.782725,72.545356],[128.831065,72.655219]]],[[[128.317149,72.812323],[129.207043,72.761895],[129.417139,72.812596],[129.21966,72.926406],[128.994083,72.932471],[128.419007,72.869262],[128.317149,72.812323]]],[[[120.278575,73.100898],[120.021983,73.168118],[119.658539,73.108588],[119.802257,73.039496],[120.230235,73.039496],[120.278575,73.100898]]],[[[143.474946,73.320624],[143.536957,73.443549],[143.407237,73.542792],[143.030284,73.658881],[142.582774,73.825344],[142.045177,73.916571],[141.594737,73.906073],[141.368012,73.863837],[141.127208,73.881659],[140.866384,73.779771],[140.659923,73.579983],[140.493302,73.485044],[140.234874,73.452297],[139.906518,73.471029],[139.767088,73.418345],[139.9651,73.326567],[140.502654,73.405442],[140.788621,73.410005],[141.512435,73.299352],[142.538282,73.213832],[142.757181,73.220866],[143.174945,73.17658],[143.565113,73.23115],[143.474946,73.320624]]],[[[136.258962,73.957465],[136.026134,74.097724],[135.589529,74.235053],[135.439301,74.161119],[136.041677,73.938056],[136.258962,73.957465]]],[[[141.09783,74.149237],[140.891449,74.276516],[140.3499,74.254216],[140.221889,74.220082],[140.164716,74.070638],[140.437755,73.908433],[141.037771,74.003852],[141.09783,74.149237]]],[[[113.405772,74.444037],[113.314464,74.479804],[112.749766,74.495795],[112.110118,74.551215],[111.986827,74.395697],[111.468516,74.344794],[111.581309,74.260159],[111.938731,74.217108],[112.162852,74.138577],[112.774913,74.08808],[112.966563,74.19359],[113.1574,74.225002],[113.429454,74.394192],[113.405772,74.444037]]],[[[150.827647,75.163398],[150.632823,75.116523],[150.266449,75.165717],[150.129405,75.225531],[149.126801,75.268622],[148.610362,75.215522],[148.444509,75.287299],[148.580089,75.382514],[148.407725,75.421088],[147.838552,75.419094],[147.373871,75.440375],[147.15504,75.336371],[146.796723,75.36636],[146.6421,75.447699],[146.770763,75.506741],[146.389171,75.58515],[146.284923,75.403022],[146.071788,75.240302],[146.218028,75.176337],[146.648448,75.128404],[147.087901,75.005194],[147.663829,74.953437],[148.17213,74.803534],[149.208995,74.758002],[149.71754,74.76557],[149.795909,74.805121],[150.609223,74.8935],[150.646495,75.002387],[150.827647,75.163398]]],[[[135.991384,75.527167],[136.160167,75.629625],[135.932791,75.67593],[135.816417,75.780585],[135.602712,75.76435],[135.594086,75.568183],[135.450043,75.375678],[135.844493,75.382636],[136.03297,75.444037],[135.991384,75.527167]]],[[[145.366222,75.540229],[145.174164,75.608222],[144.809825,75.644232],[143.947113,75.834784],[143.584809,75.869818],[143.058849,75.80683],[142.546886,75.862982],[142.145681,76.011908],[141.702159,76.120998],[141.391368,76.1435],[141.230968,76.057074],[140.908946,75.984117],[140.864431,75.738837],[141.062266,75.650092],[140.676768,75.623277],[140.438324,75.650214],[140.545909,75.75552],[140.150401,75.800523],[139.791352,75.894477],[139.911632,75.937445],[139.10963,76.096869],[138.960785,76.206936],[138.532725,76.186103],[138.138031,76.118842],[138.027517,76.031928],[137.432953,75.953192],[137.58839,75.773586],[137.198497,75.789618],[137.067638,75.725775],[137.279552,75.591376],[137.183849,75.539496],[137.430675,75.38935],[137.376231,75.350409],[136.862153,75.362047],[137.149099,75.134223],[137.793793,74.975409],[137.895274,74.846177],[138.165701,74.77619],[138.815603,74.714057],[139.015961,74.657538],[139.343435,74.687405],[139.562022,74.845526],[139.495128,74.946926],[139.84962,74.96483],[140.068696,74.827948],[140.351329,74.840074],[141.114024,74.916653],[141.371104,74.919501],[141.843761,74.998969],[142.355642,74.82453],[142.8213,74.87641],[143.464529,74.900051],[143.707774,74.947455],[143.448009,75.005805],[142.628184,75.096991],[142.410167,75.26675],[142.19988,75.348822],[142.083181,75.525946],[142.323985,75.7119],[142.660167,75.732978],[143.00115,75.707953],[143.01352,75.602444],[142.534516,75.476549],[142.494314,75.375678],[142.872244,75.156643],[143.414806,75.067084],[143.750743,75.081773],[143.998546,75.02497],[144.331228,75.04678],[144.688162,75.15998],[144.72934,75.431586],[145.366222,75.540229]]],[[[149.374713,76.738202],[148.866735,76.733998],[148.452203,76.623336],[149.20009,76.626806],[149.374713,76.738202]]]]},"properties":{"LOCATION_TYPE":"level1","ADM0_A3":"RUS","LOCATION_ID":"RUS-SA","NAME":"Sakha (Yakutia)","TYPE_EN":"Autonomous Province"}},
{"type":"Feature","geometry":{"type":"Polygon","coordinates":[[[29.697139,59.950048],[29.679563,59.868852],[29.849992,59.827563],[30.113439,59.663077],[30.259373,59.60985],[30.502459,59.630727],[30.555582,59.685918],[30.747715,59.725657],[30.75619,59.777489],[30.511657,59.862393],[30.527264,59.970345],[30.373681,60.036232],[30.390424,60.122739],[30.179068,60.147957],[29.632951,60.266012],[29.417898,60.16885],[29.70102,60.200507],[29.848969,60.166938],[29.948253,60.02969],[30.209972,60.001125],[30.115001,59.870551],[29.697139,59.950048]]]},"properties":{"LOCATION_TYPE":"level1","ADM0_A3":"RUS","LOCATION_ID":"RUS-SPE","NAME":"City of St. Petersburg","TYPE_EN":"Federal City"}},
{"type":"Feature","geometry":{"type":"MultiPolygon","coordinates":[[[[36.523406,63.971429],[36.554699,63.763964],[36.374969,63.644953],[35.944607,63.619683],[35.882286,63.573355],[36.057985,63.46008],[36.219836,63.416491],[36.320192,63.161313],[36.258903,63.03176],[36.500542,62.826036],[36.759545,62.717671],[37.080765,62.656072],[37.352273,62.683823],[37.504926,62.645324],[37.587505,62.472673],[37.572622,62.360638],[37.429891,62.237183],[37.718763,62.203413],[37.807749,61.99756],[37.926605,61.968259],[37.857255,61.697681],[37.761964,61.648227],[37.77292,61.522137],[37.857359,61.28458],[37.963192,61.160195],[38.166281,61.133116],[38.212996,60.923982],[38.418462,60.873959],[38.574214,60.79908],[38.632712,60.723219],[38.789498,60.71278],[38.947732,60.802671],[39.068241,60.714072],[39.338199,60.683996],[39.648154,60.746008],[39.764012,60.736913],[39.923486,60.651854],[40.534405,60.724562],[40.756717,60.773733],[40.819142,60.710972],[41.059334,60.649683],[41.339937,60.675987],[41.394094,60.857991],[41.518531,60.899177],[41.800891,60.89897],[42.023926,60.835822],[42.394756,60.769418],[42.650451,60.863107],[42.823051,60.855304],[43.048773,60.74022],[43.149852,60.806005],[43.510864,60.767454],[43.536082,60.853108],[43.715399,60.884501],[43.775964,61.020772],[44.158473,61.082422],[44.205809,60.971808],[44.455302,60.946978],[45.229105,60.90388],[45.332355,61.18934],[45.722719,61.179418],[45.766644,61.054594],[45.878161,61.016276],[46.285061,60.967752],[46.527114,61.051313],[46.736507,60.986097],[46.75325,60.907084],[47.042948,60.853805],[47.10372,60.956073],[47.244796,61.05617],[47.568497,61.059116],[47.965476,60.999352],[47.984183,60.89649],[48.418988,60.853805],[48.509318,61.047747],[48.888727,61.14123],[49.302242,61.176163],[49.461405,61.586112],[49.417273,61.618255],[49.096776,61.658097],[49.051611,61.690963],[49.212738,62.091146],[49.369421,62.149385],[49.608993,62.770226],[48.875084,62.829137],[48.714474,62.815546],[48.628588,62.705837],[48.366071,62.729298],[48.236777,62.472983],[48.290831,62.321623],[47.751122,62.321829],[47.649836,62.296663],[47.621001,62.185455],[47.413365,62.192793],[47.386286,62.320434],[47.234874,62.351492],[47.237665,62.63566],[47.082636,62.839627],[47.399515,62.954814],[47.515787,63.036773],[47.554648,63.148497],[47.366029,63.167204],[47.090904,63.246476],[46.936598,63.351921],[47.026205,63.530567],[46.969567,63.640147],[46.819189,63.746962],[46.43575,63.887729],[45.883639,63.964313],[45.593011,64.063945],[45.442219,64.187504],[45.824521,64.283622],[46.322889,64.264708],[46.61145,64.326565],[48.115751,64.348114],[48.196159,64.238922],[48.408343,64.22422],[48.51831,64.355504],[48.840151,64.357312],[48.950015,64.490612],[49.45014,64.462991],[49.626666,64.591717],[50.273345,64.51291],[50.348379,64.537663],[50.467442,64.791601],[50.063022,64.8902],[49.66315,65.25457],[49.567445,65.292087],[49.021329,65.238292],[48.989393,65.268523],[49.006032,66.119117],[48.156265,66.130279],[47.753189,65.940704],[47.660791,65.808076],[47.407267,65.83593],[47.110437,65.821176],[46.347487,66.028011],[45.831652,66.088214],[45.741322,66.067906],[44.578499,66.307322],[44.476386,66.370109],[44.214163,66.408149],[44.123871,66.315131],[44.045665,66.081041],[43.836436,66.185777],[43.71461,66.186184],[43.654796,66.284857],[43.406098,66.33218],[43.252208,66.436754],[42.749197,66.395087],[42.644786,66.452541],[42.200938,66.532172],[42.119884,66.504828],[41.857595,66.296332],[41.34254,66.062893],[40.795909,65.991685],[40.636241,65.932563],[40.47169,65.812812],[40.279796,65.729967],[39.826915,65.607001],[39.749278,65.552069],[39.712087,65.401842],[40.114024,65.074693],[40.273123,65.02143],[40.378103,64.922512],[40.414806,64.755113],[40.528494,64.577948],[40.181651,64.558661],[40.062755,64.621894],[39.736095,64.555487],[39.566524,64.545268],[39.303071,64.646226],[38.922202,64.732742],[38.511692,64.787749],[38.17335,64.716295],[38.357904,64.852411],[38.046434,64.853672],[37.794595,64.920615],[37.705972,65.017382],[37.398549,65.101977],[37.007677,65.172977],[36.900125,65.150902],[36.807444,64.959052],[36.568604,64.902452],[36.439952,64.91706],[36.559761,64.717423],[36.744116,64.681046],[37.121501,64.39474],[37.339434,64.340442],[37.687061,64.430867],[38.00294,64.316962],[37.914236,64.220404],[38.045665,64.148342],[38.085785,64.059027],[38.001801,63.955512],[37.828557,63.901991],[37.614346,63.881169],[37.608423,63.815586],[37.291026,63.818183],[37.169444,63.895087],[36.954845,63.927232],[36.703461,63.924628],[36.523406,63.971429]]],[[[51.409516,71.806138],[51.5324,71.565904],[51.86199,71.456244],[52.139496,71.485012],[52.258556,71.538642],[52.573904,71.575873],[52.609874,71.468695],[52.868419,71.402248],[53.25172,71.456041],[53.361583,71.333197],[53.576996,71.199286],[54.078136,71.099799],[53.491873,71.072455],[53.672618,71.004828],[53.683767,70.908026],[53.54713,70.812445],[53.854828,70.822211],[54.006521,70.757799],[54.492442,70.784491],[54.691173,70.76789],[54.76059,70.680609],[55.2671,70.585273],[55.232677,70.666571],[55.444591,70.743598],[55.817556,70.613349],[56.131521,70.595893],[56.361827,70.647203],[57.171886,70.613186],[57.440115,70.630805],[57.638682,70.729885],[57.479747,70.789252],[57.063243,70.862454],[56.105724,71.258979],[56.02711,71.370754],[55.67213,71.611029],[55.528656,71.785142],[55.495616,71.902086],[55.355235,71.943061],[55.342784,72.065579],[55.574962,72.199652],[55.376964,72.30268],[55.465668,72.436184],[55.684825,72.57331],[55.738536,72.784247],[56.13795,72.782294],[56.2199,72.826565],[56.225434,73.008979],[56.54835,73.121568],[56.435232,73.230129],[55.818044,73.290351],[55.758067,73.327948],[55.489757,73.320624],[55.30421,73.339342],[54.934825,73.42536],[54.531993,73.37641],[54.190766,73.272203],[53.753184,73.298896],[53.532725,73.22956],[53.32252,73.220852],[53.15561,73.15058],[53.141938,72.96247],[52.61671,72.863227],[52.397634,72.717922],[52.793712,72.682115],[52.914236,72.596991],[52.697439,72.497626],[52.668793,72.306383],[52.402029,72.223212],[52.483246,72.17414],[52.332286,72.070624],[51.956065,72.115058],[51.610037,72.091702],[51.439626,71.942206],[51.409516,71.806138]]],[[[56.98699,74.690497],[56.555675,74.683661],[56.387055,74.721381],[55.896007,74.660631],[55.529552,74.654853],[55.708995,74.522366],[55.232921,74.3758],[55.527354,74.346096],[55.622732,74.190172],[55.018891,74.173],[54.677989,74.068183],[54.725841,73.977932],[54.252778,73.915839],[53.868663,73.778713],[53.631114,73.759589],[54.073985,73.60871],[54.403575,73.641506],[54.541515,73.610989],[54.203624,73.50495],[54.277354,73.414781],[54.473888,73.390815],[55.020681,73.443549],[55.434906,73.332099],[55.772309,73.348049],[56.12086,73.290025],[56.578787,73.26081],[56.908458,73.314683],[57.253917,73.45718],[57.3296,73.573879],[57.569835,73.607367],[57.590587,73.703843],[57.945974,73.806586],[57.878429,73.934312],[58.108409,73.986151],[58.097423,74.059882],[58.38502,74.140082],[58.508311,74.217475],[58.728038,74.238593],[58.570486,74.388861],[59.091156,74.49494],[59.221446,74.615424],[59.601899,74.597235],[59.874766,74.628485],[59.933767,74.725287],[60.276378,74.749661],[60.560557,74.866278],[60.83253,75.152899],[61.107432,75.197659],[61.387055,75.299994],[62.048188,75.450344],[62.272797,75.44009],[63.029959,75.587714],[63.304373,75.588609],[63.610362,75.681098],[63.856456,75.669135],[65.216645,75.854193],[66.178559,75.961982],[66.68629,76.060248],[67.146495,76.104641],[67.912364,76.25849],[68.287934,76.281317],[68.343516,76.349921],[68.747325,76.510484],[68.930675,76.719387],[68.462901,76.966702],[67.588064,77.013373],[66.943533,76.948961],[66.409679,76.849189],[65.753429,76.682847],[65.610688,76.58039],[65.168956,76.475287],[64.825938,76.484198],[64.034516,76.315253],[63.719249,76.349677],[62.956798,76.206936],[62.77947,76.270697],[62.093761,76.253404],[61.636974,76.311957],[61.076915,76.279975],[60.83839,76.122992],[60.268077,76.110093],[60.048188,75.992662],[59.74879,75.930609],[59.398692,75.937445],[59.136892,75.865424],[58.259125,75.692857],[58.186697,75.588772],[57.56365,75.51968],[57.741059,75.327867],[57.046235,75.398139],[56.76059,75.287014],[56.88087,75.223293],[56.612559,75.10692],[56.371349,75.188178],[55.80836,75.156643],[55.946056,75.074042],[55.865001,75.003607],[56.542817,74.924872],[55.884939,74.846177],[55.937755,74.780707],[56.465994,74.799262],[56.626801,74.693549],[56.98699,74.690497]]],[[[53.231781,71.215888],[53.061046,71.238186],[52.741059,71.405829],[52.257823,71.348944],[52.254893,71.273261],[52.55836,71.24901],[52.772472,71.168036],[52.799815,71.092963],[53.121918,71.086127],[53.231781,71.215888]]],[[[51.346853,79.953315],[51.000987,80.102525],[50.552501,79.988023],[51.346853,79.953315]]],[[[50.081309,80.068061],[50.228526,80.22602],[49.898611,80.233954],[49.531261,80.158759],[50.081309,80.068061]]],[[[55.794932,80.642279],[56.927908,80.662991],[56.530447,80.787095],[55.7824,80.761135],[55.431651,80.71426],[55.794932,80.642279]]],[[[46.687266,80.529283],[46.992442,80.55272],[47.558116,80.74844],[48.063731,80.662421],[48.764008,80.659613],[48.654796,80.755194],[48.275157,80.830512],[47.536306,80.856676],[46.920746,80.748684],[45.094737,80.649156],[45.489024,80.524237],[46.070567,80.567288],[46.083995,80.439887],[46.480479,80.459703],[46.687266,80.529283]]],[[[62.221934,80.813218],[62.067719,80.879869],[60.563975,80.822821],[59.693858,80.837144],[59.229259,80.64411],[59.241954,80.529283],[59.636404,80.43122],[60.307384,80.495551],[61.044607,80.405178],[61.706228,80.59748],[62.072276,80.614163],[62.221934,80.813218]]],[[[58.130056,80.780748],[58.421235,80.748765],[58.934418,80.780748],[58.928884,80.882148],[58.1574,80.871243],[58.130056,80.780748]]],[[[55.76588,80.783677],[55.097016,80.902818],[54.406749,80.851467],[54.87672,80.721137],[55.76588,80.783677]]],[[[51.689301,80.727281],[50.724294,80.895453],[49.677257,80.853502],[49.003673,80.775702],[49.202891,80.693793],[49.631033,80.639594],[48.827403,80.497748],[48.414073,80.570258],[48.013357,80.546576],[48.202322,80.416002],[47.427989,80.322699],[47.088552,80.371649],[46.659516,80.274156],[47.101817,80.170315],[47.451345,80.239814],[47.929373,80.247138],[47.633149,80.117825],[48.443858,80.100816],[48.551768,80.158759],[49.107188,80.189521],[48.65447,80.317043],[48.839529,80.387844],[49.490408,80.363511],[49.816173,80.401028],[49.727794,80.49433],[50.121349,80.527086],[50.949555,80.53677],[51.174571,80.61815],[51.700938,80.676947],[51.689301,80.727281]]],[[[58.653656,81.043769],[58.069509,81.111518],[57.882823,81.030219],[58.253591,80.955146],[58.653656,81.043769]]],[[[57.336436,80.891791],[57.838145,80.853339],[58.2824,80.9265],[57.644542,81.024359],[56.944347,81.072455],[56.799327,81.027493],[57.336436,80.891791]]],[[[54.564138,80.995429],[55.404796,80.957587],[55.798839,80.854438],[56.668468,80.809231],[57.058767,80.69184],[57.562348,80.74844],[57.681326,80.816799],[56.652354,80.943549],[56.019216,81.043606],[55.576915,81.007148],[54.863048,81.084174],[54.564138,80.995429]]],[[[57.266124,81.426825],[57.797618,81.378892],[58.305675,81.376899],[58.399913,81.474189],[57.48227,81.533352],[57.013031,81.536811],[56.755056,81.449897],[57.266124,81.426825]]],[[[62.503673,81.652777],[63.467459,81.589057],[63.677582,81.694973],[62.765961,81.70661],[62.503673,81.652777]]],[[[58.295421,81.714179],[59.355642,81.753323],[59.214692,81.85871],[58.156098,81.830268],[58.295421,81.714179]]],[[[59.00172,79.980618],[59.206798,79.9289],[59.927257,79.994859],[59.529145,80.120917],[58.796397,80.043647],[59.00172,79.980618]]],[[[55.712087,80.103461],[55.948578,80.078437],[56.956798,80.066311],[57.138438,80.117825],[57.131033,80.306138],[55.989268,80.336656],[56.019054,80.18183],[55.712087,80.103461]]],[[[52.622895,80.183295],[53.489919,80.17182],[53.589854,80.242377],[53.341075,80.398993],[52.859548,80.405463],[52.568858,80.289496],[52.622895,80.183295]]],[[[57.528819,80.131415],[57.913097,80.184068],[58.194591,80.291327],[59.19337,80.378485],[58.452403,80.468085],[56.946056,80.481513],[57.274425,80.391547],[57.219737,80.241278],[57.528819,80.131415]]],[[[53.798025,80.472886],[54.239024,80.420152],[54.465099,80.481513],[54.269054,80.58869],[53.798025,80.472886]]],[[[60.256196,81.036363],[60.069998,80.979641],[60.987804,80.922024],[61.599783,81.031399],[61.679942,81.113715],[60.612804,81.092475],[60.256196,81.036363]]],[[[62.770518,80.885565],[62.616547,80.798082],[63.130707,80.683092],[64.425629,80.740871],[64.999766,80.808824],[65.445811,80.919623],[65.450043,81.022773],[65.229828,81.136705],[64.867931,81.193427],[64.422862,81.193834],[64.120372,81.093573],[64.036469,80.986884],[63.142263,80.971381],[62.770518,80.885565]]],[[[55.646821,81.200263],[56.240408,81.228217],[56.431163,81.174465],[57.047537,81.253241],[57.810802,81.274644],[57.688731,81.331122],[56.726248,81.397162],[56.335948,81.385199],[56.54477,81.254788],[55.834727,81.324774],[55.646821,81.200263]]],[[[58.563487,81.324408],[59.054373,81.287055],[59.300141,81.364203],[59.017914,81.403388],[58.563487,81.324408]]],[[[40.454926,64.581855],[40.228363,64.699897],[40.043224,64.700873],[40.194835,64.574164],[40.454926,64.581855]]]]},"properties":{"LOCATION_TYPE":"level1","ADM0_A3":"RUS","LOCATION_ID":"RUS-ARK","NAME":"Arkhangel'sk","TYPE_EN":"Region"}},
{"type":"Feature","geometry":{"type":"MultiPolygon","coordinates":[[[[78.502764,72.381907],[78.69683,72.180323],[79.418853,72.043406],[79.694908,72.057695],[80.217977,71.942482],[80.339107,71.889798],[80.036386,71.830758],[80.118759,71.67485],[79.868231,71.60165],[79.382679,71.614957],[79.333484,71.481115],[79.143108,71.421687],[79.244703,71.316732],[79.565201,71.277355],[79.954428,71.134108],[80.403186,71.091217],[80.55005,71.044449],[80.55191,70.900169],[80.679861,70.805394],[80.608031,70.71018],[80.752828,70.635224],[80.569067,70.460816],[80.176946,70.429552],[80.095091,70.353432],[79.63021,70.220701],[79.505256,70.11541],[79.208427,70.05283],[79.17122,69.978313],[78.912941,69.860904],[79.116442,69.73161],[79.585354,69.588285],[79.644472,69.491392],[79.854279,69.354527],[80.259835,69.355715],[80.734225,69.308121],[80.966872,69.209109],[81.323853,69.285642],[81.610657,69.286417],[81.625643,69.40951],[81.783153,69.428734],[81.929397,69.349307],[81.772198,69.232906],[81.893224,69.182677],[82.256923,69.156709],[82.480682,68.995143],[82.545897,68.840295],[83.015429,68.68387],[82.866601,68.627775],[82.535872,68.610748],[82.709608,68.414119],[82.680566,68.282757],[82.549618,68.179095],[82.394589,68.176614],[82.353558,67.943502],[82.059209,67.948463],[81.730547,67.907535],[81.881752,67.799273],[82.100343,67.724394],[82.109645,67.609],[82.386837,67.523605],[82.256096,67.409116],[82.352524,67.327984],[82.117293,67.243803],[83.16188,66.817989],[83.292828,66.663011],[83.078061,66.578882],[83.09098,66.459174],[83.262443,66.389436],[83.524649,66.172964],[83.296136,66.05832],[83.521238,65.908329],[83.518138,65.822494],[84.030975,65.793039],[84.290907,65.613153],[84.429917,65.5514],[84.550219,65.433422],[84.585566,65.311104],[84.523348,65.21341],[84.312818,65.098456],[84.386818,64.993863],[84.278918,64.940326],[84.470121,64.8902],[84.819764,64.930714],[84.967662,64.89144],[85.184393,64.750777],[85.61,64.827775],[85.858977,64.756358],[85.811951,64.656312],[85.916027,64.588487],[85.844507,64.501024],[85.950754,64.328529],[86.028062,64.279798],[85.934218,64.122753],[85.94817,64.053352],[85.533519,63.936718],[85.373115,63.808405],[85.333014,63.700789],[85.096749,63.534158],[85.276377,63.522376],[85.377869,63.466514],[85.410219,63.353188],[85.640592,63.374168],[85.46944,63.149195],[85.583955,63.053878],[85.518326,62.932567],[85.225217,62.801232],[85.090031,62.637986],[84.95774,62.592872],[84.860898,62.451227],[84.745556,62.410351],[84.435704,62.177962],[84.551253,62.001487],[84.520144,61.945056],[84.681064,61.815297],[84.919086,61.796538],[85.479568,61.627867],[85.956232,61.550042],[85.950444,61.464724],[85.643899,61.387597],[85.671185,61.289231],[84.648095,61.000721],[84.259591,60.855511],[84.355296,60.790915],[84.708349,60.458946],[84.781213,60.355954],[84.631868,60.205576],[84.610577,60.059177],[84.531306,59.974996],[84.691916,59.904819],[85.496311,59.89159],[85.968221,59.955876],[86.625442,59.950036],[87.084122,59.882753],[87.213623,59.685039],[87.491952,59.673619],[87.55386,59.640701],[87.878388,59.288991],[87.936266,59.26615],[88.585942,59.298655],[88.620255,59.198816],[88.825824,59.034536],[88.796679,59.010455],[88.382647,58.908911],[87.932235,58.526144],[88.014297,58.268278],[88.155684,58.106531],[88.687435,58.036561],[88.850835,57.960649],[89.328429,57.950003],[89.390647,57.877553],[89.354371,57.796292],[89.380415,57.637154],[89.166785,57.615812],[89.077178,57.514681],[88.861481,57.431689],[88.726399,57.222812],[88.64754,57.21165],[88.529615,57.095843],[88.720921,57.055329],[88.623976,56.832965],[88.721128,56.731654],[88.661183,56.636285],[88.516696,56.62657],[88.592453,56.443635],[88.913157,56.309819],[89.041005,56.304677],[89.056301,56.210109],[89.198721,56.134558],[89.329773,55.90217],[89.443357,55.876021],[89.362845,55.772539],[89.061572,55.692854],[88.682267,55.516043],[88.608774,55.44559],[88.759782,55.34409],[88.950158,55.28908],[88.966074,55.184771],[89.147355,55.076303],[89.200788,54.990391],[89.550018,55.046356],[89.657815,55.003077],[89.904001,55.086095],[90.129207,55.105216],[90.435545,55.016332],[90.458283,54.87076],[90.684832,54.904659],[90.714908,54.831175],[90.915309,54.791075],[90.854951,54.626743],[91.159015,54.487889],[91.209554,54.338234],[91.463906,54.056546],[91.465146,53.966034],[91.32655,53.816664],[91.333268,53.757649],[91.472381,53.567273],[91.469694,53.513892],[91.743992,53.446712],[91.846415,53.351938],[91.841247,53.288272],[91.659863,53.158487],[91.351148,53.077484],[91.407992,52.947053],[91.396313,52.867988],[91.241904,52.747478],[91.037989,52.660197],[90.700335,52.458194],[90.476589,52.183401],[90.581789,52.111807],[90.74364,52.063437],[90.839448,51.912439],[91.100517,51.942721],[91.180409,51.890115],[91.543074,51.900915],[91.616455,51.868979],[91.894164,51.852804],[91.986665,51.793609],[92.429532,51.801851],[92.505393,51.781439],[92.672824,51.839833],[92.844287,51.832444],[92.901234,51.895076],[93.074557,51.945253],[93.360431,52.129428],[93.678034,52.223841],[93.767641,52.371403],[93.773946,52.446153],[93.989333,52.585421],[94.139091,52.761018],[94.141262,52.831763],[94.29009,52.899975],[94.512299,52.910828],[94.603663,53.055263],[94.604179,53.175773],[94.690066,53.2244],[94.594464,53.315661],[94.739882,53.382737],[94.97563,53.405009],[95.041052,53.375915],[95.260367,53.456376],[95.380876,53.371885],[95.621792,53.448572],[95.767623,53.519524],[96.048329,53.45374],[96.185995,53.51539],[96.241495,53.613472],[96.417919,53.543192],[96.642298,53.54805],[96.684052,53.638535],[96.505149,53.684372],[96.405516,53.783307],[96.125947,53.972365],[96.079335,54.062747],[95.919034,54.155661],[95.678222,54.234158],[95.71667,54.387947],[95.896917,54.389342],[96.03882,54.558169],[96.351359,54.561941],[96.49502,54.510523],[96.564887,54.696868],[96.67258,54.805932],[96.711854,54.92657],[96.586177,55.019123],[96.684672,55.084907],[96.719916,55.264896],[96.918043,55.329517],[96.819961,55.557591],[96.752782,55.650712],[96.76012,55.746081],[96.960005,55.860932],[96.986463,56.018338],[97.125266,56.101744],[97.351919,56.051204],[97.440182,56.146754],[97.564929,56.189594],[97.591387,56.386688],[97.840674,56.393147],[97.868166,56.554843],[97.762333,56.559132],[97.76533,56.787955],[97.546635,56.793381],[97.468501,56.827436],[97.488758,56.963707],[97.354916,57.060548],[97.934002,57.811304],[97.986712,57.821897],[98.546161,57.791357],[98.767543,57.790685],[98.961639,57.723299],[99.079875,57.770428],[99.410914,57.795542],[99.497524,57.929023],[99.702783,58.085705],[99.793527,58.062503],[100.017286,58.081468],[100.079401,58.045088],[100.12932,57.866804],[100.275358,57.804844],[100.418708,57.541759],[100.637713,57.476647],[100.715641,57.412878],[100.911391,57.451506],[100.955316,57.555299],[100.801424,57.673017],[100.884623,57.769678],[100.845659,57.845462],[100.970509,57.870473],[101.137321,57.985376],[101.207911,58.141878],[101.297621,58.219289],[101.530888,58.225309],[101.678476,58.406668],[101.773561,58.45328],[102.161651,58.515602],[102.311099,58.642338],[102.519665,58.727888],[102.537338,58.896586],[102.438637,58.943741],[102.407011,59.067403],[102.454863,59.153134],[102.588498,59.203053],[102.75934,59.199436],[102.998809,59.315398],[103.082628,59.264393],[103.239311,59.283617],[103.246029,59.180057],[103.37522,59.034123],[103.692927,58.923225],[103.889504,58.902607],[103.948725,58.773881],[104.22013,58.757964],[104.373816,58.713264],[104.458151,58.602263],[104.78671,58.666264],[104.872493,58.718535],[104.759115,58.820493],[104.948251,58.958624],[105.353497,59.107917],[105.288075,59.264238],[105.195678,59.303306],[105.22534,59.429293],[104.985665,59.461125],[104.883242,59.525359],[104.798803,59.690879],[105.004888,59.765655],[105.035067,59.836038],[105.186376,59.858465],[105.377165,59.821672],[105.484755,60.021918],[105.423777,60.122945],[105.475764,60.253868],[104.889236,60.301694],[104.676226,60.399879],[104.52316,60.644903],[104.594474,60.735156],[104.459702,60.838767],[104.62858,60.890005],[104.571116,60.954833],[104.635195,61.036378],[104.83663,61.176163],[105.004578,61.197557],[104.904016,61.367546],[104.957242,61.39832],[105.253245,61.419921],[105.36745,61.529836],[105.550178,61.566268],[105.717609,61.649622],[105.941368,61.685382],[105.902198,61.834882],[106.218147,62.003167],[106.403873,62.030736],[106.442526,62.184783],[106.397258,62.314336],[106.479113,62.328521],[106.713931,62.487556],[106.725713,62.587705],[106.494823,62.691884],[106.434878,62.846707],[106.225279,62.893784],[106.125647,63.048245],[106.403252,63.113306],[106.368319,63.272391],[106.437566,63.31996],[106.661428,63.296654],[106.7253,63.374969],[106.516837,63.482999],[106.6914,63.636323],[106.629492,63.696784],[106.793409,63.842383],[106.679928,63.93062],[106.764367,63.995681],[107.052618,63.891759],[107.202377,63.956872],[107.372496,63.865508],[107.550262,63.857007],[107.679764,63.989221],[108.26288,63.995887],[108.320138,64.039037],[108.223606,64.203368],[108.026512,64.223522],[107.85567,64.181612],[107.569693,64.298608],[107.367535,64.2506],[106.877435,64.413795],[106.395191,64.442578],[106.203678,64.402581],[106.131848,64.480819],[105.802876,64.530118],[105.707791,64.652695],[105.872742,64.679515],[105.831918,64.759613],[105.946123,64.883508],[106.122753,64.904824],[105.972788,65.011794],[106.281503,65.1368],[106.453689,65.232969],[106.451415,65.313145],[106.63528,65.392908],[106.835577,65.378309],[106.939964,65.511247],[106.713104,65.548919],[106.630939,65.634805],[106.439529,65.661729],[106.471259,66.007392],[106.330389,66.154464],[106.171329,66.159218],[106.103322,66.378326],[106.321914,66.478888],[106.24936,66.581466],[106.24688,66.702208],[106.047408,66.788999],[106.043688,66.900775],[105.686707,66.93948],[105.540153,67.023403],[105.893826,67.04366],[106.054747,67.167167],[106.316643,67.209438],[106.492343,67.283826],[106.685199,67.253931],[106.802401,67.348241],[106.875162,67.839632],[106.895625,68.142611],[106.885497,68.865461],[106.152932,69.391139],[106.426817,69.56392],[106.604377,69.517204],[106.838575,69.518238],[107.123725,69.58751],[108.007289,69.704996],[108.148676,69.824782],[108.290579,69.85677],[108.871009,69.840285],[108.940979,69.789229],[109.236981,69.775896],[109.359764,69.838218],[109.509006,70.033452],[109.358007,70.069005],[109.277392,70.206516],[109.535464,70.26398],[109.601507,70.378185],[109.995488,70.416942],[110.116721,70.478024],[110.102768,70.631916],[110.488998,70.726019],[110.539434,70.80064],[110.902823,70.8079],[111.334941,70.855314],[111.522423,70.938616],[111.953301,70.982283],[112.026578,71.042253],[112.276692,71.01272],[112.57931,71.113696],[112.513164,71.26795],[111.996916,71.413574],[111.996089,72.132729],[111.817082,72.13167],[111.642829,72.274452],[111.085241,72.369588],[111.280991,72.478264],[111.210297,72.544513],[110.880602,72.58017],[110.701698,72.65045],[110.610644,72.781036],[110.627387,72.894517],[110.837297,72.945109],[110.881222,73.022882],[110.754925,73.17525],[110.57075,73.252532],[110.523104,73.404124],[110.817867,73.558947],[111.073045,73.582899],[110.907189,73.691852],[110.424571,73.607367],[109.713878,73.452582],[109.430837,73.452216],[109.221202,73.387112],[108.393321,73.317328],[108.374848,73.232408],[108.091645,73.246405],[107.722341,73.168524],[107.327403,73.158393],[107.035899,73.182196],[106.775564,73.141018],[106.359874,73.194281],[106.175629,73.094387],[106.25464,72.9672],[106.137049,72.910854],[105.75115,72.857082],[105.482595,72.768134],[105.29005,72.800279],[105.650645,72.911078],[105.833832,73.002265],[105.873709,73.114569],[106.009288,73.155097],[106.062755,73.273017],[106.232432,73.322821],[106.64796,73.306708],[106.881602,73.443549],[107.133556,73.530178],[107.146821,73.617662],[107.776866,73.616645],[108.094493,73.662665],[108.49171,73.772528],[108.624278,73.872504],[108.996104,74.01557],[109.481456,74.077216],[109.890147,74.197008],[109.999522,74.373725],[110.212087,74.372382],[110.499685,74.478217],[110.960216,74.548489],[111.465831,74.697333],[111.743826,74.663153],[111.952647,74.731431],[112.146821,74.878363],[112.879649,74.992906],[113.011567,75.067613],[113.605235,75.28498],[113.708181,75.463446],[113.336762,75.535102],[113.207042,75.650092],[112.878103,75.646674],[112.822927,75.738837],[112.517751,75.773749],[112.559093,75.851304],[113.261241,75.693549],[113.617442,75.656236],[113.890147,75.85399],[113.521169,75.930609],[113.459727,76.148383],[113.259288,76.266425],[112.97169,76.2237],[112.740408,76.267035],[112.670909,76.363105],[112.199067,76.471869],[111.555431,76.684149],[110.358572,76.755683],[110.061371,76.691596],[109.33253,76.75849],[108.684825,76.716457],[107.946056,76.737291],[107.98463,76.622707],[107.84547,76.534817],[107.591563,76.505032],[107.036388,76.507025],[106.612315,76.559638],[107.080333,76.808295],[107.469574,76.90644],[107.250499,77.007025],[106.829845,77.054674],[106.500011,77.021633],[106.164724,77.05622],[105.661388,76.980536],[105.797048,77.112616],[104.872569,77.090725],[104.878673,77.167426],[105.455821,77.240465],[105.983572,77.4383],[105.873709,77.56859],[105.334239,77.541002],[104.982188,77.589097],[104.678233,77.70954],[104.023285,77.7331],[103.59254,77.631578],[103.196625,77.658922],[102.889008,77.546332],[102.157725,77.402289],[101.788097,77.268866],[101.207042,77.098538],[101.206309,76.986029],[100.919281,76.975898],[100.864106,76.838039],[101.23463,76.767279],[101.035981,76.520209],[100.851085,76.540107],[100.229503,76.492255],[99.508556,76.468736],[98.874766,76.520941],[99.066173,76.353095],[99.555837,76.278998],[99.877778,76.095689],[99.754893,76.049018],[99.261485,76.129218],[99.17213,76.212388],[98.576182,76.231635],[98.165375,76.17829],[97.798595,76.09455],[97.84254,75.992377],[97.199229,75.993109],[96.830577,75.915432],[96.479828,76.015611],[96.076427,75.961575],[95.978689,76.033637],[96.110525,76.110663],[95.389822,76.164008],[95.255056,76.123196],[94.738536,76.115627],[93.685802,76.13227],[93.785004,76.041449],[93.210704,76.04328],[93.00587,75.944037],[93.518809,75.947984],[93.549815,75.853013],[92.007823,75.725775],[91.742931,75.73607],[91.6421,75.654364],[91.29127,75.628974],[90.863536,75.66828],[90.598888,75.611884],[89.954112,75.577623],[90.057872,75.519721],[89.722667,75.451483],[89.132335,75.452826],[88.611664,75.344224],[88.326182,75.234565],[88.314464,75.180854],[87.911876,75.100775],[87.587901,75.143012],[87.024587,75.164211],[86.898611,75.087714],[87.354259,75.043891],[87.385753,74.944322],[87.097179,74.862128],[87.081716,74.773017],[86.639171,74.697333],[85.937999,74.727973],[85.740408,74.635891],[86.193858,74.621975],[86.491466,74.566962],[86.475271,74.458197],[86.158539,74.357652],[86.02003,74.262519],[86.505626,74.255276],[86.802989,74.184027],[86.733572,74.12873],[86.997406,74.049791],[87.240082,73.860826],[87.430186,73.820258],[87.164806,73.611396],[86.203624,73.557847],[86.519786,73.672309],[87.010753,73.778713],[87.080089,73.871527],[86.783214,73.902248],[86.016124,73.866523],[85.604259,73.821926],[85.427013,73.7119],[85.007986,73.710395],[84.793224,73.764716],[84.365977,73.710273],[83.728038,73.695461],[83.483653,73.655463],[81.956879,73.662665],[81.529796,73.647773],[80.832205,73.571763],[80.574474,73.584174],[80.610037,73.448879],[80.349864,73.382554],[80.272716,73.30976],[80.528331,73.28148],[80.506196,73.078355],[80.750499,73.037746],[80.84197,72.922105],[80.632091,72.733791],[80.704112,72.545356],[80.834483,72.4737],[81.208181,72.354926],[81.586192,72.350653],[82.19809,72.281562],[82.299571,72.134467],[82.185069,72.093492],[82.786957,71.905463],[83.161794,71.884345],[83.360525,71.840644],[83.418712,71.747545],[83.628184,71.610907],[83.54127,71.497016],[83.382172,71.465033],[83.384939,71.382025],[83.147634,71.244818],[83.381847,71.03266],[83.774669,70.47663],[83.483897,70.335028],[82.951671,70.325141],[83.182953,70.138861],[83.111095,70.069485],[82.883067,70.089016],[82.673513,70.165595],[82.664073,70.260159],[83.010509,70.426581],[82.993175,70.571601],[83.137218,70.763983],[83.1338,70.882392],[82.688162,70.9619],[82.478689,70.804999],[82.445323,70.606513],[82.157237,70.571601],[82.235362,70.696112],[82.408376,70.790188],[82.203136,71.016262],[82.352794,71.096259],[82.29656,71.287299],[82.820079,71.391303],[82.985362,71.462836],[83.320486,71.683295],[82.867361,71.786444],[82.194347,71.70775],[81.736664,71.699897],[81.342296,71.764228],[81.249766,71.859198],[80.647227,72.034125],[80.834646,72.083319],[80.473969,72.152045],[80.010102,72.20775],[79.391449,72.385565],[78.502764,72.381907]]],[[[94.999197,76.273261],[94.492198,76.239081],[94.781016,76.18122],[94.999197,76.273261]]],[[[110.877731,73.767852],[111.295177,73.869127],[110.580821,73.9914],[110.021495,74.014472],[109.84254,73.891913],[109.557628,73.83397],[109.531098,73.775295],[109.799571,73.705064],[110.286876,73.705756],[110.663748,73.787258],[110.877731,73.767852]]],[[[79.562999,72.768256],[79.3685,73.034735],[79.140391,73.095404],[78.592296,72.862128],[78.909923,72.741278],[79.395274,72.704047],[79.562999,72.768256]]],[[[83.513438,74.121283],[83.180024,74.155178],[82.917491,74.130927],[83.392345,74.035793],[83.513438,74.121283]]],[[[85.53891,74.574408],[85.237478,74.575263],[85.166759,74.511868],[85.501313,74.464545],[85.53891,74.574408]]],[[[86.078461,74.555243],[85.790538,74.567613],[85.658458,74.471381],[86.113048,74.48725],[86.078461,74.555243]]],[[[82.239594,75.375678],[81.939626,75.3935],[81.492442,75.362047],[81.688487,75.277045],[82.239594,75.375678]]],[[[96.644054,76.267035],[96.28297,76.309272],[96.068126,76.280015],[95.313975,76.276597],[95.310557,76.201158],[95.891368,76.153632],[96.400564,76.155178],[96.346853,76.254706],[96.644054,76.267035]]],[[[111.958832,76.6022],[112.618012,76.458808],[112.528087,76.622707],[112.329356,76.657416],[111.958832,76.6022]]],[[[96.527354,77.205512],[95.704845,77.075141],[96.006602,76.985785],[96.477224,77.082221],[96.527354,77.205512]]],[[[89.68922,77.280585],[89.304373,77.307929],[89.134613,77.217719],[89.301216,77.147222],[89.746795,77.164424],[89.68922,77.280585]]],[[[107.704112,78.137152],[107.565115,78.187567],[106.477061,78.162502],[106.39503,78.130927],[107.573578,78.067572],[107.704112,78.137152]]],[[[105.415538,78.583441],[105.175059,78.809272],[104.499197,78.863756],[104.383149,78.988593],[104.073497,79.004828],[103.989106,79.130845],[103.349132,79.11636],[103.144298,79.057766],[102.639903,79.014228],[102.742931,79.15884],[103.138357,79.325141],[102.893728,79.381334],[102.302908,79.432807],[101.96461,79.292304],[101.309906,79.238756],[101.028087,79.123481],[101.02711,79.03144],[100.784923,78.895087],[100.254649,78.665351],[100.288585,78.592678],[100.000743,78.417711],[100.049653,78.343207],[99.522146,78.165269],[99.268321,78.041571],[99.514659,77.943549],[100.037283,77.961615],[101.01238,78.130357],[101.209809,78.193508],[102.865733,78.219143],[103.712576,78.256293],[104.188243,78.32685],[104.787364,78.336371],[105.357432,78.506252],[105.415538,78.583441]]],[[[77.613617,79.521918],[76.48227,79.643744],[76.174327,79.569078],[76.696056,79.477607],[77.613617,79.521918]]],[[[93.628184,79.933417],[92.648774,79.983791],[92.424327,80.030707],[91.782074,80.063788],[91.113617,80.048896],[91.26238,79.903022],[91.07252,79.850979],[92.099457,79.809882],[92.280772,79.771064],[91.921886,79.678941],[92.624766,79.672797],[93.052094,79.715277],[93.669932,79.831732],[93.628184,79.933417]]],[[[99.885997,79.04149],[99.583181,79.172797],[99.570567,79.272162],[99.748057,79.364244],[99.707205,79.569078],[100.022472,79.823554],[99.198985,80.049994],[98.577891,79.982571],[98.255626,79.87287],[97.768077,79.946479],[98.058849,80.031806],[97.592133,80.174872],[96.360037,80.0987],[95.502126,80.111477],[95.334727,80.028998],[94.935557,80.071275],[94.288341,79.898586],[94.690115,79.816107],[94.169444,79.775214],[93.785655,79.658515],[93.280284,79.552476],[93.748871,79.54385],[94.312266,79.479193],[94.364513,79.236884],[94.632335,79.127427],[95.01824,79.03852],[95.42213,79.106269],[95.932465,78.992906],[96.798513,78.989203],[97.263927,78.853013],[97.760753,78.808783],[98.927501,78.807318],[99.40561,78.822455],[99.877208,78.931138],[99.885997,79.04149]]],[[[79.806651,80.974311],[79.237804,80.953111],[78.986583,80.861029],[79.127615,80.806708],[80.326427,80.860541],[80.437185,80.940172],[79.806651,80.974311]]],[[[91.547211,81.153795],[91.454845,81.192613],[90.071544,81.214545],[89.996349,81.105292],[91.186209,81.05683],[91.547211,81.153795]]],[[[97.747081,80.741604],[97.788585,80.816636],[96.972992,80.906073],[96.554698,81.077379],[95.776622,81.288804],[95.103526,81.271308],[94.889659,81.144355],[93.052745,80.995429],[93.106944,80.920722],[92.718761,80.888007],[92.682384,80.755194],[92.888682,80.680487],[92.740489,80.513007],[91.918468,80.468411],[92.100108,80.404364],[91.472423,80.350409],[91.531993,80.28974],[92.107432,80.28974],[92.504893,80.15766],[93.694102,79.998114],[94.457774,80.094428],[95.033946,80.138251],[97.187999,80.233588],[97.205821,80.355618],[97.020763,80.525865],[97.19158,80.645331],[97.944102,80.700141],[97.747081,80.741604]]],[[[83.305109,70.805515],[83.147059,70.649909],[83.30476,70.644604],[83.469408,70.737735],[83.305109,70.805515]]]]},"properties":{"LOCATION_TYPE":"level1","ADM0_A3":"RUS","LOCATION_ID":"RUS-KYA","NAME":"Krasnoyarsk","TYPE_EN":"Territory"}},
{"type":"Feature","geometry":{"type":"Polygon","coordinates":[[[47.49643,45.565253],[47.470002,45.634838],[47.35404,45.684499],[47.296059,45.646258],[46.922232,45.577658],[46.906212,45.63675],[47.040158,45.965722],[47.169969,46.078376],[47.089043,46.118167],[46.845544,46.075534],[46.856293,46.244154],[46.504376,46.273817],[46.531145,46.337689],[46.663643,46.429001],[46.939699,46.431585],[46.930087,46.555557],[47.021967,46.63519],[47.149505,46.668263],[47.21348,46.742315],[47.12594,46.850681],[46.987861,46.86329],[46.912,46.979613],[46.800896,47.003643],[46.725758,47.089452],[46.511301,47.406435],[46.526494,47.434754],[46.788183,47.556632],[46.68452,47.627998],[46.449393,47.478136],[46.29705,47.437001],[46.116286,47.502424],[45.843331,47.719258],[45.707009,47.908394],[45.741012,48.00012],[45.67683,48.032314],[45.546915,47.997071],[45.404908,48.09169],[45.300625,48.097685],[45.136915,48.111844],[44.962558,48.208686],[44.933206,48.13546],[44.765981,48.058824],[44.662318,48.089261],[44.546666,48.063061],[44.540155,48.196903],[44.305854,48.255065],[44.314122,48.094119],[44.447654,48.049677],[44.466878,47.990249],[44.389053,47.868267],[44.082509,47.909014],[43.951457,47.756052],[43.822059,47.749747],[43.705167,47.683136],[43.633647,47.570378],[43.731522,47.476611],[43.799218,47.370649],[43.802319,47.282541],[43.939158,47.268898],[43.953317,47.364861],[44.109587,47.413695],[44.116822,47.533481],[44.228443,47.574642],[44.333966,47.475242],[44.327558,47.110768],[44.262446,46.900135],[43.930373,46.72273],[43.817098,46.588733],[43.927686,46.521037],[43.918384,46.415979],[43.785886,46.407452],[43.646049,46.215732],[43.55944,46.168862],[43.355628,46.17235],[43.080192,46.359755],[42.911831,46.435047],[42.787187,46.389417],[42.596811,46.410863],[42.409329,46.524938],[42.180919,46.577881],[42.034262,46.543258],[42.099581,46.407142],[42.2019,46.314486],[41.994987,46.301308],[41.914992,46.184649],[41.840061,46.152945],[41.72596,46.213562],[41.655783,46.105274],[41.712627,45.996004],[42.149707,45.948979],[42.177405,46.099099],[42.339669,46.107108],[42.317448,45.980811],[42.533456,45.997658],[42.671225,46.088402],[42.834626,46.155788],[42.905423,46.240279],[42.991412,46.179559],[43.237289,46.112431],[43.392525,46.016003],[43.568328,45.981018],[43.742271,45.978899],[43.87756,45.94549],[44.096978,45.773899],[44.148241,45.652511],[44.420989,45.52673],[44.706346,45.506008],[45.352509,45.243389],[45.586189,45.158303],[45.711866,45.013687],[45.705975,44.975782],[45.853667,45.000509],[46.433683,44.93656],[46.603492,44.885323],[46.88814,44.751868],[47.071462,44.785102],[47.146007,44.929104],[47.201182,44.970038],[47.29713,45.187445],[47.536469,45.507717],[47.49643,45.565253]]]},"properties":{"LOCATION_TYPE":"level1","ADM0_A3":"RUS","LOCATION_ID":"RUS-KL","NAME":"Kalmyk","TYPE_EN":"Republic"}},
{"type":"Feature","geometry":{"type":"MultiPolygon","coordinates":[[[[166.664399,54.756415],[166.64975,54.84455],[166.479015,54.943549],[166.250255,55.152289],[166.226329,55.250067],[166.287771,55.3039],[165.955577,55.364244],[165.800548,55.271918],[165.992931,55.22191],[166.082856,55.060614],[166.189301,54.953681],[166.356456,54.839545],[166.501964,54.780463],[166.664399,54.756415]]],[[[164.7069,58.976828],[164.558116,59.239691],[164.283051,59.113715],[163.966698,59.028561],[163.766327,58.872124],[163.779552,58.810402],[163.654378,58.690505],[163.585462,58.55789],[164.121247,58.780718],[164.407725,58.864895],[164.631874,58.865366],[164.7069,58.976828]]],[[[174.45357,61.814806],[174.468452,61.978801],[174.343705,62.04996],[174.116535,62.073834],[174.112194,62.188504],[174.015456,62.269274],[174.094831,62.344929],[174.079845,62.447041],[173.872416,62.44053],[173.797588,62.51789],[173.503859,62.53409],[172.85253,62.331493],[172.705045,62.402393],[172.416794,62.431538],[172.318816,62.403995],[172.054749,62.466523],[171.469565,62.312011],[171.217591,62.368545],[170.900608,62.279351],[170.381983,62.311132],[170.159361,62.341828],[170.086394,62.491948],[169.986141,62.54502],[170.009913,62.677389],[169.842481,62.655349],[169.656859,62.708886],[169.514439,62.813531],[169.126659,62.972539],[168.939177,62.943755],[168.510159,63.054084],[168.544472,63.126483],[168.79562,63.303087],[169.098547,63.439952],[169.205207,63.51571],[169.509168,63.583613],[169.582238,63.643402],[169.549372,63.810989],[169.364371,63.879822],[169.344423,63.949895],[169.079323,63.958732],[168.873548,64.020718],[168.777946,64.184506],[168.638317,64.211016],[168.498687,64.317366],[168.198137,64.338657],[168.025744,64.285999],[167.714135,64.340724],[167.497818,64.481026],[167.413689,64.481697],[167.236955,64.623653],[167.000277,64.549755],[166.806801,64.532935],[166.405998,64.600657],[166.198569,64.608977],[166.034548,64.559471],[165.74299,64.678791],[165.683975,64.753981],[165.329475,64.775478],[165.262709,64.850616],[165.020346,64.836663],[165.003706,64.689902],[164.797931,64.771602],[164.216364,64.9249],[163.872819,64.865395],[163.520283,64.931437],[163.345203,64.818473],[163.136947,64.770207],[163.246088,64.726799],[163.167126,64.559393],[163.344583,64.486555],[163.434293,64.373125],[163.255906,64.320674],[163.166609,64.190139],[162.94223,64.199622],[162.794229,64.148023],[162.841358,64.016506],[162.928794,63.95036],[162.88766,63.876954],[162.725913,63.836517],[162.754852,63.738461],[162.979231,63.620975],[162.95701,63.491112],[162.694597,63.39303],[162.743896,63.181518],[162.379887,63.118938],[162.2693,62.935022],[162.547526,62.844743],[162.672686,62.710488],[162.818724,62.697104],[162.708756,62.601476],[162.767874,62.50311],[162.736145,62.297386],[162.664314,62.261575],[162.403969,62.252764],[162.265372,62.128611],[162.511972,62.103393],[162.480036,61.963195],[162.311158,61.934204],[162.467737,61.820465],[162.43084,61.764344],[162.510459,61.65836],[162.765579,61.705107],[162.930675,61.675482],[162.907917,61.57991],[163.0447,61.517129],[163.112097,61.615926],[163.326549,61.657856],[163.343387,61.705686],[162.978398,61.809509],[163.147789,62.037638],[163.091487,62.226638],[163.231523,62.311399],[163.26705,62.521995],[163.625739,62.588707],[163.859362,62.604499],[164.055126,62.656096],[164.374631,62.690866],[164.597937,62.673065],[164.765658,62.558323],[165.170127,62.459197],[164.98842,62.403042],[164.73903,62.460367],[164.538313,62.45111],[164.418061,62.353483],[164.243578,62.327977],[164.127194,62.262379],[164.079599,62.090505],[164.094883,61.924336],[164.044815,61.683433],[163.866057,61.646524],[163.759494,61.479001],[163.952322,61.434516],[164.028819,61.346625],[163.932791,61.235297],[163.762573,61.186945],[163.487303,61.001664],[163.774263,60.91852],[163.69981,60.855588],[163.538863,60.858329],[163.345659,60.799292],[163.193658,60.805211],[162.888983,60.752484],[162.753673,60.645941],[162.501801,60.620795],[162.402517,60.560614],[162.206228,60.538031],[161.938555,60.416788],[161.897215,60.202961],[161.654186,60.089464],[161.532849,60.067615],[161.337901,59.945299],[161.283896,59.870534],[161.038585,59.751776],[160.804942,59.605373],[160.497325,59.552476],[160.446462,59.455268],[160.310313,59.346137],[160.16212,59.293769],[159.864431,59.14057],[159.729666,59.011298],[159.750743,58.925605],[159.496837,58.716457],[159.401622,58.678046],[159.023774,58.414781],[158.654796,58.269436],[158.334483,58.089179],[158.167979,58.020738],[157.947032,57.9831],[157.723155,58.024604],[157.586681,57.951117],[157.4699,57.803941],[157.241873,57.770494],[157.051036,57.80508],[156.981456,57.857123],[156.801036,57.773383],[156.930675,57.658433],[157.001288,57.425505],[156.831616,57.213451],[156.656261,57.075914],[156.385582,56.911754],[156.125255,56.832017],[155.924327,56.58454],[155.756033,56.106676],[155.686209,56.03913],[155.622813,55.639228],[155.551177,55.284205],[155.610037,54.894924],[155.728038,54.426825],[155.871349,54.071234],[155.935802,53.86518],[156.039224,53.370629],[156.111196,52.93542],[156.265726,52.598171],[156.431895,52.524604],[156.372775,52.404624],[156.439192,52.216031],[156.501231,51.775051],[156.480235,51.516547],[156.535492,51.289252],[156.721874,51.195482],[156.761545,51.077974],[156.719698,50.886454],[157.045909,51.123603],[157.263031,51.237738],[157.388504,51.351318],[157.446538,51.347898],[157.536876,51.48607],[157.759192,51.543983],[157.941417,51.672268],[158.02711,51.776109],[158.286876,51.967515],[158.286388,52.034247],[158.427013,52.184272],[158.390147,52.226223],[158.547699,52.296047],[158.519054,52.476874],[158.544932,52.631537],[158.59783,52.69245],[158.515636,52.746324],[158.628429,52.856879],[158.622569,52.927314],[158.41505,52.992743],[158.557953,53.070014],[158.673676,52.99494],[158.708669,52.891791],[159.003266,53.07685],[159.290782,53.173733],[159.381521,53.16177],[159.477712,53.229438],[159.632498,53.257148],[160.015636,53.115424],[160.017589,53.265204],[159.922374,53.283637],[159.969249,53.570299],[159.86671,53.694485],[159.844086,53.796942],[159.901541,53.981879],[160.052989,54.175727],[160.218923,54.242011],[160.420421,54.378363],[160.741222,54.535224],[161.066417,54.596829],[161.209972,54.570787],[161.31186,54.490139],[161.470225,54.51557],[161.753184,54.519761],[162.130147,54.772415],[162.153168,54.849921],[161.812981,55.179184],[161.747686,55.375954],[161.777081,55.608327],[162.019334,55.93125],[162.040212,56.045478],[162.1421,56.129055],[162.488218,56.216861],[162.59254,56.26849],[162.401189,56.369765],[162.499685,56.435452],[162.740187,56.479779],[162.909902,56.425691],[162.989949,56.533434],[163.116052,56.500504],[162.939921,56.38169],[162.753632,56.347036],[162.638025,56.220794],[162.821618,56.056199],[163.051208,56.005404],[163.111176,56.101508],[163.366069,56.180659],[163.338552,56.355292],[163.240977,56.593166],[163.280572,56.688012],[163.068517,56.741309],[162.967187,56.70356],[162.7835,56.763029],[162.789561,56.921861],[162.859851,57.051443],[162.785899,57.145453],[162.789017,57.32652],[162.833119,57.383312],[163.074834,57.461],[163.242885,57.594992],[163.32951,57.708945],[163.218942,57.813458],[163.00387,57.837528],[162.711599,57.966742],[162.529796,57.93651],[162.455539,57.784351],[162.21461,57.821723],[162.025564,57.928778],[161.993228,58.087392],[162.169868,58.405917],[162.405294,58.654445],[162.737581,58.820454],[162.816195,58.887224],[163.068549,58.968053],[163.077758,59.007594],[162.886567,59.113511],[163.012462,59.161444],[163.080577,59.271308],[163.312511,59.287543],[163.303071,59.433051],[163.168712,59.510565],[163.247406,59.587388],[163.390147,59.631537],[163.378184,59.814358],[163.50408,59.897895],[163.698009,59.904039],[163.651541,60.051663],[164.017345,60.035793],[164.164317,59.963446],[164.339122,59.991523],[164.320567,60.088609],[164.488536,60.111029],[164.723318,59.956773],[164.80714,59.789618],[165.01352,59.847968],[165.198578,60.005194],[165.129649,60.084174],[165.516124,60.21894],[165.721446,60.269721],[166.052257,60.453843],[166.392833,60.480414],[166.249685,60.383531],[166.287771,60.224677],[166.175304,60.120307],[166.109548,59.82746],[166.287771,59.84455],[167.048106,60.328437],[167.192149,60.355048],[168.096365,60.571479],[168.484711,60.598578],[168.624766,60.555609],[169.166515,60.567328],[169.350271,60.533189],[169.707774,60.399482],[169.746755,60.283026],[169.955821,60.059231],[170.118663,60.019273],[170.265147,59.920356],[170.400645,59.965644],[170.502289,60.272528],[170.665863,60.341132],[170.58074,60.433905],[170.790212,60.450629],[170.81072,60.512112],[171.179454,60.558905],[171.372406,60.643052],[171.406505,60.750474],[171.599864,60.737616],[171.663341,60.816718],[172.006847,60.855211],[172.242686,61.019843],[172.476085,61.055732],[172.386078,61.227444],[172.646739,61.191107],[172.768809,61.28559],[172.931326,61.351549],[172.715587,61.430732],[172.897146,61.472317],[173.128429,61.396959],[173.285899,61.465074],[173.291026,61.519477],[173.497081,61.571275],[173.473888,61.642808],[173.544607,61.749091],[173.801931,61.691799],[173.990977,61.714545],[174.138031,61.844631],[174.45357,61.814806]]]]},"properties":{"LOCATION_TYPE":"level1","ADM0_A3":"RUS","LOCATION_ID":"RUS-KAM","NAME":"Kamchatka","TYPE_EN":"Region"}},
{"type":"Feature","geometry":{"type":"Polygon","coordinates":[[[67.381196,68.792263],[67.235606,68.82038],[67.207205,68.80154],[67.333263,68.75849],[67.381196,68.792263]]]},"properties":{"LOCATION_TYPE":"level1","ADM0_A3":"RUS","LOCATION_ID":"RUS-X01~","NAME":null,"TYPE_EN":null}},
{"type":"Feature","geometry":{"type":"Polygon","coordinates":[[[57.408414,56.32912],[57.273538,56.304884],[57.21349,56.182049],[56.864054,56.1081],[56.729695,56.224062],[56.654558,56.220135],[56.40248,56.387411],[56.275253,56.305142],[56.073301,56.289484],[55.875794,56.436659],[55.548062,56.399503],[55.447706,56.340747],[54.968356,56.320439],[54.91823,56.391959],[54.531587,56.514897],[54.430197,56.342685],[54.352476,56.358524],[54.345758,56.252587],[54.117245,56.158226],[54.046758,56.057974],[53.837779,56.038647],[53.631693,55.906691],[53.759437,55.866203],[53.976375,55.852663],[54.176776,55.707039],[54.174502,55.623582],[53.996942,55.54431],[53.891005,55.381168],[53.722747,55.337656],[53.591386,55.211927],[53.418373,55.222004],[53.326906,55.166452],[53.146762,55.146557],[53.141077,55.098911],[53.269235,55.011965],[53.421887,54.982174],[53.578673,54.822184],[53.606888,54.728133],[53.347783,54.38159],[53.470463,54.045745],[53.59831,53.883275],[53.655774,53.75243],[53.877983,53.658017],[54.108357,53.416559],[54.30235,53.410487],[54.519598,53.359792],[54.558975,53.269695],[54.664085,53.235511],[54.801648,53.270754],[54.926601,53.219543],[54.955023,53.110454],[55.161832,52.823184],[55.263945,52.862458],[55.406675,52.837111],[55.411636,52.657613],[55.544858,52.541651],[55.545581,52.384942],[55.777609,52.343627],[55.889126,52.399076],[55.919202,52.49876],[56.077642,52.603611],[56.36517,52.523099],[56.444648,52.419591],[56.451366,52.308823],[56.193914,52.189011],[56.217168,52.132322],[56.495394,52.161519],[56.627479,52.117775],[56.68484,52.045299],[56.607636,51.829498],[56.748195,51.773403],[56.714606,51.720978],[56.780131,51.5922],[56.889685,51.624756],[56.875836,51.699015],[56.99924,51.728445],[57.035516,51.659689],[57.206669,51.575147],[57.37441,51.638605],[57.431565,51.725809],[57.620907,51.75896],[57.652636,51.86332],[57.783998,51.826191],[57.881873,51.845983],[57.981298,51.786245],[58.091679,51.794565],[58.235857,51.738393],[58.493722,51.762112],[58.576404,51.793066],[58.638933,52.016438],[58.694227,52.048761],[58.606067,52.180536],[58.690506,52.265286],[58.857007,52.263218],[58.827965,52.432717],[58.776599,52.525476],[58.812255,52.586661],[58.723682,52.645056],[58.777632,52.703708],[58.748797,52.835406],[58.900415,53.065909],[58.865069,53.319924],[58.868479,53.501799],[58.820937,53.595644],[58.906823,53.66582],[58.87282,53.758476],[58.906203,53.861571],[59.014104,53.958205],[59.162002,53.992906],[59.262564,54.13959],[59.344006,54.185065],[59.5442,54.196072],[59.693855,54.129099],[59.800516,54.242012],[59.666674,54.339681],[59.746255,54.447142],[59.679489,54.498147],[59.859737,54.603024],[59.974562,54.80141],[59.613757,54.866729],[59.404054,54.702553],[59.227837,54.611189],[59.061439,54.631859],[58.824658,54.572199],[58.613818,54.470267],[58.363704,54.547498],[58.206298,54.515071],[57.971377,54.392804],[57.742863,54.500601],[57.741727,54.583077],[57.594139,54.628656],[57.165121,54.81898],[57.243049,54.957059],[57.136906,55.092141],[57.233851,55.150303],[57.263616,55.261873],[57.517968,55.334039],[57.674857,55.300087],[58.030184,55.274766],[58.143976,55.208956],[57.964865,55.158597],[58.089302,55.020104],[58.14749,55.117411],[58.287946,55.17069],[58.364014,55.08439],[58.619502,54.94967],[58.815666,55.024859],[58.673556,55.188466],[58.796753,55.202781],[58.871993,55.32329],[58.980514,55.303291],[59.159211,55.331558],[59.201276,55.450104],[59.564871,55.49961],[59.446635,55.631953],[59.254812,55.614073],[59.295947,55.780472],[59.164999,55.789877],[59.228457,55.910567],[59.178435,55.990019],[59.268972,56.047897],[59.187943,56.127272],[59.026299,56.169388],[58.943514,56.065674],[58.746523,56.062754],[58.543021,56.163084],[58.307687,56.104534],[58.07938,56.141018],[57.907194,56.11549],[57.802085,56.15063],[57.537191,56.100194],[57.410791,56.235379],[57.408414,56.32912]]]},"properties":{"LOCATION_TYPE":"level1","ADM0_A3":"RUS","LOCATION_ID":"RUS-BA","NAME":"Bashkortostan","TYPE_EN":"Republic"}},
{"type":"Feature","geometry":{"type":"Polygon","coordinates":[[[57.408414,56.32912],[57.410791,56.235379],[57.537191,56.100194],[57.802085,56.15063],[57.907194,56.11549],[58.07938,56.141018],[58.307687,56.104534],[58.543021,56.163084],[58.746523,56.062754],[58.943514,56.065674],[59.026299,56.169388],[59.134613,56.205975],[59.122107,56.317235],[59.194351,56.351806],[59.349174,56.317906],[59.701297,56.306072],[59.788733,56.23264],[59.920818,56.26468],[60.239559,56.209179],[60.314799,56.238221],[60.584757,56.21352],[60.750845,56.237343],[60.908975,56.188095],[61.150304,56.217034],[61.084158,56.32571],[61.384915,56.366999],[61.53705,56.297443],[61.641954,56.319405],[61.816103,56.23941],[61.863542,56.180705],[62.071798,56.133525],[62.08265,56.291035],[62.252562,56.36271],[62.332971,56.469163],[62.542157,56.577736],[62.590216,56.52363],[63.001147,56.597993],[63.097782,56.568899],[63.358541,56.563369],[63.447735,56.609723],[63.766475,56.507972],[64.173272,56.468388],[64.219264,56.600835],[64.35662,56.652925],[64.336983,56.752712],[64.542138,56.808419],[64.825842,56.841079],[64.995444,56.768267],[65.140345,56.770127],[65.227264,56.860354],[65.101381,56.892032],[64.993687,57.041531],[64.991827,57.221314],[64.841655,57.446055],[64.93674,57.548581],[64.839278,57.64072],[65.427872,57.833938],[65.539597,57.779523],[65.702274,57.901272],[66.196611,58.032505],[66.001894,58.297475],[65.934508,58.614355],[65.668995,58.663293],[65.382294,58.919091],[65.184683,59.22331],[65.001645,59.33767],[64.32427,59.411206],[63.980002,59.405522],[63.825076,59.477042],[63.795517,59.791596],[63.589432,60.154985],[63.437503,60.158551],[63.197311,60.242008],[63.220048,60.300506],[63.090961,60.459617],[62.881154,60.639968],[62.759715,60.859438],[62.85976,61.001264],[62.620085,61.210734],[62.419684,61.305096],[61.933409,61.404108],[61.900232,61.433563],[61.165187,61.682747],[60.759423,61.703624],[60.430865,61.747084],[60.056624,61.721194],[59.987688,61.747084],[59.984277,61.902785],[59.779432,61.952343],[59.651894,61.936478],[59.485393,61.993271],[59.345143,61.856586],[59.348657,61.682178],[59.428445,61.506944],[59.317238,61.377288],[59.261014,61.222181],[59.358475,61.142857],[59.372945,60.970491],[59.457591,60.952972],[59.467719,60.807865],[59.385347,60.573512],[59.23931,60.480236],[59.168513,60.373705],[59.18846,60.277871],[58.9616,60.004942],[58.805021,59.862806],[58.675106,59.859241],[58.581882,59.715839],[58.451037,59.705038],[58.403081,59.552283],[58.310891,59.46805],[58.508398,59.440041],[58.669525,59.293229],[59.003458,59.230649],[59.175334,59.146519],[59.091102,59.021979],[59.181225,58.952991],[59.06578,58.884132],[59.08273,58.769333],[59.186393,58.710732],[59.387621,58.703291],[59.388551,58.590119],[59.45604,58.492761],[59.280547,58.412817],[59.202516,58.304607],[58.970592,58.199807],[58.868479,58.205491],[58.67831,58.1071],[58.60462,57.995633],[58.755825,57.848356],[58.864139,57.82722],[58.829825,57.726244],[58.579815,57.594366],[58.457755,57.587596],[58.436464,57.675963],[58.268103,57.669788],[57.995148,57.477319],[57.937994,57.331953],[58.038556,57.236507],[58.029874,57.099357],[57.868954,57.057965],[57.824616,56.974249],[57.559619,56.888311],[57.323044,56.919885],[57.218658,56.853016],[57.357564,56.681243],[57.37286,56.551975],[57.317463,56.373355],[57.408414,56.32912]]]},"properties":{"LOCATION_TYPE":"level1","ADM0_A3":"RUS","LOCATION_ID":"RUS-SVE","NAME":"Sverdlovsk","TYPE_EN":"Region"}},
{"type":"Feature","geometry":{"type":"Polygon","coordinates":[[[59.485393,61.993271],[59.651894,61.936478],[59.779432,61.952343],[59.984277,61.902785],[59.987688,61.747084],[60.056624,61.721194],[60.430865,61.747084],[60.759423,61.703624],[61.165187,61.682747],[61.900232,61.433563],[61.933409,61.404108],[62.419684,61.305096],[62.620085,61.210734],[62.85976,61.001264],[62.759715,60.859438],[62.881154,60.639968],[63.090961,60.459617],[63.220048,60.300506],[63.197311,60.242008],[63.437503,60.158551],[63.589432,60.154985],[63.795517,59.791596],[63.825076,59.477042],[63.980002,59.405522],[64.32427,59.411206],[65.001645,59.33767],[65.184683,59.22331],[65.382294,58.919091],[65.668995,58.663293],[65.934508,58.614355],[66.252008,58.614097],[66.380166,58.589086],[66.74066,58.669597],[66.785826,58.720421],[66.773733,58.929685],[66.951087,58.973197],[67.070873,58.924879],[67.263729,59.020377],[67.564486,59.092931],[67.74215,59.211942],[68.195352,59.241501],[68.358133,59.282919],[68.543444,59.550862],[68.843995,59.621322],[69.295233,59.782889],[69.077675,59.893218],[69.306085,59.988897],[69.501319,59.989181],[69.615627,59.904871],[70.154922,59.900013],[70.398525,59.817486],[70.79757,59.863013],[71.017195,59.822576],[71.193412,59.905078],[71.296455,59.799089],[71.777046,59.647677],[71.882155,59.572643],[71.999771,59.565822],[72.43716,59.303357],[72.453593,59.215094],[72.656888,59.106987],[72.863284,59.157371],[72.975629,59.098977],[72.966947,59.000068],[73.094588,58.94617],[73.032059,58.863126],[73.444127,58.817599],[73.620551,58.853643],[73.755839,58.809382],[73.999546,58.799615],[74.100108,58.739412],[74.743066,58.748094],[74.980881,58.718483],[75.159475,58.650219],[75.641616,58.982395],[75.686884,59.040066],[75.628387,59.23778],[75.843361,59.323253],[75.89514,59.426399],[76.007175,59.428414],[76.171713,59.542774],[76.44012,59.544583],[76.645482,59.585097],[76.656334,59.692739],[76.741497,59.7578],[76.757517,60.056722],[76.698606,60.117261],[76.84795,60.266141],[76.749352,60.346911],[76.779634,60.451814],[77.012695,60.52721],[76.97032,60.649115],[77.067575,60.726319],[77.136098,60.856131],[77.407503,60.811069],[77.702265,60.825176],[77.941114,60.74916],[78.164149,60.803137],[78.474415,60.777479],[78.674919,60.827967],[78.806487,60.77983],[79.168532,60.836597],[79.31364,60.79231],[79.359528,60.663584],[79.502569,60.68658],[79.853348,60.691903],[80.165371,60.663584],[80.413934,60.760633],[80.723476,60.796625],[81.017205,60.757248],[81.140505,60.636661],[81.497692,60.615474],[81.830385,60.644722],[82.138997,60.531964],[82.362446,60.600642],[82.407404,60.723012],[83.144207,61.028213],[83.503565,61.04723],[83.61622,60.981782],[83.997178,60.826107],[84.259591,60.855511],[84.648095,61.000721],[85.671185,61.289231],[85.643899,61.387597],[85.950444,61.464724],[85.956232,61.550042],[85.479568,61.627867],[84.919086,61.796538],[84.681064,61.815297],[84.520144,61.945056],[84.551253,62.001487],[84.435704,62.177962],[84.289047,62.276225],[84.236957,62.37671],[84.09588,62.375108],[83.798224,62.560264],[83.532917,62.524814],[83.310708,62.457015],[83.033516,62.529517],[83.009952,62.594681],[82.741027,62.680154],[82.732656,62.757229],[82.287929,62.775083],[82.073471,62.800043],[81.83979,62.691936],[81.600425,62.773068],[81.349174,62.821153],[81.194972,62.949646],[81.074669,63.11744],[80.584157,63.082558],[80.574441,63.018996],[80.07318,62.826191],[79.91474,62.792033],[79.820069,62.603724],[78.793051,62.615093],[78.379433,62.567757],[77.966539,62.477996],[77.889024,62.557267],[77.326991,62.710436],[77.132171,62.812962],[77.026234,62.975019],[76.622641,63.03778],[76.289432,62.950008],[76.240236,63.018841],[75.802743,63.113977],[75.6997,63.09124],[75.363597,63.107828],[74.914528,63.032019],[74.507422,63.043232],[74.241081,63.17201],[73.36806,63.206943],[73.28393,63.315025],[73.103786,63.436257],[72.907002,63.393288],[72.655028,63.280169],[72.160795,63.299237],[71.963701,63.197073],[71.805468,63.218881],[71.60796,63.185239],[71.5691,63.551418],[71.387612,63.674615],[70.913842,63.692392],[70.813177,63.821712],[70.637684,63.903232],[70.569677,64.015421],[70.754782,64.100222],[70.768942,64.19355],[70.472732,64.251608],[70.306851,64.343566],[69.999893,64.315894],[69.693142,64.399997],[69.389594,64.388525],[69.244074,64.465833],[69.014837,64.471827],[68.859187,64.435705],[68.990446,64.329614],[68.810612,64.221248],[68.425002,64.295972],[68.178609,64.176161],[67.935626,64.117585],[67.809329,64.032009],[67.679104,64.079035],[67.280679,64.080611],[67.170918,64.162854],[66.818692,64.225615],[66.795851,64.321294],[66.936307,64.487046],[66.681646,64.557455],[66.434012,64.515236],[66.146071,64.585929],[65.883452,64.568617],[65.399657,64.571356],[65.175898,64.445782],[64.995237,64.465885],[64.622237,64.438677],[64.444263,64.356227],[64.016176,64.357442],[63.895666,64.287136],[63.611446,64.268481],[63.417142,64.323878],[63.466648,64.450537],[63.214777,64.525958],[62.69915,64.492188],[62.532028,64.559987],[62.600448,64.645047],[62.802813,64.726282],[62.798989,64.847437],[62.678686,64.878056],[62.801469,65.05143],[62.816662,65.291571],[62.516526,65.338803],[62.373588,65.448874],[62.410589,65.515407],[62.278401,65.62292],[62.018468,65.717126],[61.881939,65.70183],[61.510592,65.500498],[61.263062,65.307384],[61.240531,65.191887],[61.106689,65.160829],[61.002819,65.060319],[60.830944,65.051378],[60.676534,64.912317],[60.304981,65.071429],[60.147368,65.064789],[59.647553,64.772429],[59.704087,64.667681],[59.484152,64.497252],[59.589262,64.467073],[59.633084,64.34367],[59.588435,64.232643],[59.838136,64.080068],[59.761448,63.995836],[59.584405,63.938268],[59.493764,63.610536],[59.292226,63.34218],[59.32964,63.273864],[59.231661,63.089069],[59.278067,62.970239],[59.483119,62.892389],[59.394132,62.731417],[59.526527,62.541351],[59.643729,62.510267],[59.564871,62.335007],[59.507407,62.306791],[59.404054,62.108044],[59.485393,61.993271]]]},"properties":{"LOCATION_TYPE":"level1","ADM0_A3":"RUS","LOCATION_ID":"RUS-KHM","NAME":"Khanty-Mansiy","TYPE_EN":"Autonomous Province"}},
{"type":"Feature","geometry":{"type":"Polygon","coordinates":[[[40.160164,53.342171],[39.917905,53.416223],[39.906846,53.498544],[39.740241,53.588254],[39.511521,53.525364],[39.523614,53.462318],[39.415403,53.413588],[39.161775,53.394571],[39.041473,53.5496],[38.895435,53.565206],[38.697204,53.500094],[38.761696,53.382039],[38.477269,53.310028],[38.595402,53.240316],[38.632712,53.123218],[38.594575,53.048545],[38.472929,53.041233],[38.306634,52.974079],[38.107679,53.059036],[37.912446,53.072626],[37.841029,53.008548],[37.79049,52.84525],[37.870691,52.771766],[37.77664,52.71854],[37.81271,52.648415],[37.727134,52.596893],[37.782841,52.508423],[37.910792,52.47287],[38.038433,52.344506],[37.947999,52.245597],[37.77757,52.161493],[37.747081,52.016903],[37.820772,51.91218],[37.996989,51.878953],[38.192119,51.91218],[38.298779,51.961015],[38.528842,52.02375],[38.697618,52.097751],[38.879932,52.092531],[38.994447,52.000702],[39.182343,52.098164],[39.447133,52.082196],[39.496639,51.972694],[39.834086,51.920164],[39.913047,51.979825],[40.08761,51.985018],[40.294626,51.95639],[40.503812,51.953522],[40.50681,52.02189],[40.63197,52.066486],[40.615847,52.12917],[40.696875,52.269626],[40.47663,52.373754],[40.3308,52.402952],[40.202952,52.511627],[40.067456,52.560513],[39.953148,52.654357],[39.979193,52.768821],[40.079859,52.804167],[40.070454,52.925297],[40.141457,53.071903],[40.106627,53.275663],[40.160164,53.342171]]]},"properties":{"LOCATION_TYPE":"level1","ADM0_A3":"RUS","LOCATION_ID":"RUS-LIP","NAME":"Lipetsk","TYPE_EN":"Region"}},
{"type":"Feature","geometry":{"type":"Polygon","coordinates":[[[40.160164,53.342171],[40.106627,53.275663],[40.141457,53.071903],[40.070454,52.925297],[40.079859,52.804167],[39.979193,52.768821],[39.953148,52.654357],[40.067456,52.560513],[40.202952,52.511627],[40.3308,52.402952],[40.47663,52.373754],[40.696875,52.269626],[40.615847,52.12917],[40.63197,52.066486],[40.50681,52.02189],[40.503812,51.953522],[40.734599,51.940396],[40.937688,51.890244],[40.891902,51.742604],[41.066052,51.710177],[41.268313,51.734956],[41.311308,51.793816],[41.556461,51.766711],[41.952199,51.656382],[42.247685,51.694494],[42.27373,51.600417],[42.489221,51.607703],[42.490358,51.692788],[42.64332,51.804022],[42.694066,51.966079],[42.805997,52.012226],[42.75153,52.173767],[42.996477,52.364659],[43.079572,52.402745],[43.011256,52.482223],[43.041642,52.560591],[43.236565,52.66123],[43.095179,52.821712],[42.905423,52.969687],[42.7475,53.022268],[42.354242,53.368216],[42.312177,53.440408],[42.093896,53.539833],[42.13441,53.812168],[41.748284,53.823485],[41.400088,53.783177],[41.348722,53.741139],[41.353683,53.556292],[41.174366,53.433741],[41.0213,53.4895],[40.839502,53.487485],[40.738423,53.559987],[40.501952,53.461078],[40.317467,53.356201],[40.160164,53.342171]]]},"properties":{"LOCATION_TYPE":"level1","ADM0_A3":"RUS","LOCATION_ID":"RUS-TAM","NAME":"Tambov","TYPE_EN":"Region"}},
{"type":"Feature","geometry":{"type":"Polygon","coordinates":[[[84.259591,60.855511],[83.997178,60.826107],[83.61622,60.981782],[83.503565,61.04723],[83.144207,61.028213],[82.407404,60.723012],[82.362446,60.600642],[82.138997,60.531964],[81.830385,60.644722],[81.497692,60.615474],[81.140505,60.636661],[81.017205,60.757248],[80.723476,60.796625],[80.413934,60.760633],[80.165371,60.663584],[79.853348,60.691903],[79.502569,60.68658],[79.359528,60.663584],[79.31364,60.79231],[79.168532,60.836597],[78.806487,60.77983],[78.674919,60.827967],[78.474415,60.777479],[78.164149,60.803137],[77.941114,60.74916],[77.702265,60.825176],[77.407503,60.811069],[77.136098,60.856131],[77.067575,60.726319],[76.97032,60.649115],[77.012695,60.52721],[76.779634,60.451814],[76.749352,60.346911],[76.84795,60.266141],[76.698606,60.117261],[76.757517,60.056722],[76.741497,59.7578],[76.656334,59.692739],[76.645482,59.585097],[76.44012,59.544583],[76.171713,59.542774],[76.007175,59.428414],[75.89514,59.426399],[75.843361,59.323253],[75.628387,59.23778],[75.686884,59.040066],[75.641616,58.982395],[75.159475,58.650219],[75.105214,58.581024],[75.304272,58.451058],[75.0801,58.353544],[75.2219,58.22208],[75.092915,58.110148],[75.54281,57.940856],[75.580534,57.675033],[75.727089,57.598862],[75.858554,57.399081],[75.992499,57.38487],[76.108667,57.250253],[76.802165,57.210048],[76.91854,57.187879],[78.444339,57.161317],[78.447646,57.121888],[79.589799,56.928567],[80.24857,56.45472],[80.310271,56.438623],[81.122315,56.532622],[81.214609,56.507559],[81.425552,56.373329],[81.55743,56.258272],[81.944384,56.339455],[82.342395,56.35563],[82.426525,56.39431],[82.828464,56.440535],[82.856473,56.532622],[82.995896,56.507869],[83.096045,56.549313],[83.251694,56.455624],[83.153922,56.381933],[83.137489,56.275738],[83.214384,56.212073],[83.127567,56.13169],[83.353497,55.969142],[83.40662,55.893462],[83.293345,55.85101],[83.223169,55.737012],[83.402899,55.735203],[83.56816,55.692699],[83.782721,55.882119],[83.909535,55.913177],[83.951083,56.004902],[84.196753,56.054822],[84.329044,55.987539],[84.410383,56.044073],[84.892937,56.169595],[85.009209,56.133396],[85.121244,56.215871],[85.254362,56.245146],[85.379316,56.212693],[85.687928,56.238841],[85.606486,56.324056],[85.784459,56.40617],[86.111571,56.496552],[86.217404,56.624193],[86.394241,56.549313],[86.706677,56.631892],[86.912969,56.555515],[87.129804,56.53996],[87.1667,56.675559],[87.396971,56.616028],[87.62042,56.639747],[87.77917,56.54797],[88.144419,56.71889],[88.418924,56.828521],[88.551836,56.786767],[88.623976,56.832965],[88.720921,57.055329],[88.529615,57.095843],[88.64754,57.21165],[88.726399,57.222812],[88.861481,57.431689],[89.077178,57.514681],[89.166785,57.615812],[89.380415,57.637154],[89.354371,57.796292],[89.390647,57.877553],[89.328429,57.950003],[88.850835,57.960649],[88.687435,58.036561],[88.155684,58.106531],[88.014297,58.268278],[87.932235,58.526144],[88.382647,58.908911],[88.796679,59.010455],[88.825824,59.034536],[88.620255,59.198816],[88.585942,59.298655],[87.936266,59.26615],[87.878388,59.288991],[87.55386,59.640701],[87.491952,59.673619],[87.213623,59.685039],[87.084122,59.882753],[86.625442,59.950036],[85.968221,59.955876],[85.496311,59.89159],[84.691916,59.904819],[84.531306,59.974996],[84.610577,60.059177],[84.631868,60.205576],[84.781213,60.355954],[84.708349,60.458946],[84.355296,60.790915],[84.259591,60.855511]]]},"properties":{"LOCATION_TYPE":"level1","ADM0_A3":"RUS","LOCATION_ID":"RUS-TOM","NAME":"Tomsk","TYPE_EN":"Region"}},
{"type":"Feature","geometry":{"type":"Polygon","coordinates":[[[53.631693,55.906691],[53.289078,55.85827],[53.276469,55.935346],[53.405454,56.022989],[53.563997,56.181067],[53.427158,56.276539],[53.260346,56.253879],[53.335587,56.156521],[53.273059,56.084691],[52.958246,56.252226],[52.945017,56.366069],[53.080099,56.526602],[52.934475,56.538126],[52.90812,56.415885],[52.733247,56.37842],[52.561991,56.259435],[52.711233,56.230367],[52.839183,56.163084],[52.655319,56.017821],[52.195398,56.077146],[52.242011,55.964543],[52.06445,55.896123],[51.937533,55.973716],[51.828599,55.917982],[51.632642,55.952296],[51.441853,55.924649],[51.399065,55.993637],[51.500557,56.082365],[51.436478,56.144429],[51.224398,56.099909],[51.07309,56.130528],[50.837238,56.248376],[50.907828,56.295996],[50.851191,56.390253],[50.705567,56.329921],[50.586091,56.366534],[50.497414,56.511021],[50.34962,56.669513],[50.072014,56.622746],[50.179914,56.549468],[50.024575,56.459552],[49.885048,56.441775],[49.764539,56.535929],[49.577677,56.504717],[49.557937,56.441491],[49.275887,56.353201],[49.037038,56.357852],[49.015748,56.232692],[48.834673,56.071746],[48.690083,56.067715],[48.694113,55.964646],[48.401005,55.887752],[48.412373,55.829357],[48.205358,55.693552],[48.025007,55.630455],[48.100765,55.545447],[47.973847,55.499507],[47.834114,55.3421],[47.702546,55.327941],[47.762594,55.214149],[47.913179,55.316159],[48.016635,55.276265],[48.07472,55.108368],[47.996275,54.968247],[47.803108,54.944812],[47.728798,54.83133],[47.487159,54.857582],[47.378535,54.832416],[47.37037,54.752576],[47.241902,54.677722],[47.366132,54.526801],[47.637434,54.565404],[47.753602,54.731285],[47.849514,54.704103],[48.085675,54.76627],[48.2899,54.73808],[48.469631,54.634185],[48.640577,54.659558],[48.827542,54.647827],[49.014404,54.79278],[49.117757,54.795493],[49.291183,54.883834],[49.475771,54.775417],[49.615504,54.562045],[49.746349,54.57424],[49.975172,54.509541],[50.077491,54.516466],[50.384243,54.48577],[50.519428,54.329759],[50.696885,54.426652],[50.948033,54.347587],[51.003843,54.539229],[51.168794,54.637285],[51.391313,54.601474],[51.513476,54.639301],[51.667575,54.567109],[51.935983,54.527628],[51.932675,54.436316],[52.099487,54.388463],[52.222684,54.444584],[52.481996,54.467167],[52.53853,54.37725],[52.771074,54.346967],[53.000931,54.271003],[52.951218,54.195762],[53.141387,54.076183],[53.258486,54.071351],[53.384473,53.97376],[53.470463,54.045745],[53.347783,54.38159],[53.606888,54.728133],[53.578673,54.822184],[53.421887,54.982174],[53.269235,55.011965],[53.141077,55.098911],[53.146762,55.146557],[53.326906,55.166452],[53.418373,55.222004],[53.591386,55.211927],[53.722747,55.337656],[53.891005,55.381168],[53.996942,55.54431],[54.174502,55.623582],[54.176776,55.707039],[53.976375,55.852663],[53.759437,55.866203],[53.631693,55.906691]]]},"properties":{"LOCATION_TYPE":"level1","ADM0_A3":"RUS","LOCATION_ID":"RUS-TA","NAME":"Tatarstan","TYPE_EN":"Republic"}},
{"type":"Feature","geometry":{"type":"Polygon","coordinates":[[[50.077491,54.516466],[49.975172,54.509541],[49.746349,54.57424],[49.615504,54.562045],[49.475771,54.775417],[49.291183,54.883834],[49.117757,54.795493],[49.014404,54.79278],[48.827542,54.647827],[48.640577,54.659558],[48.469631,54.634185],[48.2899,54.73808],[48.085675,54.76627],[47.849514,54.704103],[47.753602,54.731285],[47.637434,54.565404],[47.366132,54.526801],[47.241902,54.677722],[47.062998,54.690202],[46.869109,54.631704],[46.441331,54.772161],[46.533315,54.552588],[46.481845,54.499309],[46.543134,54.406343],[46.733716,54.384484],[46.71904,54.329552],[46.48815,54.284361],[46.379423,54.230514],[46.018308,54.189406],[45.879091,54.031276],[45.791552,54.003887],[45.957226,54.005386],[46.211991,53.908699],[46.192561,53.850253],[46.468306,53.654296],[46.493628,53.510894],[46.794798,53.408497],[46.905902,53.335324],[46.954478,53.191095],[46.91262,53.079189],[46.98321,52.771275],[46.852055,52.726033],[46.830661,52.616272],[46.917271,52.636684],[47.061862,52.570176],[47.435379,52.569763],[47.530774,52.610536],[47.730761,52.586713],[47.777477,52.680299],[47.917313,52.67477],[47.997825,52.754351],[48.252177,52.81011],[48.436971,52.780448],[48.539704,52.830264],[48.592518,52.919406],[48.521721,52.978214],[48.221584,52.998936],[48.148514,53.058674],[48.143553,53.161872],[48.034515,53.314627],[47.948526,53.358681],[48.05684,53.476064],[48.37558,53.471181],[48.331345,53.624479],[48.456402,53.66582],[48.491128,53.770517],[48.874257,53.716437],[49.029287,53.857178],[49.299244,53.83997],[49.413656,53.86834],[49.624496,53.814623],[49.957189,53.906787],[49.9791,53.96575],[50.197381,54.038149],[50.256189,54.304903],[50.205649,54.418074],[50.077491,54.516466]]]},"properties":{"LOCATION_TYPE":"level1","ADM0_A3":"RUS","LOCATION_ID":"RUS-ULY","NAME":"Ul'yanovsk","TYPE_EN":"Region"}},
{"type":"Feature","geometry":{"type":"Polygon","coordinates":[[[42.13441,53.812168],[42.093896,53.539833],[42.312177,53.440408],[42.354242,53.368216],[42.7475,53.022268],[42.905423,52.969687],[43.095179,52.821712],[43.236565,52.66123],[43.041642,52.560591],[43.011256,52.482223],[43.079572,52.402745],[43.19295,52.462328],[43.352734,52.392513],[43.532051,52.426309],[43.747025,52.433441],[44.043958,52.349518],[44.346679,52.316135],[44.421919,52.415819],[44.539122,52.432149],[44.500261,52.521213],[44.872538,52.434009],[44.909642,52.377527],[45.071906,52.376855],[45.139912,52.420522],[45.264349,52.392255],[45.43147,52.400497],[45.644377,52.518552],[45.717034,52.470803],[45.980584,52.407163],[45.971489,52.485634],[46.288782,52.671876],[46.516158,52.695027],[46.713046,52.627899],[46.830661,52.616272],[46.852055,52.726033],[46.98321,52.771275],[46.91262,53.079189],[46.954478,53.191095],[46.905902,53.335324],[46.794798,53.408497],[46.493628,53.510894],[46.468306,53.654296],[46.192561,53.850253],[46.211991,53.908699],[45.957226,54.005386],[45.791552,54.003887],[45.646237,53.930223],[45.339279,53.884877],[45.176189,53.978773],[44.88277,53.969058],[44.616533,53.891543],[44.614672,53.83134],[44.729498,53.699668],[44.533851,53.66427],[44.4275,53.723388],[44.313606,53.701219],[44.206222,53.760336],[44.099355,53.735635],[43.87694,53.809687],[43.932957,53.861777],[43.751779,53.963218],[43.527814,54.014636],[43.425081,53.98854],[43.181582,54.001097],[43.106341,53.909216],[43.17042,53.839246],[42.939839,53.801083],[42.630918,53.807595],[42.512992,53.737237],[42.307733,53.847463],[42.13441,53.812168]]]},"properties":{"LOCATION_TYPE":"level1","ADM0_A3":"RUS","LOCATION_ID":"RUS-PNZ","NAME":"Penza","TYPE_EN":"Region"}},
{"type":"Feature","geometry":{"type":"Polygon","coordinates":[[[88.623976,56.832965],[88.551836,56.786767],[88.418924,56.828521],[88.144419,56.71889],[87.77917,56.54797],[87.62042,56.639747],[87.396971,56.616028],[87.1667,56.675559],[87.129804,56.53996],[86.912969,56.555515],[86.706677,56.631892],[86.394241,56.549313],[86.217404,56.624193],[86.111571,56.496552],[85.784459,56.40617],[85.606486,56.324056],[85.687928,56.238841],[85.379316,56.212693],[85.254362,56.245146],[85.121244,56.215871],[85.009209,56.133396],[84.892937,56.169595],[84.410383,56.044073],[84.528619,56.041903],[84.566549,55.961417],[84.506294,55.868218],[84.605616,55.840726],[84.565619,55.708848],[84.709279,55.661771],[84.770981,55.539814],[84.730984,55.391167],[84.875471,55.388532],[84.822554,55.246241],[84.915778,55.165264],[84.882602,54.985275],[85.076079,54.868279],[84.954536,54.744462],[85.043316,54.662323],[84.948335,54.604109],[85.079386,54.469389],[85.160001,54.487165],[85.434817,54.211549],[85.57703,54.231832],[85.810814,54.126206],[85.943829,54.039906],[86.117462,54.000218],[86.291715,53.876247],[86.40561,53.750931],[86.454806,53.61404],[86.72342,53.484074],[86.933536,53.45312],[86.983456,53.407438],[86.70523,53.19634],[86.943252,53.079525],[87.07699,53.07521],[87.026141,52.921008],[86.944492,52.862407],[87.07358,52.716783],[87.175072,52.706034],[87.173212,52.611621],[87.334029,52.597513],[87.370306,52.518268],[87.578872,52.487339],[87.635509,52.449796],[87.92376,52.547594],[88.200953,52.415922],[88.413239,52.455145],[88.418304,52.350681],[88.363113,52.298694],[88.364767,52.168005],[88.688055,52.256681],[88.676066,52.352464],[88.944576,52.487959],[89.115109,52.6264],[89.043175,52.678129],[89.235618,52.810033],[89.118209,52.919974],[88.89507,52.98736],[89.049066,53.130452],[89.050616,53.249437],[88.895174,53.386612],[88.833886,53.584611],[89.011239,53.679359],[89.018267,53.74225],[89.260423,53.834802],[89.072734,53.952573],[88.981473,54.065227],[89.187249,54.147393],[89.218565,54.242529],[89.129165,54.350481],[89.004314,54.290123],[88.954808,54.369162],[88.797712,54.407067],[88.560827,54.287746],[88.518556,54.416059],[88.602995,54.521685],[88.612607,54.696868],[88.753064,54.804562],[88.546668,55.023205],[88.549975,55.083356],[88.396496,55.279003],[88.608774,55.44559],[88.682267,55.516043],[89.061572,55.692854],[89.362845,55.772539],[89.443357,55.876021],[89.329773,55.90217],[89.198721,56.134558],[89.056301,56.210109],[89.041005,56.304677],[88.913157,56.309819],[88.592453,56.443635],[88.516696,56.62657],[88.661183,56.636285],[88.721128,56.731654],[88.623976,56.832965]]]},"properties":{"LOCATION_TYPE":"level1","ADM0_A3":"RUS","LOCATION_ID":"RUS-KEM","NAME":"Kemerovo","TYPE_EN":"Region"}},
{"type":"Feature","geometry":{"type":"Polygon","coordinates":[[[37.841029,53.008548],[37.787389,53.088853],[37.561253,53.168822],[37.568281,53.289047],[37.327159,53.303207],[37.196934,53.250703],[37.088207,53.280004],[36.807294,53.296618],[36.666837,53.415861],[36.535166,53.391367],[36.398016,53.428522],[36.220249,53.570296],[36.098293,53.555853],[36.009616,53.618278],[35.910604,53.644039],[35.765807,53.519111],[35.637133,53.543192],[35.422055,53.404337],[35.355703,53.284241],[35.205118,53.272149],[35.103522,53.310777],[35.122332,53.186263],[35.18207,53.101617],[35.313948,53.06565],[35.156542,52.96948],[34.966993,52.970255],[34.804935,52.868194],[35.091533,52.697972],[35.010608,52.614153],[34.989627,52.510542],[34.832944,52.424036],[34.896816,52.353239],[35.123676,52.334635],[35.39632,52.41401],[35.57171,52.387397],[35.637029,52.33231],[35.892621,52.274484],[36.356985,52.365796],[36.552322,52.215314],[36.729366,52.176195],[36.820213,52.120281],[37.15828,52.07199],[37.353514,51.936158],[37.480741,52.009487],[37.65179,51.971143],[37.747081,52.016903],[37.77757,52.161493],[37.947999,52.245597],[38.038433,52.344506],[37.910792,52.47287],[37.782841,52.508423],[37.727134,52.596893],[37.81271,52.648415],[37.77664,52.71854],[37.870691,52.771766],[37.79049,52.84525],[37.841029,53.008548]]]},"properties":{"LOCATION_TYPE":"level1","ADM0_A3":"RUS","LOCATION_ID":"RUS-ORL","NAME":"Orel","TYPE_EN":"Region"}},
{"type":"Feature","geometry":{"type":"Polygon","coordinates":[[[108.026512,64.223522],[108.223606,64.203368],[108.320138,64.039037],[108.26288,63.995887],[107.679764,63.989221],[107.550262,63.857007],[107.372496,63.865508],[107.202377,63.956872],[107.052618,63.891759],[106.764367,63.995681],[106.679928,63.93062],[106.793409,63.842383],[106.629492,63.696784],[106.6914,63.636323],[106.516837,63.482999],[106.7253,63.374969],[106.661428,63.296654],[106.437566,63.31996],[106.368319,63.272391],[106.403252,63.113306],[106.125647,63.048245],[106.225279,62.893784],[106.434878,62.846707],[106.494823,62.691884],[106.725713,62.587705],[106.713931,62.487556],[106.479113,62.328521],[106.397258,62.314336],[106.442526,62.184783],[106.403873,62.030736],[106.218147,62.003167],[105.902198,61.834882],[105.941368,61.685382],[105.717609,61.649622],[105.550178,61.566268],[105.36745,61.529836],[105.253245,61.419921],[104.957242,61.39832],[104.904016,61.367546],[105.004578,61.197557],[104.83663,61.176163],[104.635195,61.036378],[104.571116,60.954833],[104.62858,60.890005],[104.459702,60.838767],[104.594474,60.735156],[104.52316,60.644903],[104.676226,60.399879],[104.889236,60.301694],[105.475764,60.253868],[105.423777,60.122945],[105.484755,60.021918],[105.377165,59.821672],[105.186376,59.858465],[105.035067,59.836038],[105.004888,59.765655],[104.798803,59.690879],[104.883242,59.525359],[104.985665,59.461125],[105.22534,59.429293],[105.195678,59.303306],[105.288075,59.264238],[105.353497,59.107917],[104.948251,58.958624],[104.759115,58.820493],[104.872493,58.718535],[104.78671,58.666264],[104.458151,58.602263],[104.373816,58.713264],[104.22013,58.757964],[103.948725,58.773881],[103.889504,58.902607],[103.692927,58.923225],[103.37522,59.034123],[103.246029,59.180057],[103.239311,59.283617],[103.082628,59.264393],[102.998809,59.315398],[102.75934,59.199436],[102.588498,59.203053],[102.454863,59.153134],[102.407011,59.067403],[102.438637,58.943741],[102.537338,58.896586],[102.519665,58.727888],[102.311099,58.642338],[102.161651,58.515602],[101.773561,58.45328],[101.678476,58.406668],[101.530888,58.225309],[101.297621,58.219289],[101.207911,58.141878],[101.137321,57.985376],[100.970509,57.870473],[100.845659,57.845462],[100.884623,57.769678],[100.801424,57.673017],[100.955316,57.555299],[100.911391,57.451506],[100.715641,57.412878],[100.637713,57.476647],[100.418708,57.541759],[100.275358,57.804844],[100.12932,57.866804],[100.079401,58.045088],[100.017286,58.081468],[99.793527,58.062503],[99.702783,58.085705],[99.497524,57.929023],[99.410914,57.795542],[99.079875,57.770428],[98.961639,57.723299],[98.767543,57.790685],[98.546161,57.791357],[97.986712,57.821897],[97.934002,57.811304],[97.354916,57.060548],[97.488758,56.963707],[97.468501,56.827436],[97.546635,56.793381],[97.76533,56.787955],[97.762333,56.559132],[97.868166,56.554843],[97.840674,56.393147],[97.591387,56.386688],[97.564929,56.189594],[97.440182,56.146754],[97.351919,56.051204],[97.125266,56.101744],[96.986463,56.018338],[96.960005,55.860932],[96.76012,55.746081],[96.752782,55.650712],[96.819961,55.557591],[96.918043,55.329517],[96.719916,55.264896],[96.684672,55.084907],[96.586177,55.019123],[96.711854,54.92657],[96.67258,54.805932],[96.564887,54.696868],[96.49502,54.510523],[96.351359,54.561941],[96.03882,54.558169],[95.896917,54.389342],[95.71667,54.387947],[95.678222,54.234158],[95.919034,54.155661],[96.079335,54.062747],[96.125947,53.972365],[96.405516,53.783307],[96.505149,53.684372],[96.684052,53.638535],[96.742757,53.711037],[96.874945,53.729072],[97.135188,53.613007],[97.328354,53.596367],[97.44783,53.461492],[97.698771,53.378913],[97.971519,53.351628],[98.030844,53.252615],[98.279511,53.225692],[98.303178,53.103736],[98.615201,53.107508],[98.697883,53.154844],[99.055691,53.103787],[98.989338,53.034489],[99.249787,52.953822],[99.378978,53.112779],[99.690174,53.131951],[99.805206,53.190164],[99.878173,53.299383],[100.079814,53.300313],[100.260475,53.37483],[100.401035,53.234219],[100.362691,53.136757],[100.606397,52.94359],[100.826849,52.856464],[100.85248,52.810653],[101.030867,52.769105],[101.475595,52.571107],[101.687571,52.460622],[101.9104,52.317091],[101.963213,52.222446],[102.045689,52.212188],[102.188006,52.275828],[102.320401,52.231334],[102.394815,52.259033],[102.542093,52.227613],[102.573512,52.149065],[102.672937,52.098422],[102.777014,51.984553],[103.064748,51.882673],[103.221638,51.78826],[103.181434,51.620829],[103.335016,51.434199],[103.576345,51.479235],[103.689723,51.460167],[103.818707,51.38782],[103.813746,51.131866],[104.09807,51.218166],[104.212378,51.281108],[104.494222,51.308961],[104.609357,51.268292],[104.670025,51.399163],[104.628684,51.443372],[104.649871,51.622431],[105.123124,51.73108],[105.461191,51.863346],[105.751509,52.030985],[105.991598,52.220947],[106.198304,52.440184],[108.040982,53.192722],[108.060826,53.205125],[108.423491,53.783177],[109.007331,54.424947],[109.022111,54.493625],[108.670918,54.546878],[108.640429,54.60106],[108.716083,54.78508],[108.690348,55.062324],[108.782229,55.169501],[108.77272,55.237275],[108.651281,55.313187],[108.622238,55.455892],[108.771377,55.623272],[108.854059,55.866254],[108.959996,55.94134],[109.180034,55.913022],[109.105,56.021671],[108.991208,56.03968],[108.928886,56.148201],[108.798972,56.257393],[108.571182,56.293618],[108.557023,56.345657],[108.718563,56.499446],[108.69903,56.582903],[108.92961,56.588174],[109.143137,56.676076],[109.313669,56.671735],[109.410201,56.734935],[109.665276,56.694266],[109.780411,56.711112],[109.886864,56.890869],[109.988977,56.969029],[110.399081,56.921229],[110.531889,56.846711],[110.752548,56.8741],[110.883082,56.834051],[110.998114,56.857718],[111.133713,56.814749],[111.363156,56.894822],[111.336698,56.950013],[111.462478,57.102458],[111.620195,57.094991],[111.62805,57.016313],[111.854289,56.913271],[112.109571,56.94438],[112.234938,56.877717],[112.443917,56.862989],[112.662095,56.95965],[112.762037,56.752531],[112.885544,56.696695],[113.3558,56.626363],[113.546796,56.67158],[113.803007,56.602437],[113.86967,56.532622],[114.01023,56.545334],[114.127225,56.675972],[114.289283,56.692018],[114.498469,56.670856],[114.795298,56.709717],[114.850695,56.836686],[115.050373,56.990734],[115.085927,57.118581],[115.449935,57.097032],[115.697776,57.136668],[115.852185,57.240072],[116.155732,57.228548],[116.170305,57.14137],[116.047625,57.082201],[115.804849,57.0313],[115.710798,56.9635],[115.860246,56.932443],[116.122039,56.812657],[116.361611,56.847331],[116.629088,56.748526],[116.81502,56.726202],[117.179546,56.865987],[117.570839,56.851207],[117.5758,56.934716],[117.672539,56.977504],[117.676569,57.065819],[117.600915,57.14969],[117.723388,57.187052],[117.794288,57.287408],[117.597091,57.321153],[117.426972,57.263688],[117.25706,57.508996],[117.282278,57.617155],[117.140375,57.668418],[117.128283,57.84156],[117.312974,57.847038],[117.368061,57.934164],[117.374572,58.060901],[117.437721,58.1518],[117.587789,58.184304],[117.470897,58.303987],[117.683804,58.397986],[118.142071,58.385894],[118.317357,58.352511],[118.405104,58.261509],[118.630413,58.175157],[118.784099,58.212829],[119.10811,58.2227],[119.070386,58.34122],[119.132398,58.472349],[118.821202,58.574254],[118.892929,58.81641],[118.795364,58.934646],[118.840323,59.015597],[118.707204,59.063837],[118.688704,59.191452],[118.839703,59.300412],[118.733869,59.419784],[118.407274,59.512337],[118.335961,59.595639],[118.058252,59.582643],[117.906013,59.443865],[117.778579,59.528331],[117.597505,59.472313],[117.352352,59.497351],[117.089318,59.588404],[117.190398,59.646385],[117.228225,59.798314],[117.065134,59.90792],[117.296334,60.018921],[117.076606,60.029153],[116.95434,60.168576],[116.721589,60.266244],[116.582373,60.359934],[116.075427,60.406907],[115.686303,60.526228],[115.394745,60.487058],[115.112178,60.394557],[115.006758,60.268518],[114.835916,60.190383],[114.697113,60.219219],[114.540223,60.102068],[114.545494,59.985434],[114.309023,59.878878],[114.161228,59.747723],[114.030177,59.681112],[113.84931,59.681577],[113.77934,59.608558],[113.591754,59.565202],[113.604983,59.499056],[113.435175,59.402266],[113.464734,59.266305],[113.264229,59.156855],[113.152194,59.164451],[112.727621,59.083422],[112.554401,59.0334],[112.612486,58.95449],[112.451152,58.924001],[112.465208,59.167758],[112.631089,59.310489],[112.435442,59.326302],[112.217885,59.500399],[111.932527,59.271886],[111.775844,59.275762],[111.625259,59.207342],[111.470127,59.267287],[111.316338,59.257469],[111.163789,59.189411],[110.71348,59.258916],[110.580362,59.190806],[110.589353,59.131326],[110.470911,59.033555],[110.286633,58.985237],[110.119305,58.98038],[109.63644,59.065956],[109.498774,59.294366],[109.26778,59.315966],[109.269434,59.449085],[109.517378,59.629642],[109.503735,59.763846],[109.650393,59.870558],[109.763874,60.026982],[109.694421,60.128578],[109.740516,60.233481],[109.916836,60.450574],[110.116204,60.587052],[110.056776,60.673868],[110.268443,60.70198],[110.239711,60.830964],[110.458405,60.988267],[110.516696,61.091207],[110.48135,61.159213],[110.168811,61.164071],[110.094397,61.262643],[109.7924,61.325198],[109.851311,61.557277],[109.620007,61.718094],[109.597786,61.870436],[109.819271,62.007688],[109.999519,62.163544],[109.995695,62.277543],[109.91818,62.40632],[109.556652,62.431435],[109.305918,62.483628],[109.512003,62.776634],[109.614426,62.873734],[109.465391,62.949646],[109.452989,63.148962],[109.215484,63.441813],[109.052703,63.549067],[108.857056,63.536949],[108.547101,63.598961],[108.159631,63.562891],[108.111985,63.616737],[108.265051,63.672651],[108.279417,63.796416],[108.686834,63.795383],[108.766416,63.860443],[108.735203,63.977129],[108.495011,64.115725],[108.532735,64.227501],[108.467519,64.28171],[108.026512,64.223522]]]},"properties":{"LOCATION_TYPE":"level1","ADM0_A3":"RUS","LOCATION_ID":"RUS-IRK","NAME":"Irkutsk","TYPE_EN":"Region"}},
{"type":"Feature","geometry":{"type":"Polygon","coordinates":[[[88.608774,55.44559],[88.396496,55.279003],[88.549975,55.083356],[88.546668,55.023205],[88.753064,54.804562],[88.612607,54.696868],[88.602995,54.521685],[88.518556,54.416059],[88.560827,54.287746],[88.797712,54.407067],[88.954808,54.369162],[89.004314,54.290123],[89.129165,54.350481],[89.218565,54.242529],[89.187249,54.147393],[88.981473,54.065227],[89.072734,53.952573],[89.260423,53.834802],[89.018267,53.74225],[89.011239,53.679359],[88.833886,53.584611],[88.895174,53.386612],[89.050616,53.249437],[89.049066,53.130452],[88.89507,52.98736],[89.118209,52.919974],[89.235618,52.810033],[89.043175,52.678129],[89.115109,52.6264],[88.944576,52.487959],[88.676066,52.352464],[88.688055,52.256681],[88.364767,52.168005],[88.121474,52.098267],[87.839114,51.810636],[88.086438,51.71364],[87.967375,51.597574],[87.861542,51.54936],[88.105661,51.432184],[88.131603,51.385908],[88.363733,51.319814],[88.507704,51.316351],[88.66542,51.423631],[88.659323,51.534891],[88.7357,51.559385],[89.232724,51.644807],[89.223112,51.559851],[89.42093,51.605378],[89.58061,51.553029],[89.730368,51.582226],[89.942862,51.750175],[90.104609,51.767693],[90.027508,51.984372],[90.118872,52.0438],[90.123729,52.128601],[90.359374,52.191802],[90.476589,52.183401],[90.700335,52.458194],[91.037989,52.660197],[91.241904,52.747478],[91.396313,52.867988],[91.407992,52.947053],[91.351148,53.077484],[91.659863,53.158487],[91.841247,53.288272],[91.846415,53.351938],[91.743992,53.446712],[91.469694,53.513892],[91.472381,53.567273],[91.333268,53.757649],[91.32655,53.816664],[91.465146,53.966034],[91.463906,54.056546],[91.209554,54.338234],[91.159015,54.487889],[90.854951,54.626743],[90.915309,54.791075],[90.714908,54.831175],[90.684832,54.904659],[90.458283,54.87076],[90.435545,55.016332],[90.129207,55.105216],[89.904001,55.086095],[89.657815,55.003077],[89.550018,55.046356],[89.200788,54.990391],[89.147355,55.076303],[88.966074,55.184771],[88.950158,55.28908],[88.759782,55.34409],[88.608774,55.44559]]]},"properties":{"LOCATION_TYPE":"level1","ADM0_A3":"RUS","LOCATION_ID":"RUS-KK","NAME":"Khakass","TYPE_EN":"Republic"}},
{"type":"Feature","geometry":{"type":"Polygon","coordinates":[[[42.307733,53.847463],[42.512992,53.737237],[42.630918,53.807595],[42.939839,53.801083],[43.17042,53.839246],[43.106341,53.909216],[43.181582,54.001097],[43.425081,53.98854],[43.527814,54.014636],[43.751779,53.963218],[43.932957,53.861777],[43.87694,53.809687],[44.099355,53.735635],[44.206222,53.760336],[44.313606,53.701219],[44.4275,53.723388],[44.533851,53.66427],[44.729498,53.699668],[44.614672,53.83134],[44.616533,53.891543],[44.88277,53.969058],[45.176189,53.978773],[45.339279,53.884877],[45.646237,53.930223],[45.791552,54.003887],[45.879091,54.031276],[46.018308,54.189406],[46.379423,54.230514],[46.48815,54.284361],[46.71904,54.329552],[46.733716,54.384484],[46.543134,54.406343],[46.481845,54.499309],[46.533315,54.552588],[46.441331,54.772161],[46.414666,54.895358],[46.055721,55.042119],[45.954126,54.996566],[45.815323,54.999744],[45.710316,55.176762],[45.60469,55.163817],[45.439118,55.03323],[45.424442,54.881767],[45.266209,54.872827],[45.041106,54.714387],[45.091439,54.658886],[45.029428,54.568142],[45.113557,54.493883],[44.917186,54.476236],[44.597413,54.579615],[44.539845,54.530393],[44.376444,54.589795],[44.10721,54.64576],[44.091397,54.73374],[43.939055,54.74193],[43.94908,54.806991],[43.689458,54.830555],[43.610496,54.901145],[43.36896,54.94967],[43.155227,54.902747],[43.097659,54.798774],[42.636395,54.786734],[42.466793,54.871302],[42.390519,54.807043],[42.699337,54.582353],[42.556607,54.49223],[42.625233,54.373426],[42.527151,54.366604],[42.380804,54.263872],[42.206344,54.230514],[42.2728,54.171474],[42.462762,54.253872],[42.595984,54.176538],[42.307733,53.847463]]]},"properties":{"LOCATION_TYPE":"level1","ADM0_A3":"RUS","LOCATION_ID":"RUS-MO","NAME":"Mordovia","TYPE_EN":"Republic"}},
{"type":"Feature","geometry":{"type":"Polygon","coordinates":[[[36.009616,53.618278],[35.931482,53.786071],[35.988739,53.916348],[36.111316,53.961048],[36.200716,54.098249],[36.237199,54.229093],[36.353781,54.223254],[36.461475,54.288159],[36.714483,54.31715],[36.891423,54.283199],[36.965424,54.39575],[36.848428,54.472153],[36.80502,54.609949],[37.08862,54.548815],[37.207579,54.68767],[37.259049,54.835826],[37.120039,54.990824],[37.084176,55.095759],[36.904342,55.229136],[36.586325,55.308666],[36.422924,55.318691],[36.238026,55.193711],[35.856447,55.238489],[35.754955,55.286858],[35.578635,55.290476],[35.46536,55.220351],[35.369655,55.238799],[35.284493,55.11214],[35.144036,55.021655],[35.001926,54.886702],[34.86581,54.883834],[34.921001,54.771593],[34.817338,54.709374],[34.499631,54.631989],[34.415812,54.450837],[34.326102,54.429598],[34.10751,54.550314],[33.926849,54.572277],[33.728722,54.561683],[33.642732,54.48546],[33.616687,54.381022],[33.68366,54.321336],[33.562014,54.15623],[33.501242,54.015799],[33.682317,54.026393],[33.780192,53.981537],[33.859773,53.878701],[34.031132,53.861726],[34.199184,53.891595],[34.384599,53.71853],[34.489502,53.666466],[34.488159,53.544071],[34.582417,53.427592],[34.672644,53.390075],[35.017429,53.380773],[35.103522,53.310777],[35.205118,53.272149],[35.355703,53.284241],[35.422055,53.404337],[35.637133,53.543192],[35.765807,53.519111],[35.910604,53.644039],[36.009616,53.618278]]]},"properties":{"LOCATION_TYPE":"level1","ADM0_A3":"RUS","LOCATION_ID":"RUS-KLU","NAME":"Kaluga","TYPE_EN":"Region"}},
{"type":"Feature","geometry":{"type":"Polygon","coordinates":[[[40.926009,58.579112],[41.034219,58.522061],[41.064502,58.410544],[41.163927,58.360882],[40.888802,58.198153],[40.884668,58.125548],[40.744004,58.051547],[40.626389,57.940391],[40.622565,57.654931],[40.385163,57.497576],[40.448002,57.441042],[40.445211,57.276349],[40.570682,57.316424],[41.072873,57.347508],[41.169715,57.435203],[41.269864,57.426288],[41.604417,57.524189],[41.56721,57.704204],[41.630048,57.74986],[41.88595,57.685575],[42.02589,57.588992],[42.18619,57.559846],[42.403955,57.632607],[42.649728,57.635242],[42.726209,57.70175],[42.850956,57.667126],[42.853333,57.394326],[42.973119,57.387505],[43.26354,57.42435],[43.312323,57.517058],[43.542387,57.566926],[43.727388,57.465795],[43.995382,57.439518],[44.303167,57.516955],[44.612295,57.706685],[44.727741,57.703584],[44.86458,57.879827],[44.792749,57.955042],[44.862616,58.075422],[45.155001,58.079789],[45.462063,58.035321],[45.556527,57.938531],[45.706079,57.973568],[45.817183,58.047103],[46.341285,58.074647],[46.406915,58.20867],[46.423658,58.34693],[46.540963,58.397263],[46.554089,58.487696],[46.687311,58.566916],[46.947243,58.606552],[47.119946,58.775017],[47.312906,58.806928],[47.2819,58.892995],[47.60219,58.906689],[47.570874,59.059858],[47.239215,59.22021],[47.252444,59.355499],[47.056281,59.378546],[47.113538,59.611297],[46.875,59.632484],[46.756971,59.606905],[46.406398,59.632536],[46.356272,59.346972],[46.182329,59.345163],[46.003632,59.282118],[45.918262,59.184424],[45.366151,59.198454],[45.091129,59.184191],[44.991084,59.121611],[44.207049,59.171737],[44.103489,59.22977],[43.960242,59.205482],[43.741754,59.259536],[43.581661,59.188481],[43.498048,59.294314],[43.294133,59.218143],[43.150576,59.261448],[43.025726,59.207808],[42.799589,59.170394],[42.671432,59.228426],[42.631538,59.308215],[42.197042,59.303486],[42.187637,59.390768],[42.058136,59.426993],[41.959021,59.277674],[42.089865,59.229718],[42.011937,59.118304],[41.686996,59.079883],[41.521941,59.036914],[41.245369,58.902322],[41.145944,58.785043],[41.217567,58.740084],[40.926009,58.579112]]]},"properties":{"LOCATION_TYPE":"level1","ADM0_A3":"RUS","LOCATION_ID":"RUS-KOS","NAME":"Kostroma","TYPE_EN":"Region"}},
{"type":"Feature","geometry":{"type":"Polygon","coordinates":[[[40.926009,58.579112],[40.565101,58.590533],[40.292766,58.544153],[40.160784,58.558597],[39.968961,58.759463],[39.619525,58.894545],[39.499533,58.888938],[39.118781,58.953766],[38.94029,58.944309],[38.999925,58.846331],[38.915899,58.744373],[38.55003,58.777239],[38.478199,58.706029],[38.047631,58.735743],[37.940868,58.64133],[37.716592,58.621693],[37.626262,58.490229],[37.644039,58.429354],[37.449115,58.407546],[37.34969,58.239004],[37.56208,58.165261],[37.673494,58.082967],[37.548747,58.052788],[37.484358,57.980751],[37.366536,57.977133],[37.390927,57.827995],[37.810023,57.608009],[37.794314,57.442592],[37.984173,57.359238],[38.148297,57.337276],[38.306427,57.276349],[38.142923,57.196974],[38.24979,57.128761],[38.19925,56.894202],[38.154188,56.831906],[38.256508,56.77023],[38.374123,56.696591],[38.629198,56.580991],[38.847376,56.597579],[39.000028,56.542751],[39.121054,56.593678],[39.271639,56.538306],[39.337372,56.609361],[39.309777,56.684447],[39.41716,56.772091],[39.386775,56.835446],[39.527334,56.9558],[39.520203,57.026855],[39.844008,57.128942],[39.841734,57.17682],[40.063942,57.219402],[40.192513,57.212813],[40.327079,57.293351],[40.445211,57.276349],[40.448002,57.441042],[40.385163,57.497576],[40.622565,57.654931],[40.626389,57.940391],[40.744004,58.051547],[40.884668,58.125548],[40.888802,58.198153],[41.163927,58.360882],[41.064502,58.410544],[41.034219,58.522061],[40.926009,58.579112]]]},"properties":{"LOCATION_TYPE":"level1","ADM0_A3":"RUS","LOCATION_ID":"RUS-YAR","NAME":"Yaroslavl'","TYPE_EN":"Region"}},
{"type":"Feature","geometry":{"type":"Polygon","coordinates":[[[39.41716,56.772091],[39.309777,56.684447],[39.337372,56.609361],[39.271639,56.538306],[39.121054,56.593678],[39.000028,56.542751],[38.847376,56.597579],[38.629198,56.580991],[38.374123,56.696591],[38.329578,56.562284],[38.412364,56.368963],[38.402752,56.26424],[38.562329,56.083244],[38.605634,55.958859],[38.839418,55.900903],[39.015841,55.925217],[39.123121,55.829771],[39.309777,55.830649],[39.358146,55.761041],[39.55524,55.776079],[39.82313,55.83282],[39.900232,55.734479],[40.085026,55.612601],[40.206466,55.309337],[40.345372,55.339982],[40.516835,55.327657],[40.611506,55.20707],[40.729432,55.203918],[40.964559,55.2604],[41.046622,55.183247],[41.210332,55.221177],[41.41156,55.130976],[41.49662,55.156995],[41.658264,55.108936],[41.783217,55.119117],[41.870241,55.157615],[41.858665,55.240918],[41.932976,55.329853],[42.117047,55.421734],[42.055656,55.612937],[42.280965,55.769981],[42.380287,55.776802],[42.48643,55.851914],[42.564978,55.96909],[42.694066,56.002784],[42.686211,56.122104],[42.90594,56.151767],[42.754734,56.220135],[42.760832,56.306072],[42.587923,56.420226],[42.288613,56.471282],[42.066404,56.368394],[41.957677,56.390563],[41.933906,56.516809],[41.052823,56.47508],[40.714652,56.598458],[40.49079,56.583833],[40.155927,56.434282],[39.942606,56.529883],[39.878527,56.646052],[39.858787,56.779635],[39.679366,56.821777],[39.41716,56.772091]]]},"properties":{"LOCATION_TYPE":"level1","ADM0_A3":"RUS","LOCATION_ID":"RUS-VLA","NAME":"Vladimir","TYPE_EN":"Region"}},
{"type":"Feature","geometry":{"type":"Polygon","coordinates":[[[38.895435,53.565206],[39.041473,53.5496],[39.161775,53.394571],[39.415403,53.413588],[39.523614,53.462318],[39.511521,53.525364],[39.740241,53.588254],[39.906846,53.498544],[39.917905,53.416223],[40.160164,53.342171],[40.317467,53.356201],[40.501952,53.461078],[40.738423,53.559987],[40.839502,53.487485],[41.0213,53.4895],[41.174366,53.433741],[41.353683,53.556292],[41.348722,53.741139],[41.400088,53.783177],[41.748284,53.823485],[42.13441,53.812168],[42.307733,53.847463],[42.595984,54.176538],[42.462762,54.253872],[42.2728,54.171474],[42.206344,54.230514],[42.380804,54.263872],[42.527151,54.366604],[42.625233,54.373426],[42.556607,54.49223],[42.699337,54.582353],[42.390519,54.807043],[42.466793,54.871302],[42.439715,55.012973],[42.166657,54.949049],[41.783217,55.119117],[41.658264,55.108936],[41.49662,55.156995],[41.41156,55.130976],[41.210332,55.221177],[41.046622,55.183247],[40.964559,55.2604],[40.729432,55.203918],[40.611506,55.20707],[40.516835,55.327657],[40.345372,55.339982],[40.206466,55.309337],[40.001414,55.200404],[39.826954,55.182575],[39.888243,55.081341],[39.812795,54.99747],[39.684534,55.020725],[39.39773,54.876082],[39.32838,54.748441],[39.215726,54.63217],[38.820401,54.601939],[38.797663,54.451199],[38.908768,54.397662],[38.736892,54.345055],[38.675087,54.244674],[38.713741,54.001252],[38.840658,53.91888],[38.794563,53.872061],[38.836834,53.760001],[38.909284,53.753438],[38.895435,53.565206]]]},"properties":{"LOCATION_TYPE":"level1","ADM0_A3":"RUS","LOCATION_ID":"RUS-RYA","NAME":"Ryazan'","TYPE_EN":"Region"}},
{"type":"Feature","geometry":{"type":"Polygon","coordinates":[[[43.727388,57.465795],[43.542387,57.566926],[43.312323,57.517058],[43.26354,57.42435],[42.973119,57.387505],[42.853333,57.394326],[42.850956,57.667126],[42.726209,57.70175],[42.649728,57.635242],[42.403955,57.632607],[42.18619,57.559846],[42.02589,57.588992],[41.88595,57.685575],[41.630048,57.74986],[41.56721,57.704204],[41.604417,57.524189],[41.269864,57.426288],[41.169715,57.435203],[41.072873,57.347508],[40.570682,57.316424],[40.445211,57.276349],[40.327079,57.293351],[40.192513,57.212813],[40.063942,57.219402],[39.841734,57.17682],[39.844008,57.128942],[39.520203,57.026855],[39.527334,56.9558],[39.386775,56.835446],[39.41716,56.772091],[39.679366,56.821777],[39.858787,56.779635],[39.878527,56.646052],[39.942606,56.529883],[40.155927,56.434282],[40.49079,56.583833],[40.714652,56.598458],[41.052823,56.47508],[41.933906,56.516809],[41.957677,56.390563],[42.066404,56.368394],[42.288613,56.471282],[42.587923,56.420226],[42.647971,56.480584],[42.881858,56.471592],[42.845375,56.552207],[42.902322,56.646233],[42.786567,56.669048],[42.829975,56.80227],[42.977563,56.841802],[43.338988,56.860664],[43.501252,56.906449],[43.669614,57.04272],[43.514275,57.117573],[43.538562,57.261776],[43.688838,57.279191],[43.727388,57.465795]]]},"properties":{"LOCATION_TYPE":"level1","ADM0_A3":"RUS","LOCATION_ID":"RUS-IVA","NAME":"Ivanovo","TYPE_EN":"Region"}},
{"type":"Feature","geometry":{"type":"Polygon","coordinates":[[[42.466793,54.871302],[42.636395,54.786734],[43.097659,54.798774],[43.155227,54.902747],[43.36896,54.94967],[43.610496,54.901145],[43.689458,54.830555],[43.94908,54.806991],[43.939055,54.74193],[44.091397,54.73374],[44.10721,54.64576],[44.376444,54.589795],[44.539845,54.530393],[44.597413,54.579615],[44.917186,54.476236],[45.113557,54.493883],[45.029428,54.568142],[45.091439,54.658886],[45.041106,54.714387],[45.266209,54.872827],[45.424442,54.881767],[45.439118,55.03323],[45.60469,55.163817],[45.710316,55.176762],[45.815323,54.999744],[45.954126,54.996566],[46.055721,55.042119],[46.097889,55.204176],[46.228631,55.273267],[46.253539,55.385405],[46.384074,55.463075],[46.139747,55.523795],[45.920123,55.688048],[46.093755,55.807963],[46.09882,55.940772],[46.213955,56.049809],[46.092205,56.056372],[46.06771,56.18192],[45.87382,56.25884],[45.946064,56.324986],[45.948958,56.433222],[45.788658,56.424825],[45.662671,56.460921],[45.650992,56.59081],[45.858938,56.629128],[45.95857,56.872084],[46.312657,56.906966],[46.336014,56.95208],[46.601011,56.919963],[46.714906,56.966342],[46.762552,57.030214],[46.742191,57.204622],[46.789837,57.28131],[46.695166,57.320455],[46.750149,57.517265],[47.054213,57.498299],[47.248724,57.567339],[47.471036,57.52853],[47.521162,57.586098],[47.572115,57.810425],[47.762284,57.876003],[47.703063,57.958375],[47.451502,57.987365],[47.354247,58.025502],[46.429859,58.02049],[46.341285,58.074647],[45.817183,58.047103],[45.706079,57.973568],[45.556527,57.938531],[45.462063,58.035321],[45.155001,58.079789],[44.862616,58.075422],[44.792749,57.955042],[44.86458,57.879827],[44.727741,57.703584],[44.612295,57.706685],[44.303167,57.516955],[43.995382,57.439518],[43.727388,57.465795],[43.688838,57.279191],[43.538562,57.261776],[43.514275,57.117573],[43.669614,57.04272],[43.501252,56.906449],[43.338988,56.860664],[42.977563,56.841802],[42.829975,56.80227],[42.786567,56.669048],[42.902322,56.646233],[42.845375,56.552207],[42.881858,56.471592],[42.647971,56.480584],[42.587923,56.420226],[42.760832,56.306072],[42.754734,56.220135],[42.90594,56.151767],[42.686211,56.122104],[42.694066,56.002784],[42.564978,55.96909],[42.48643,55.851914],[42.380287,55.776802],[42.280965,55.769981],[42.055656,55.612937],[42.117047,55.421734],[41.932976,55.329853],[41.858665,55.240918],[41.870241,55.157615],[41.783217,55.119117],[42.166657,54.949049],[42.439715,55.012973],[42.466793,54.871302]]]},"properties":{"LOCATION_TYPE":"level1","ADM0_A3":"RUS","LOCATION_ID":"RUS-NIZ","NAME":"Nizhegorod","TYPE_EN":"Region"}},
{"type":"Feature","geometry":{"type":"Polygon","coordinates":[[[38.895435,53.565206],[38.909284,53.753438],[38.836834,53.760001],[38.794563,53.872061],[38.840658,53.91888],[38.713741,54.001252],[38.675087,54.244674],[38.521194,54.288831],[38.513753,54.364046],[38.39035,54.468614],[38.489982,54.579718],[38.46218,54.640334],[38.218784,54.659558],[38.03926,54.713663],[37.938594,54.832261],[37.749872,54.820323],[37.758347,54.73622],[37.56425,54.736504],[37.460794,54.822261],[37.259049,54.835826],[37.207579,54.68767],[37.08862,54.548815],[36.80502,54.609949],[36.848428,54.472153],[36.965424,54.39575],[36.891423,54.283199],[36.714483,54.31715],[36.461475,54.288159],[36.353781,54.223254],[36.237199,54.229093],[36.200716,54.098249],[36.111316,53.961048],[35.988739,53.916348],[35.931482,53.786071],[36.009616,53.618278],[36.098293,53.555853],[36.220249,53.570296],[36.398016,53.428522],[36.535166,53.391367],[36.666837,53.415861],[36.807294,53.296618],[37.088207,53.280004],[37.196934,53.250703],[37.327159,53.303207],[37.568281,53.289047],[37.561253,53.168822],[37.787389,53.088853],[37.841029,53.008548],[37.912446,53.072626],[38.107679,53.059036],[38.306634,52.974079],[38.472929,53.041233],[38.594575,53.048545],[38.632712,53.123218],[38.595402,53.240316],[38.477269,53.310028],[38.761696,53.382039],[38.697204,53.500094],[38.895435,53.565206]]]},"properties":{"LOCATION_TYPE":"level1","ADM0_A3":"RUS","LOCATION_ID":"RUS-TUL","NAME":"Tula","TYPE_EN":"Region"}},
{"type":"Feature","geometry":{"type":"Polygon","coordinates":[[[48.412373,55.829357],[48.285043,55.845946],[48.023973,55.936586],[47.905118,56.113836],[47.828947,56.145359],[47.529327,56.154299],[47.436722,56.188457],[47.384736,56.330076],[47.05566,56.287727],[46.657959,56.119521],[46.402367,56.119211],[46.213955,56.049809],[46.09882,55.940772],[46.093755,55.807963],[45.920123,55.688048],[46.139747,55.523795],[46.384074,55.463075],[46.253539,55.385405],[46.228631,55.273267],[46.097889,55.204176],[46.055721,55.042119],[46.414666,54.895358],[46.441331,54.772161],[46.869109,54.631704],[47.062998,54.690202],[47.241902,54.677722],[47.37037,54.752576],[47.378535,54.832416],[47.487159,54.857582],[47.728798,54.83133],[47.803108,54.944812],[47.996275,54.968247],[48.07472,55.108368],[48.016635,55.276265],[47.913179,55.316159],[47.762594,55.214149],[47.702546,55.327941],[47.834114,55.3421],[47.973847,55.499507],[48.100765,55.545447],[48.025007,55.630455],[48.205358,55.693552],[48.412373,55.829357]]]},"properties":{"LOCATION_TYPE":"level1","ADM0_A3":"RUS","LOCATION_ID":"RUS-CU","NAME":"Chuvash","TYPE_EN":"Republic"}},
{"type":"Feature","geometry":{"type":"Polygon","coordinates":[[[37.77292,61.522137],[37.278273,61.500536],[36.996429,61.594432],[36.87344,61.544926],[36.577644,61.529475],[36.466849,61.406588],[35.603853,61.188307],[35.686019,61.120869],[35.489338,60.959484],[35.439935,60.861557],[35.280875,60.850007],[35.154061,60.787298],[35.258551,60.585295],[35.231059,60.341175],[35.147447,60.268828],[35.157059,60.067032],[35.23788,59.985486],[35.403658,59.974272],[35.382471,59.875415],[35.423606,59.701111],[35.495849,59.553523],[35.323663,59.506678],[35.448514,59.427691],[35.301236,59.301032],[35.134734,59.254368],[34.900537,59.237935],[34.729901,59.103214],[34.878523,59.043373],[34.831497,58.991025],[35.130807,58.937333],[35.124606,58.815015],[35.265682,58.764785],[35.398491,58.84354],[35.751234,58.826539],[35.836087,58.744709],[36.126302,58.695487],[36.173327,58.524955],[36.323602,58.49984],[36.520593,58.558493],[36.668594,58.685281],[36.815562,58.758223],[36.864241,58.842765],[37.12221,58.866045],[37.187529,58.770857],[37.626262,58.490229],[37.716592,58.621693],[37.940868,58.64133],[38.047631,58.735743],[38.478199,58.706029],[38.55003,58.777239],[38.915899,58.744373],[38.999925,58.846331],[38.94029,58.944309],[39.118781,58.953766],[39.499533,58.888938],[39.619525,58.894545],[39.968961,58.759463],[40.160784,58.558597],[40.292766,58.544153],[40.565101,58.590533],[40.926009,58.579112],[41.217567,58.740084],[41.145944,58.785043],[41.245369,58.902322],[41.521941,59.036914],[41.686996,59.079883],[42.011937,59.118304],[42.089865,59.229718],[41.959021,59.277674],[42.058136,59.426993],[42.187637,59.390768],[42.197042,59.303486],[42.631538,59.308215],[42.671432,59.228426],[42.799589,59.170394],[43.025726,59.207808],[43.150576,59.261448],[43.294133,59.218143],[43.498048,59.294314],[43.581661,59.188481],[43.741754,59.259536],[43.960242,59.205482],[44.103489,59.22977],[44.207049,59.171737],[44.991084,59.121611],[45.091129,59.184191],[45.366151,59.198454],[45.918262,59.184424],[46.003632,59.282118],[46.182329,59.345163],[46.356272,59.346972],[46.406398,59.632536],[46.756971,59.606905],[46.875,59.632484],[47.113538,59.611297],[47.112608,59.752684],[46.934944,59.78909],[46.922645,59.843893],[47.036437,60.099536],[46.608453,60.067316],[46.404124,60.106822],[46.34914,60.214361],[46.440814,60.271412],[46.749529,60.261128],[46.807097,60.318334],[46.862494,60.507315],[47.048839,60.575166],[46.959129,60.660225],[47.083772,60.818588],[47.042948,60.853805],[46.75325,60.907084],[46.736507,60.986097],[46.527114,61.051313],[46.285061,60.967752],[45.878161,61.016276],[45.766644,61.054594],[45.722719,61.179418],[45.332355,61.18934],[45.229105,60.90388],[44.455302,60.946978],[44.205809,60.971808],[44.158473,61.082422],[43.775964,61.020772],[43.715399,60.884501],[43.536082,60.853108],[43.510864,60.767454],[43.149852,60.806005],[43.048773,60.74022],[42.823051,60.855304],[42.650451,60.863107],[42.394756,60.769418],[42.023926,60.835822],[41.800891,60.89897],[41.518531,60.899177],[41.394094,60.857991],[41.339937,60.675987],[41.059334,60.649683],[40.819142,60.710972],[40.756717,60.773733],[40.534405,60.724562],[39.923486,60.651854],[39.764012,60.736913],[39.648154,60.746008],[39.338199,60.683996],[39.068241,60.714072],[38.947732,60.802671],[38.789498,60.71278],[38.632712,60.723219],[38.574214,60.79908],[38.418462,60.873959],[38.212996,60.923982],[38.166281,61.133116],[37.963192,61.160195],[37.857359,61.28458],[37.77292,61.522137]]]},"properties":{"LOCATION_TYPE":"level1","ADM0_A3":"RUS","LOCATION_ID":"RUS-VLG","NAME":"Vologda","TYPE_EN":"Region"}},
{"type":"Feature","geometry":{"type":"Polygon","coordinates":[[[34.729901,59.103214],[34.567741,59.108072],[34.24745,59.197576],[34.099759,59.144736],[33.855019,59.198351],[33.716113,59.302117],[33.520259,59.372965],[33.368227,59.379735],[33.245651,59.326302],[32.954816,59.4218],[32.732297,59.267494],[32.706252,59.141868],[32.583986,59.180522],[32.291497,59.207187],[32.124065,59.394334],[31.882116,59.375498],[31.826719,59.314494],[31.563066,59.368418],[31.452478,59.092001],[31.257865,58.980767],[31.159783,59.072544],[30.981396,59.059625],[30.961966,58.975212],[30.727975,58.82858],[30.687357,58.745769],[30.412542,58.710913],[30.279837,58.754295],[30.100623,58.729594],[30.088221,58.640452],[30.167182,58.53312],[29.975049,58.44465],[29.658479,58.243577],[29.679357,58.077282],[29.82033,58.083483],[29.950451,57.943957],[30.167699,57.911556],[30.529951,57.886596],[30.472073,57.682216],[30.608809,57.617414],[30.492847,57.487602],[30.515585,57.318104],[30.77314,57.257746],[30.646843,57.190825],[30.644776,56.981897],[30.799702,56.953216],[31.000103,56.965205],[31.117512,56.931047],[31.306958,56.968823],[31.545599,56.939781],[31.678304,57.013264],[31.722126,57.105739],[31.966762,57.116798],[32.132747,57.183693],[32.272067,57.195217],[32.668115,57.346216],[32.807331,57.460007],[33.046076,57.437063],[33.216195,57.453909],[33.308696,57.565531],[33.324922,57.654621],[33.536796,57.719733],[33.580514,57.857709],[33.70123,57.926723],[33.686037,58.00261],[33.544961,58.047207],[33.7188,58.158001],[33.869489,58.144203],[34.14172,58.208049],[34.488469,58.146399],[34.650733,58.081468],[34.684426,58.197275],[34.785608,58.24182],[35.034792,58.199549],[35.269093,58.271327],[35.279222,58.358867],[35.39446,58.431472],[35.55166,58.448009],[35.934892,58.423308],[36.173327,58.524955],[36.126302,58.695487],[35.836087,58.744709],[35.751234,58.826539],[35.398491,58.84354],[35.265682,58.764785],[35.124606,58.815015],[35.130807,58.937333],[34.831497,58.991025],[34.878523,59.043373],[34.729901,59.103214]]]},"properties":{"LOCATION_TYPE":"level1","ADM0_A3":"RUS","LOCATION_ID":"RUS-NGR","NAME":"Novgorod","TYPE_EN":"Region"}},
{"type":"Feature","geometry":{"type":"Polygon","coordinates":[[[37.626262,58.490229],[37.187529,58.770857],[37.12221,58.866045],[36.864241,58.842765],[36.815562,58.758223],[36.668594,58.685281],[36.520593,58.558493],[36.323602,58.49984],[36.173327,58.524955],[35.934892,58.423308],[35.55166,58.448009],[35.39446,58.431472],[35.279222,58.358867],[35.269093,58.271327],[35.034792,58.199549],[34.785608,58.24182],[34.684426,58.197275],[34.650733,58.081468],[34.488469,58.146399],[34.14172,58.208049],[33.869489,58.144203],[33.7188,58.158001],[33.544961,58.047207],[33.686037,58.00261],[33.70123,57.926723],[33.580514,57.857709],[33.536796,57.719733],[33.324922,57.654621],[33.308696,57.565531],[33.216195,57.453909],[33.046076,57.437063],[32.807331,57.460007],[32.668115,57.346216],[32.272067,57.195217],[32.132747,57.183693],[31.966762,57.116798],[31.722126,57.105739],[31.678304,57.013264],[31.545599,56.939781],[31.306958,56.968823],[31.117512,56.931047],[31.000103,56.965205],[30.896337,56.896682],[30.816755,56.720259],[30.91308,56.656361],[31.080098,56.622849],[31.016639,56.519083],[31.215387,56.435367],[31.231097,56.346173],[31.491546,56.301292],[31.49754,56.028932],[31.344681,55.964026],[31.412791,55.889767],[31.467361,55.729002],[31.585597,55.746623],[31.754889,55.714352],[31.893588,55.770498],[32.09368,55.67407],[32.721755,55.689676],[32.939313,55.631798],[33.187876,55.652521],[33.505273,55.755202],[33.670018,55.865298],[33.659992,55.946249],[33.838069,55.949453],[33.916617,56.073115],[34.200734,56.07451],[34.630889,55.917879],[35.031485,55.984438],[35.174112,55.948265],[35.317152,56.054047],[35.378647,56.173858],[35.483654,56.241632],[35.548042,56.37072],[35.457919,56.448286],[35.645091,56.474124],[35.78286,56.391959],[35.982538,56.387153],[36.096123,56.346794],[36.1725,56.408444],[36.537026,56.475416],[36.832925,56.583239],[37.055444,56.517558],[37.134922,56.560269],[37.15704,56.683155],[37.23104,56.772917],[37.498931,56.784751],[37.553398,56.905622],[37.656441,56.943501],[37.974354,56.853843],[38.014662,56.773589],[38.256508,56.77023],[38.154188,56.831906],[38.19925,56.894202],[38.24979,57.128761],[38.142923,57.196974],[38.306427,57.276349],[38.148297,57.337276],[37.984173,57.359238],[37.794314,57.442592],[37.810023,57.608009],[37.390927,57.827995],[37.366536,57.977133],[37.484358,57.980751],[37.548747,58.052788],[37.673494,58.082967],[37.56208,58.165261],[37.34969,58.239004],[37.449115,58.407546],[37.644039,58.429354],[37.626262,58.490229]]]},"properties":{"LOCATION_TYPE":"level1","ADM0_A3":"RUS","LOCATION_ID":"RUS-TVE","NAME":"Tver'","TYPE_EN":"Region"}},
{"type":"Feature","geometry":{"type":"Polygon","coordinates":[[[35.369655,55.238799],[35.46536,55.220351],[35.578635,55.290476],[35.754955,55.286858],[35.856447,55.238489],[36.238026,55.193711],[36.422924,55.318691],[36.586325,55.308666],[36.904342,55.229136],[37.014456,55.301191],[36.914019,55.425882],[37.174878,55.447849],[37.210575,55.601618],[37.414078,55.659859],[37.348242,55.744017],[37.431106,55.877723],[37.611473,55.903665],[37.800507,55.837653],[37.84287,55.762534],[37.812679,55.649444],[37.659115,55.568916],[37.565594,55.358493],[37.46297,55.379018],[37.424753,55.184244],[37.216211,55.083781],[37.120039,54.990824],[37.259049,54.835826],[37.460794,54.822261],[37.56425,54.736504],[37.758347,54.73622],[37.749872,54.820323],[37.938594,54.832261],[38.03926,54.713663],[38.218784,54.659558],[38.46218,54.640334],[38.489982,54.579718],[38.39035,54.468614],[38.513753,54.364046],[38.521194,54.288831],[38.675087,54.244674],[38.736892,54.345055],[38.908768,54.397662],[38.797663,54.451199],[38.820401,54.601939],[39.215726,54.63217],[39.32838,54.748441],[39.39773,54.876082],[39.684534,55.020725],[39.812795,54.99747],[39.888243,55.081341],[39.826954,55.182575],[40.001414,55.200404],[40.206466,55.309337],[40.085026,55.612601],[39.900232,55.734479],[39.82313,55.83282],[39.55524,55.776079],[39.358146,55.761041],[39.309777,55.830649],[39.123121,55.829771],[39.015841,55.925217],[38.839418,55.900903],[38.605634,55.958859],[38.562329,56.083244],[38.402752,56.26424],[38.412364,56.368963],[38.329578,56.562284],[38.374123,56.696591],[38.256508,56.77023],[38.014662,56.773589],[37.974354,56.853843],[37.656441,56.943501],[37.553398,56.905622],[37.498931,56.784751],[37.23104,56.772917],[37.15704,56.683155],[37.134922,56.560269],[37.055444,56.517558],[36.832925,56.583239],[36.537026,56.475416],[36.1725,56.408444],[36.096123,56.346794],[35.982538,56.387153],[35.78286,56.391959],[35.645091,56.474124],[35.457919,56.448286],[35.548042,56.37072],[35.483654,56.241632],[35.378647,56.173858],[35.317152,56.054047],[35.174112,55.948265],[35.353532,55.779386],[35.316119,55.726935],[35.397147,55.617071],[35.303096,55.571208],[35.301236,55.299106],[35.369655,55.238799]]]},"properties":{"LOCATION_TYPE":"level1","ADM0_A3":"RUS","LOCATION_ID":"RUS-MOW","NAME":"Moskovskaya","TYPE_EN":"Region"}},
{"type":"Feature","geometry":{"type":"Polygon","coordinates":[[[37.120039,54.990824],[37.216211,55.083781],[37.424753,55.184244],[37.46297,55.379018],[37.565594,55.358493],[37.659115,55.568916],[37.812679,55.649444],[37.84287,55.762534],[37.800507,55.837653],[37.611473,55.903665],[37.431106,55.877723],[37.348242,55.744017],[37.414078,55.659859],[37.210575,55.601618],[37.174878,55.447849],[36.914019,55.425882],[37.014456,55.301191],[36.904342,55.229136],[37.084176,55.095759],[37.120039,54.990824]]]},"properties":{"LOCATION_TYPE":"level1","ADM0_A3":"RUS","LOCATION_ID":"RUS-MOS","NAME":"Moskva","TYPE_EN":"Federal City"}},
{"type":"Feature","geometry":{"type":"Polygon","coordinates":[[[50.072014,56.622746],[50.101263,56.792399],[50.016927,56.863661],[49.741801,56.899525],[49.69984,57.073416],[49.529101,57.072615],[49.410866,57.025357],[49.284982,57.039103],[49.149693,57.150233],[49.213048,57.29149],[49.034764,57.288183],[48.960557,57.089332],[48.822271,57.16354],[48.569366,57.172428],[48.451441,57.128348],[48.293001,57.163281],[48.202257,57.028147],[47.909769,56.982646],[47.769932,57.060135],[47.508966,56.893427],[47.174103,56.814129],[47.160977,56.90123],[46.714906,56.966342],[46.601011,56.919963],[46.336014,56.95208],[46.312657,56.906966],[45.95857,56.872084],[45.858938,56.629128],[45.650992,56.59081],[45.662671,56.460921],[45.788658,56.424825],[45.948958,56.433222],[45.946064,56.324986],[45.87382,56.25884],[46.06771,56.18192],[46.092205,56.056372],[46.213955,56.049809],[46.402367,56.119211],[46.657959,56.119521],[47.05566,56.287727],[47.384736,56.330076],[47.436722,56.188457],[47.529327,56.154299],[47.828947,56.145359],[47.905118,56.113836],[48.023973,55.936586],[48.285043,55.845946],[48.412373,55.829357],[48.401005,55.887752],[48.694113,55.964646],[48.690083,56.067715],[48.834673,56.071746],[49.015748,56.232692],[49.037038,56.357852],[49.275887,56.353201],[49.557937,56.441491],[49.577677,56.504717],[49.764539,56.535929],[49.885048,56.441775],[50.024575,56.459552],[50.179914,56.549468],[50.072014,56.622746]]]},"properties":{"LOCATION_TYPE":"level1","ADM0_A3":"RUS","LOCATION_ID":"RUS-ME","NAME":"Mariy-El","TYPE_EN":"Republic"}},
{"type":"Feature","geometry":{"type":"Polygon","coordinates":[[[50.072014,56.622746],[50.34962,56.669513],[50.497414,56.511021],[50.586091,56.366534],[50.705567,56.329921],[50.851191,56.390253],[50.907828,56.295996],[50.837238,56.248376],[51.07309,56.130528],[51.224398,56.099909],[51.436478,56.144429],[51.420355,56.283593],[51.319896,56.32912],[51.272767,56.43994],[51.145333,56.51469],[51.205691,56.670288],[51.378601,56.6799],[51.400305,56.767078],[51.540451,56.882988],[51.35886,56.927327],[51.227499,57.067473],[51.193289,57.202814],[51.120425,57.265497],[51.181403,57.446571],[51.397204,57.478094],[51.600913,57.45701],[51.640083,57.544369],[51.748087,57.546152],[51.862085,57.647334],[51.92389,57.816859],[51.85175,57.842465],[51.884616,57.986383],[51.793252,58.043021],[51.766484,58.141464],[51.673466,58.166062],[51.791495,58.281146],[51.796146,58.361296],[51.971019,58.464132],[52.167183,58.489608],[52.328724,58.450334],[52.870086,58.410621],[52.921349,58.534309],[53.130018,58.537125],[53.165055,58.456174],[53.339515,58.388581],[53.498368,58.450334],[53.784552,58.439896],[53.70466,58.594977],[53.750136,58.696779],[53.922011,58.782821],[53.726468,58.916818],[53.766569,59.021514],[53.876536,59.092802],[53.433669,59.143832],[53.334554,59.185173],[53.205776,59.364],[53.354294,59.500813],[53.418373,59.678476],[53.592109,59.7085],[53.706521,60.001196],[53.607612,60.142738],[53.457234,60.204801],[53.358118,60.166457],[52.453781,60.200512],[52.297821,60.241595],[52.060936,60.316913],[51.900429,60.24423],[51.802244,60.115246],[51.521331,59.946212],[51.421079,59.943422],[51.307184,60.028016],[51.075363,60.060727],[50.830107,59.870764],[50.386413,59.8395],[50.211747,59.754105],[49.998633,59.776765],[50.040388,59.681887],[49.833992,59.638143],[49.794925,59.233077],[49.527344,59.235144],[49.524864,59.39746],[49.363116,59.415805],[49.15145,59.505515],[49.038795,59.500477],[49.072592,59.659615],[48.507561,59.715115],[48.492575,59.988716],[48.456092,60.115349],[48.497226,60.218288],[48.754678,60.361225],[48.51862,60.476464],[48.538361,60.564366],[48.418988,60.853805],[47.984183,60.89649],[47.965476,60.999352],[47.568497,61.059116],[47.244796,61.05617],[47.10372,60.956073],[47.042948,60.853805],[47.083772,60.818588],[46.959129,60.660225],[47.048839,60.575166],[46.862494,60.507315],[46.807097,60.318334],[46.749529,60.261128],[46.440814,60.271412],[46.34914,60.214361],[46.404124,60.106822],[46.608453,60.067316],[47.036437,60.099536],[46.922645,59.843893],[46.934944,59.78909],[47.112608,59.752684],[47.113538,59.611297],[47.056281,59.378546],[47.252444,59.355499],[47.239215,59.22021],[47.570874,59.059858],[47.60219,58.906689],[47.2819,58.892995],[47.312906,58.806928],[47.119946,58.775017],[46.947243,58.606552],[46.687311,58.566916],[46.554089,58.487696],[46.540963,58.397263],[46.423658,58.34693],[46.406915,58.20867],[46.341285,58.074647],[46.429859,58.02049],[47.354247,58.025502],[47.451502,57.987365],[47.703063,57.958375],[47.762284,57.876003],[47.572115,57.810425],[47.521162,57.586098],[47.471036,57.52853],[47.248724,57.567339],[47.054213,57.498299],[46.750149,57.517265],[46.695166,57.320455],[46.789837,57.28131],[46.742191,57.204622],[46.762552,57.030214],[46.714906,56.966342],[47.160977,56.90123],[47.174103,56.814129],[47.508966,56.893427],[47.769932,57.060135],[47.909769,56.982646],[48.202257,57.028147],[48.293001,57.163281],[48.451441,57.128348],[48.569366,57.172428],[48.822271,57.16354],[48.960557,57.089332],[49.034764,57.288183],[49.213048,57.29149],[49.149693,57.150233],[49.284982,57.039103],[49.410866,57.025357],[49.529101,57.072615],[49.69984,57.073416],[49.741801,56.899525],[50.016927,56.863661],[50.101263,56.792399],[50.072014,56.622746]]]},"properties":{"LOCATION_TYPE":"level1","ADM0_A3":"RUS","LOCATION_ID":"RUS-KIR","NAME":"Kirov","TYPE_EN":"Region"}},
{"type":"Feature","geometry":{"type":"Polygon","coordinates":[[[54.352476,56.358524],[54.168301,56.534482],[53.959115,56.631582],[53.869095,56.713154],[54.088409,56.77116],[54.098641,56.965929],[54.341107,57.011869],[54.294702,57.083596],[54.314339,57.290509],[54.158173,57.314254],[54.188455,57.462746],[54.095954,57.60744],[54.156312,57.706245],[54.087169,57.994238],[53.810184,58.228126],[53.886045,58.319102],[53.784552,58.439896],[53.498368,58.450334],[53.339515,58.388581],[53.165055,58.456174],[53.130018,58.537125],[52.921349,58.534309],[52.870086,58.410621],[52.328724,58.450334],[52.167183,58.489608],[51.971019,58.464132],[51.796146,58.361296],[51.791495,58.281146],[51.673466,58.166062],[51.766484,58.141464],[51.793252,58.043021],[51.884616,57.986383],[51.85175,57.842465],[51.92389,57.816859],[51.862085,57.647334],[51.748087,57.546152],[51.640083,57.544369],[51.600913,57.45701],[51.397204,57.478094],[51.181403,57.446571],[51.120425,57.265497],[51.193289,57.202814],[51.227499,57.067473],[51.35886,56.927327],[51.540451,56.882988],[51.400305,56.767078],[51.378601,56.6799],[51.205691,56.670288],[51.145333,56.51469],[51.272767,56.43994],[51.319896,56.32912],[51.420355,56.283593],[51.436478,56.144429],[51.500557,56.082365],[51.399065,55.993637],[51.441853,55.924649],[51.632642,55.952296],[51.828599,55.917982],[51.937533,55.973716],[52.06445,55.896123],[52.242011,55.964543],[52.195398,56.077146],[52.655319,56.017821],[52.839183,56.163084],[52.711233,56.230367],[52.561991,56.259435],[52.733247,56.37842],[52.90812,56.415885],[52.934475,56.538126],[53.080099,56.526602],[52.945017,56.366069],[52.958246,56.252226],[53.273059,56.084691],[53.335587,56.156521],[53.260346,56.253879],[53.427158,56.276539],[53.563997,56.181067],[53.405454,56.022989],[53.276469,55.935346],[53.289078,55.85827],[53.631693,55.906691],[53.837779,56.038647],[54.046758,56.057974],[54.117245,56.158226],[54.345758,56.252587],[54.352476,56.358524]]]},"properties":{"LOCATION_TYPE":"level1","ADM0_A3":"RUS","LOCATION_ID":"RUS-UD","NAME":"Udmurt","TYPE_EN":"Republic"}},
{"type":"Feature","geometry":{"type":"Polygon","coordinates":[[[59.485393,61.993271],[59.404054,62.108044],[59.507407,62.306791],[59.564871,62.335007],[59.643729,62.510267],[59.526527,62.541351],[59.394132,62.731417],[59.483119,62.892389],[59.278067,62.970239],[59.231661,63.089069],[59.32964,63.273864],[59.292226,63.34218],[59.493764,63.610536],[59.584405,63.938268],[59.761448,63.995836],[59.838136,64.080068],[59.588435,64.232643],[59.633084,64.34367],[59.589262,64.467073],[59.484152,64.497252],[59.704087,64.667681],[59.647553,64.772429],[60.147368,65.064789],[60.304981,65.071429],[60.676534,64.912317],[60.830944,65.051378],[61.002819,65.060319],[61.106689,65.160829],[61.240531,65.191887],[61.263062,65.307384],[61.510592,65.500498],[61.881939,65.70183],[62.018468,65.717126],[62.504123,65.830917],[62.838573,65.869261],[62.807464,65.936596],[62.870199,66.079119],[63.065846,66.231927],[63.240616,66.31311],[63.305728,66.400237],[63.80854,66.547153],[63.969253,66.64632],[64.315589,66.667714],[64.566943,66.793649],[64.999165,66.865428],[65.11616,66.908319],[65.089805,67.054099],[65.190161,67.144997],[65.707959,67.335012],[65.937195,67.393225],[66.110001,67.488775],[66.025872,67.576056],[65.831155,67.642667],[66.205913,67.693026],[66.022358,67.794208],[66.08313,67.933631],[65.436554,67.919963],[65.289793,68.012335],[65.330101,68.084682],[65.27274,68.216405],[65.480479,68.430449],[64.745123,68.404455],[64.522811,68.343787],[64.530253,68.200127],[64.324787,68.134084],[63.829004,68.017244],[63.944242,67.88366],[63.689684,67.762066],[63.445254,67.770954],[62.871233,67.579648],[62.821313,67.388032],[61.85052,67.126136],[61.694767,67.030017],[61.431734,66.999683],[60.082049,66.989865],[59.917718,67.001595],[58.789621,66.999683],[53.77246,66.998546],[52.245525,67.089135],[51.83573,66.995394],[51.810719,66.954208],[51.494563,66.907389],[51.510169,66.783262],[49.006032,66.119117],[48.989393,65.268523],[49.021329,65.238292],[49.567445,65.292087],[49.66315,65.25457],[50.063022,64.8902],[50.467442,64.791601],[50.348379,64.537663],[50.273345,64.51291],[49.626666,64.591717],[49.45014,64.462991],[48.950015,64.490612],[48.840151,64.357312],[48.51831,64.355504],[48.408343,64.22422],[48.196159,64.238922],[48.115751,64.348114],[46.61145,64.326565],[46.322889,64.264708],[45.824521,64.283622],[45.442219,64.187504],[45.593011,64.063945],[45.883639,63.964313],[46.43575,63.887729],[46.819189,63.746962],[46.969567,63.640147],[47.026205,63.530567],[46.936598,63.351921],[47.090904,63.246476],[47.366029,63.167204],[47.554648,63.148497],[47.515787,63.036773],[47.399515,62.954814],[47.082636,62.839627],[47.237665,62.63566],[47.234874,62.351492],[47.386286,62.320434],[47.413365,62.192793],[47.621001,62.185455],[47.649836,62.296663],[47.751122,62.321829],[48.290831,62.321623],[48.236777,62.472983],[48.366071,62.729298],[48.628588,62.705837],[48.714474,62.815546],[48.875084,62.829137],[49.608993,62.770226],[49.369421,62.149385],[49.212738,62.091146],[49.051611,61.690963],[49.096776,61.658097],[49.417273,61.618255],[49.461405,61.586112],[49.302242,61.176163],[48.888727,61.14123],[48.509318,61.047747],[48.418988,60.853805],[48.538361,60.564366],[48.51862,60.476464],[48.754678,60.361225],[48.497226,60.218288],[48.456092,60.115349],[48.492575,59.988716],[48.507561,59.715115],[49.072592,59.659615],[49.038795,59.500477],[49.15145,59.505515],[49.363116,59.415805],[49.524864,59.39746],[49.527344,59.235144],[49.794925,59.233077],[49.833992,59.638143],[50.040388,59.681887],[49.998633,59.776765],[50.211747,59.754105],[50.386413,59.8395],[50.830107,59.870764],[51.075363,60.060727],[51.307184,60.028016],[51.421079,59.943422],[51.521331,59.946212],[51.802244,60.115246],[51.900429,60.24423],[52.060936,60.316913],[52.297821,60.241595],[52.323866,60.432126],[52.138451,60.472847],[52.1338,60.546847],[51.774235,60.605603],[51.889784,60.875819],[52.354769,60.843909],[52.442308,60.979637],[52.789781,60.94889],[52.876494,61.093842],[53.348713,61.037257],[53.353984,60.893441],[53.791063,60.847759],[53.853488,60.980206],[54.979518,60.86383],[55.062097,61.00899],[55.213715,61.018963],[55.315621,61.123039],[55.690172,61.08622],[55.841067,61.249647],[56.257373,61.206342],[56.390801,61.420231],[56.5449,61.435088],[56.70241,61.524772],[57.085953,61.48803],[57.204395,61.510871],[58.691539,61.502732],[59.023302,61.552393],[59.113942,61.615154],[59.348657,61.682178],[59.345143,61.856586],[59.485393,61.993271]]]},"properties":{"LOCATION_TYPE":"level1","ADM0_A3":"RUS","LOCATION_ID":"RUS-KO","NAME":"Komi","TYPE_EN":"Republic"}},
{"type":"Feature","geometry":{"type":"Polygon","coordinates":[[[54.352476,56.358524],[54.430197,56.342685],[54.531587,56.514897],[54.91823,56.391959],[54.968356,56.320439],[55.447706,56.340747],[55.548062,56.399503],[55.875794,56.436659],[56.073301,56.289484],[56.275253,56.305142],[56.40248,56.387411],[56.654558,56.220135],[56.729695,56.224062],[56.864054,56.1081],[57.21349,56.182049],[57.273538,56.304884],[57.408414,56.32912],[57.317463,56.373355],[57.37286,56.551975],[57.357564,56.681243],[57.218658,56.853016],[57.323044,56.919885],[57.559619,56.888311],[57.824616,56.974249],[57.868954,57.057965],[58.029874,57.099357],[58.038556,57.236507],[57.937994,57.331953],[57.995148,57.477319],[58.268103,57.669788],[58.436464,57.675963],[58.457755,57.587596],[58.579815,57.594366],[58.829825,57.726244],[58.864139,57.82722],[58.755825,57.848356],[58.60462,57.995633],[58.67831,58.1071],[58.868479,58.205491],[58.970592,58.199807],[59.202516,58.304607],[59.280547,58.412817],[59.45604,58.492761],[59.388551,58.590119],[59.387621,58.703291],[59.186393,58.710732],[59.08273,58.769333],[59.06578,58.884132],[59.181225,58.952991],[59.091102,59.021979],[59.175334,59.146519],[59.003458,59.230649],[58.669525,59.293229],[58.508398,59.440041],[58.310891,59.46805],[58.403081,59.552283],[58.451037,59.705038],[58.581882,59.715839],[58.675106,59.859241],[58.805021,59.862806],[58.9616,60.004942],[59.18846,60.277871],[59.168513,60.373705],[59.23931,60.480236],[59.385347,60.573512],[59.467719,60.807865],[59.457591,60.952972],[59.372945,60.970491],[59.358475,61.142857],[59.261014,61.222181],[59.317238,61.377288],[59.428445,61.506944],[59.348657,61.682178],[59.113942,61.615154],[59.023302,61.552393],[58.691539,61.502732],[57.204395,61.510871],[57.085953,61.48803],[56.70241,61.524772],[56.5449,61.435088],[56.390801,61.420231],[56.257373,61.206342],[55.841067,61.249647],[55.690172,61.08622],[55.315621,61.123039],[55.213715,61.018963],[55.062097,61.00899],[54.979518,60.86383],[53.853488,60.980206],[53.791063,60.847759],[53.353984,60.893441],[53.348713,61.037257],[52.876494,61.093842],[52.789781,60.94889],[52.442308,60.979637],[52.354769,60.843909],[51.889784,60.875819],[51.774235,60.605603],[52.1338,60.546847],[52.138451,60.472847],[52.323866,60.432126],[52.297821,60.241595],[52.453781,60.200512],[53.358118,60.166457],[53.457234,60.204801],[53.607612,60.142738],[53.706521,60.001196],[53.592109,59.7085],[53.418373,59.678476],[53.354294,59.500813],[53.205776,59.364],[53.334554,59.185173],[53.433669,59.143832],[53.876536,59.092802],[53.766569,59.021514],[53.726468,58.916818],[53.922011,58.782821],[53.750136,58.696779],[53.70466,58.594977],[53.784552,58.439896],[53.886045,58.319102],[53.810184,58.228126],[54.087169,57.994238],[54.156312,57.706245],[54.095954,57.60744],[54.188455,57.462746],[54.158173,57.314254],[54.314339,57.290509],[54.294702,57.083596],[54.341107,57.011869],[54.098641,56.965929],[54.088409,56.77116],[53.869095,56.713154],[53.959115,56.631582],[54.168301,56.534482],[54.352476,56.358524]]]},"properties":{"LOCATION_TYPE":"level1","ADM0_A3":"RUS","LOCATION_ID":"RUS-PER","NAME":"Perm'","TYPE_EN":"Territory"}},
{"type":"Feature","geometry":{"type":"Polygon","coordinates":[[[52.53853,54.37725],[52.481996,54.467167],[52.222684,54.444584],[52.099487,54.388463],[51.932675,54.436316],[51.935983,54.527628],[51.667575,54.567109],[51.513476,54.639301],[51.391313,54.601474],[51.168794,54.637285],[51.003843,54.539229],[50.948033,54.347587],[50.696885,54.426652],[50.519428,54.329759],[50.384243,54.48577],[50.077491,54.516466],[50.205649,54.418074],[50.256189,54.304903],[50.197381,54.038149],[49.9791,53.96575],[49.957189,53.906787],[49.624496,53.814623],[49.413656,53.86834],[49.299244,53.83997],[49.029287,53.857178],[48.874257,53.716437],[48.491128,53.770517],[48.456402,53.66582],[48.331345,53.624479],[48.37558,53.471181],[48.05684,53.476064],[47.948526,53.358681],[48.034515,53.314627],[48.143553,53.161872],[48.148514,53.058674],[48.221584,52.998936],[48.521721,52.978214],[48.592518,52.919406],[48.539704,52.830264],[48.436971,52.780448],[48.351189,52.669395],[48.523891,52.681849],[48.699694,52.639165],[48.73008,52.567954],[48.936062,52.475169],[49.159201,52.485841],[49.343686,52.468684],[49.477735,52.331431],[49.627803,52.366416],[49.812288,52.193094],[49.976929,52.183637],[50.221462,52.129893],[50.235931,52.035119],[50.517361,51.9914],[50.731508,51.914041],[50.767009,51.7594],[51.415188,52.102711],[51.452601,52.219345],[51.412914,52.350035],[51.562672,52.44729],[51.471412,52.569143],[51.545206,52.681384],[51.732274,52.668413],[51.771652,52.783187],[51.715118,52.840289],[51.862085,52.926072],[52.060936,52.999659],[52.068998,53.153913],[52.128426,53.173861],[52.192608,53.375166],[52.07923,53.501205],[52.253483,53.654348],[52.412543,53.927355],[52.37792,53.965905],[52.476415,54.077113],[52.339266,54.174187],[52.271466,54.326555],[52.505664,54.322473],[52.53853,54.37725]]]},"properties":{"LOCATION_TYPE":"level1","ADM0_A3":"RUS","LOCATION_ID":"RUS-SAM","NAME":"Samara","TYPE_EN":"Region"}},
{"type":"Feature","geometry":{"type":"Polygon","coordinates":[[[41.712627,45.996004],[41.65847,45.976057],[41.420139,45.994764],[41.375387,45.946808],[41.162377,45.953552],[41.260562,45.872032],[41.274411,45.754107],[41.172195,45.701629],[40.870302,45.695919],[40.840846,45.538823],[40.924769,45.42994],[41.008071,45.384827],[41.03825,45.21817],[41.359574,45.212021],[41.347068,45.121897],[41.469335,44.98697],[41.641521,44.980976],[41.651029,44.89664],[41.538374,44.736339],[41.417452,44.707762],[41.56659,44.546015],[41.729371,44.458553],[41.904554,44.494752],[41.944551,44.402923],[42.037982,44.363907],[42.229805,44.343702],[42.34587,44.305565],[42.499143,44.298898],[42.55547,44.244897],[42.303082,44.128521],[42.378116,43.971477],[42.496972,44.030439],[42.660063,43.9167],[42.683214,43.807171],[42.852093,43.817119],[42.975083,43.890965],[43.111198,43.896494],[43.17476,43.947809],[43.266021,43.909775],[43.300024,43.823992],[43.501769,43.866573],[43.728732,43.83872],[43.803352,43.940548],[43.906085,43.994214],[44.258519,43.924606],[44.284873,43.81885],[44.399285,43.795157],[44.693634,43.829883],[44.803498,43.802055],[44.838741,43.661056],[44.999972,43.704568],[45.079864,43.787715],[45.083378,43.95277],[45.189728,43.951736],[45.237373,43.880164],[45.43178,43.878614],[45.509398,44.015195],[45.506298,44.190481],[45.124099,44.202367],[45.130713,44.268306],[45.404495,44.317502],[45.398397,44.444419],[45.237373,44.460129],[45.27086,44.59056],[45.434881,44.617484],[45.613991,44.766002],[45.621123,44.898965],[45.705975,44.975782],[45.711866,45.013687],[45.586189,45.158303],[45.352509,45.243389],[44.706346,45.506008],[44.420989,45.52673],[44.148241,45.652511],[44.096978,45.773899],[43.87756,45.94549],[43.742271,45.978899],[43.568328,45.981018],[43.392525,46.016003],[43.237289,46.112431],[42.991412,46.179559],[42.905423,46.240279],[42.834626,46.155788],[42.671225,46.088402],[42.533456,45.997658],[42.317448,45.980811],[42.339669,46.107108],[42.177405,46.099099],[42.149707,45.948979],[41.712627,45.996004]]]},"properties":{"LOCATION_TYPE":"level1","ADM0_A3":"RUS","LOCATION_ID":"RUS-STA","NAME":"Stavropol'","TYPE_EN":"Territory"}},
{"type":"Feature","geometry":{"type":"Polygon","coordinates":[[[39.751507,45.126548],[39.641643,45.192952],[39.540047,45.15559],[39.324246,45.001233],[39.042299,44.965938],[38.920963,45.016529],[38.72821,45.012498],[38.760353,44.938601],[39.063797,44.81034],[39.552656,44.806516],[39.631617,44.857572],[39.489301,44.96661],[39.495088,45.030688],[39.639162,45.03397],[39.750267,44.934699],[39.883798,45.007434],[40.019811,44.723834],[39.914908,44.698616],[39.914804,44.582886],[39.792641,44.357112],[39.907776,44.324633],[39.970925,44.256007],[40.078205,44.244173],[39.988495,44.07762],[39.904676,44.076741],[39.800289,44.189809],[39.71802,44.117798],[39.754297,44.060877],[39.729699,43.917991],[39.930514,43.898096],[40.27902,43.751232],[40.336381,43.769241],[40.455236,43.981011],[40.383406,44.033385],[40.366456,44.198052],[40.43653,44.284403],[40.406351,44.4993],[40.327079,44.563999],[40.393638,44.725255],[40.554248,44.719751],[40.624528,44.767035],[40.527583,44.915192],[40.415549,44.999941],[40.17422,45.109598],[39.96431,45.074768],[39.751507,45.126548]]]},"properties":{"LOCATION_TYPE":"level1","ADM0_A3":"RUS","LOCATION_ID":"RUS-AD","NAME":"Adygey","TYPE_EN":"Republic"}}
]}