{"type":"FeatureCollection", "features": [
{"type":"Feature","geometry":{"type":"MultiPolygon","coordinates":[[[[-117.038151,48.992515],[-118.257066,48.992515],[-119.575875,48.992515],[-120.674955,48.992515],[-121.554152,48.992515],[-122.753017,48.992515],[-122.772532,48.886542],[-122.649648,48.763658],[-122.529937,48.768622],[-122.48412,48.634752],[-122.440297,48.580715],[-122.494252,48.529364],[-122.533762,48.374661],[-122.391754,48.30976],[-122.435943,48.234605],[-122.3756,48.213202],[-122.362294,48.122504],[-122.207346,48.01439],[-122.320424,47.942084],[-122.406117,47.777899],[-122.381093,47.72016],[-122.413482,47.641669],[-122.366811,47.442206],[-122.323598,47.372545],[-122.448476,47.268459],[-122.537099,47.278551],[-122.571604,47.209296],[-122.722483,47.089301],[-122.798207,47.15762],[-122.901235,47.130276],[-122.965077,47.181138],[-122.920481,47.278022],[-122.846018,47.315863],[-122.798695,47.204983],[-122.686269,47.301215],[-122.585927,47.336371],[-122.507924,47.520331],[-122.592152,47.597073],[-122.628407,47.692939],[-122.468373,47.756537],[-122.528066,47.905504],[-122.588287,47.904446],[-122.733754,47.74258],[-122.763539,47.669135],[-122.949045,47.597073],[-122.839182,47.78205],[-122.736399,47.79442],[-122.667836,47.870795],[-122.67809,47.935696],[-122.791982,48.082913],[-122.794911,48.141181],[-122.999135,48.091742],[-123.111809,48.149028],[-123.246927,48.115334],[-123.5846,48.135417],[-123.700344,48.164911],[-124.050182,48.177263],[-124.227651,48.258531],[-124.399214,48.29358],[-124.574894,48.370408],[-124.661488,48.319525],[-124.689443,48.213446],[-124.734607,48.170404],[-124.689443,48.100165],[-124.63813,47.907864],[-124.483469,47.812934],[-124.42276,47.741889],[-124.350819,47.54682],[-124.317808,47.357351],[-124.211707,47.226638],[-124.171892,47.041949],[-124.027699,47.028144],[-124.012884,46.983726],[-123.881693,46.941664],[-124.046928,46.891136],[-124.101308,46.808661],[-124.093379,46.743228],[-123.913002,46.727769],[-123.898061,46.441636],[-124.014251,46.385119],[-124.017893,46.568549],[-124.062611,46.595933],[-124.06379,46.356267],[-123.925174,46.251541],[-123.692967,46.305202],[-123.603179,46.260077],[-123.478912,46.275865],[-123.297939,46.151545],[-123.180095,46.179102],[-123.111835,46.186479],[-122.910175,46.10789],[-122.806537,45.978129],[-122.738861,45.662846],[-122.673114,45.625737],[-122.539618,45.621879],[-122.261054,45.566313],[-121.971063,45.642338],[-121.792645,45.721391],[-121.570233,45.729447],[-121.271845,45.708769],[-121.13288,45.62415],[-121.043915,45.652934],[-120.900116,45.641801],[-120.668622,45.703373],[-120.620966,45.730863],[-120.47016,45.710136],[-120.229901,45.737065],[-120.12724,45.789091],[-119.934198,45.837968],[-119.66247,45.87183],[-119.591693,45.921147],[-119.341327,45.946147],[-119.093329,45.948832],[-119.002362,45.999516],[-117.916571,46.000541],[-116.878827,46.001469],[-116.960638,46.104765],[-116.909149,46.183427],[-116.942084,46.259721],[-117.036835,46.363261],[-117.041492,46.603534],[-117.041492,47.420255],[-117.042949,48.054834],[-117.03493,48.358915],[-117.038151,48.992515]]],[[[-122.435129,47.425727],[-122.510243,47.455797],[-122.510487,47.332099],[-122.374338,47.383246],[-122.435129,47.425727]]],[[[-122.359364,47.97663],[-122.460032,48.053453],[-122.54662,48.017035],[-122.59553,48.20539],[-122.665028,48.226386],[-122.593984,48.307929],[-122.668446,48.36286],[-122.75121,48.249945],[-122.74413,48.205878],[-122.600168,48.130113],[-122.614858,48.074897],[-122.530344,47.967353],[-122.359364,47.97663]]],[[[-123.020172,48.499335],[-122.977651,48.531317],[-123.12914,48.620063],[-123.177561,48.598822],[-123.116363,48.484198],[-123.020172,48.499335]]],[[[-122.745839,48.664374],[-122.929311,48.708441],[-123.026357,48.636461],[-122.861928,48.601711],[-122.745839,48.664374]]]]},"properties":{"LOCATION_TYPE":"level1","ADM0_A3":"USA","LOCATION_ID":"USA-WA","NAME":"Washington","TYPE_EN":"State"}},
{"type":"Feature","geometry":{"type":"Polygon","coordinates":[[[-117.038151,48.992515],[-117.03493,48.358915],[-117.042949,48.054834],[-117.041492,47.420255],[-117.041492,46.603534],[-117.036835,46.363261],[-116.942084,46.259721],[-116.909149,46.183427],[-116.960638,46.104765],[-116.878827,46.001469],[-116.838593,45.909867],[-116.759393,45.837968],[-116.687787,45.826713],[-116.530121,45.751567],[-116.463666,45.642436],[-116.462958,45.581913],[-116.649042,45.347514],[-116.71745,45.151371],[-116.823505,45.035795],[-116.832806,44.919877],[-116.917279,44.802592],[-117.010565,44.74998],[-117.112274,44.572831],[-117.203803,44.482499],[-117.195062,44.297709],[-116.986005,44.271879],[-116.896942,44.185917],[-116.968695,44.0835],[-116.934174,44.028544],[-117.020184,43.785087],[-117.018475,42.927983],[-117.01662,41.99954],[-115.715497,41.99976],[-114.971991,41.999858],[-114.042548,42.000077],[-113.481512,42.000004],[-112.359393,41.999906],[-111.050238,41.999833],[-111.050555,42.780473],[-111.050873,43.405009],[-111.051093,43.873393],[-111.051386,44.49788],[-111.210223,44.59434],[-111.307953,44.732353],[-111.451727,44.721781],[-111.494428,44.643901],[-111.502826,44.547612],[-111.68205,44.565751],[-111.799384,44.528495],[-111.870013,44.562406],[-112.081635,44.538725],[-112.233466,44.568705],[-112.322626,44.540287],[-112.35993,44.471391],[-112.680267,44.505473],[-112.827509,44.425492],[-112.922968,44.42017],[-112.995526,44.465238],[-112.996088,44.537113],[-113.068207,44.614115],[-113.045062,44.652104],[-113.183344,44.804447],[-113.324115,44.792143],[-113.412787,44.847489],[-113.481415,44.933549],[-113.430072,45.000956],[-113.513104,45.124272],[-113.711395,45.304789],[-113.754022,45.410258],[-113.789252,45.583964],[-113.957269,45.692607],[-114.114325,45.570512],[-114.215448,45.54517],[-114.329584,45.483305],[-114.45058,45.558891],[-114.544916,45.576542],[-114.493671,45.705058],[-114.549921,45.7835],[-114.495087,45.844682],[-114.389105,45.895903],[-114.411151,45.988139],[-114.482929,46.05579],[-114.433197,46.191386],[-114.454364,46.26995],[-114.409418,46.341923],[-114.340546,46.530815],[-114.323334,46.633891],[-114.359808,46.677983],[-114.567035,46.64434],[-114.622748,46.720097],[-114.905414,46.84185],[-114.917084,46.917655],[-115.274066,47.191899],[-115.341669,47.268534],[-115.510126,47.312724],[-115.5862,47.388432],[-115.717255,47.436528],[-115.643109,47.485844],[-115.733124,47.560722],[-115.676532,47.604496],[-115.718915,47.699784],[-115.825629,47.781742],[-115.855048,47.843852],[-116.048944,48.003691],[-116.048163,48.992515],[-117.038151,48.992515]]]},"properties":{"LOCATION_TYPE":"level1","ADM0_A3":"USA","LOCATION_ID":"USA-ID","NAME":"Idaho","TYPE_EN":"State"}},
{"type":"Feature","geometry":{"type":"Polygon","coordinates":[[[-116.048163,48.992515],[-116.048944,48.003691],[-115.855048,47.843852],[-115.825629,47.781742],[-115.718915,47.699784],[-115.676532,47.604496],[-115.733124,47.560722],[-115.643109,47.485844],[-115.717255,47.436528],[-115.5862,47.388432],[-115.510126,47.312724],[-115.341669,47.268534],[-115.274066,47.191899],[-114.917084,46.917655],[-114.905414,46.84185],[-114.622748,46.720097],[-114.567035,46.64434],[-114.359808,46.677983],[-114.323334,46.633891],[-114.340546,46.530815],[-114.409418,46.341923],[-114.454364,46.26995],[-114.433197,46.191386],[-114.482929,46.05579],[-114.411151,45.988139],[-114.389105,45.895903],[-114.495087,45.844682],[-114.549921,45.7835],[-114.493671,45.705058],[-114.544916,45.576542],[-114.45058,45.558891],[-114.329584,45.483305],[-114.215448,45.54517],[-114.114325,45.570512],[-113.957269,45.692607],[-113.789252,45.583964],[-113.754022,45.410258],[-113.711395,45.304789],[-113.513104,45.124272],[-113.430072,45.000956],[-113.481415,44.933549],[-113.412787,44.847489],[-113.324115,44.792143],[-113.183344,44.804447],[-113.045062,44.652104],[-113.068207,44.614115],[-112.996088,44.537113],[-112.995526,44.465238],[-112.922968,44.42017],[-112.827509,44.425492],[-112.680267,44.505473],[-112.35993,44.471391],[-112.322626,44.540287],[-112.233466,44.568705],[-112.081635,44.538725],[-111.870013,44.562406],[-111.799384,44.528495],[-111.68205,44.565751],[-111.502826,44.547612],[-111.494428,44.643901],[-111.451727,44.721781],[-111.307953,44.732353],[-111.210223,44.59434],[-111.051386,44.49788],[-111.0508,45.000029],[-109.91225,45.000029],[-108.715448,45.000029],[-107.845062,45.000029],[-107.192255,45.000102],[-106.321893,45.000102],[-105.777899,45.000102],[-104.798749,45.000102],[-104.056659,45.000102],[-104.039301,44.999931],[-104.044891,45.942021],[-104.046259,46.633256],[-104.046259,47.133793],[-104.046259,47.968022],[-104.047574,48.992618],[-104.628854,48.992618],[-105.508155,48.992618],[-106.607183,48.992618],[-107.266626,48.992618],[-108.145797,48.992618],[-109.464709,48.992618],[-110.563712,48.992618],[-111.442883,48.992618],[-112.322183,48.992618],[-113.641043,48.992515],[-114.520266,48.992515],[-115.179657,48.992515],[-116.048163,48.992515]]]},"properties":{"LOCATION_TYPE":"level1","ADM0_A3":"USA","LOCATION_ID":"USA-MT","NAME":"Montana","TYPE_EN":"State"}},
{"type":"Feature","geometry":{"type":"Polygon","coordinates":[[[-104.047574,48.992618],[-104.046259,47.968022],[-104.046259,47.133793],[-104.046259,46.633256],[-104.044891,45.942021],[-103.545087,45.941996],[-102.6133,45.941996],[-102.147382,45.941996],[-101.215546,45.941947],[-100.749579,45.941899],[-99.817792,45.941899],[-99.118866,45.94185],[-98.187054,45.94185],[-97.488178,45.941801],[-96.556342,45.941752],[-96.556708,46.103031],[-96.60163,46.32393],[-96.70871,46.43372],[-96.753046,46.59705],[-96.794672,46.642265],[-96.787225,46.871928],[-96.828192,47.002299],[-96.828192,47.166752],[-96.849921,47.259233],[-96.852948,47.488261],[-96.894403,47.679057],[-96.991815,47.815165],[-97.035028,47.951957],[-97.129657,48.170561],[-97.115179,48.28123],[-97.14411,48.376469],[-97.122821,48.428569],[-97.157172,48.534135],[-97.100971,48.650517],[-97.229218,48.968632],[-97.226089,48.99267],[-98.034606,48.99267],[-98.694049,48.99267],[-99.793103,48.99267],[-100.672274,48.99267],[-101.991186,48.99267],[-102.870383,48.992618],[-104.047574,48.992618]]]},"properties":{"LOCATION_TYPE":"level1","ADM0_A3":"USA","LOCATION_ID":"USA-ND","NAME":"North Dakota","TYPE_EN":"State"}},
{"type":"Feature","geometry":{"type":"Polygon","coordinates":[[[-97.226089,48.99267],[-97.229218,48.968632],[-97.100971,48.650517],[-97.157172,48.534135],[-97.122821,48.428569],[-97.14411,48.376469],[-97.115179,48.28123],[-97.129657,48.170561],[-97.035028,47.951957],[-96.991815,47.815165],[-96.894403,47.679057],[-96.852948,47.488261],[-96.849921,47.259233],[-96.828192,47.166752],[-96.828192,47.002299],[-96.787225,46.871928],[-96.794672,46.642265],[-96.753046,46.59705],[-96.70871,46.43372],[-96.60163,46.32393],[-96.556708,46.103031],[-96.556342,45.941752],[-96.637909,45.763529],[-96.846405,45.642948],[-96.863055,45.600761],[-96.688153,45.408964],[-96.566473,45.393534],[-96.453607,45.296562],[-96.453558,44.378837],[-96.453558,43.500126],[-95.803168,43.500199],[-94.827509,43.500346],[-93.851874,43.500492],[-92.876239,43.500639],[-91.90058,43.50081],[-91.25014,43.500956],[-91.249213,43.768949],[-91.295013,43.918974],[-91.36098,43.944828],[-91.425971,44.022514],[-91.540985,44.065605],[-91.662616,44.073271],[-91.836884,44.18184],[-91.950116,44.335722],[-92.102606,44.436918],[-92.27265,44.465824],[-92.393768,44.579594],[-92.584662,44.607963],[-92.819794,44.757841],[-92.758344,44.925737],[-92.802435,45.077983],[-92.755389,45.106645],[-92.772821,45.187529],[-92.750897,45.299711],[-92.70849,45.332743],[-92.667743,45.445439],[-92.750897,45.559184],[-92.883197,45.576127],[-92.881976,45.715922],[-92.795331,45.775346],[-92.704096,45.91309],[-92.363348,46.027299],[-92.292572,46.083329],[-92.291596,46.659672],[-92.207294,46.673832],[-92.109955,46.768656],[-91.964862,46.728739],[-91.468304,46.924052],[-90.653973,47.308061],[-89.957636,47.286112],[-89.498962,47.995095],[-89.803454,48.013763],[-89.902441,47.985909],[-89.980317,48.010094],[-90.073257,48.101199],[-90.178625,48.116444],[-90.531601,48.08456],[-90.786469,48.10045],[-90.840678,48.220107],[-90.923153,48.227109],[-91.071103,48.170859],[-91.276362,48.064768],[-91.427929,48.036449],[-91.574845,48.048205],[-91.692512,48.097866],[-91.764988,48.187344],[-91.957302,48.228323],[-92.043421,48.334596],[-92.154732,48.350125],[-92.303095,48.310928],[-92.291029,48.249562],[-92.38464,48.232406],[-92.462465,48.329299],[-92.467581,48.394282],[-92.526932,48.445623],[-92.704052,48.445158],[-92.648604,48.536263],[-92.884197,48.579878],[-92.97972,48.61768],[-93.25774,48.630314],[-93.451475,48.597422],[-93.491756,48.542309],[-93.756779,48.516549],[-93.874885,48.636206],[-94.23215,48.652019],[-94.311577,48.713927],[-94.4795,48.700698],[-94.592852,48.726433],[-94.710907,48.807513],[-94.711217,48.914586],[-94.811185,49.166561],[-94.827256,49.292858],[-94.982518,49.356162],[-95.160569,49.369494],[-95.159329,49.01179],[-95.177106,48.99267],[-95.836497,48.99267],[-96.715797,48.99267],[-97.226089,48.99267]]]},"properties":{"LOCATION_TYPE":"level1","ADM0_A3":"USA","LOCATION_ID":"USA-MN","NAME":"Minnesota","TYPE_EN":"State"}},
{"type":"Feature","geometry":{"type":"Polygon","coordinates":[[[-89.498962,47.995095],[-89.957636,47.286112],[-90.412543,46.584233],[-90.392279,46.547929],[-90.230341,46.508744],[-90.1185,46.340629],[-89.119232,46.148173],[-88.837274,46.0356],[-88.642084,46.00811],[-88.537347,46.026054],[-88.335907,45.977323],[-88.187738,45.959379],[-88.115204,45.924589],[-88.072528,45.78748],[-87.909637,45.760502],[-87.802606,45.68704],[-87.811932,45.484696],[-87.882196,45.377397],[-87.654804,45.36143],[-87.726654,45.243754],[-87.726654,45.182817],[-87.653558,45.120756],[-87.436049,45.078976],[-87.403325,45.204963],[-87.1988,45.32277],[-87.092447,45.443848],[-86.763571,45.443848],[-86.250623,45.236051],[-86.448603,45.114972],[-86.595042,44.990621],[-86.714642,44.84517],[-86.851926,44.562755],[-86.999896,44.16768],[-87.114374,43.76519],[-87.147166,43.379859],[-87.131716,43.236616],[-87.018818,42.496236],[-87.067332,42.34201],[-87.207733,41.759674],[-86.813593,41.75955],[-85.882538,41.759159],[-84.806075,41.758275],[-84.806075,41.696806],[-84.303152,41.707312],[-83.413763,41.735267],[-83.130862,41.938029],[-83.159493,42.046324],[-83.128513,42.239955],[-83.040353,42.331862],[-82.800135,42.41798],[-82.644331,42.557817],[-82.575833,42.571795],[-82.511264,42.646675],[-82.471344,42.779845],[-82.485271,42.818524],[-82.414603,42.983243],[-82.411089,43.051275],[-82.153611,43.549591],[-82.147565,43.611344],[-82.291846,44.24221],[-82.436023,44.872973],[-82.532141,45.293516],[-82.588778,45.371805],[-83.19931,45.641556],[-83.483974,45.771937],[-83.636867,45.773944],[-83.465857,45.993111],[-83.613884,46.115636],[-83.839296,46.119202],[-83.9473,46.0606],[-84.086801,46.201212],[-84.10543,46.347741],[-84.158812,46.433343],[-84.110443,46.526464],[-84.197285,46.546359],[-84.30534,46.501607],[-84.42324,46.511581],[-84.492176,46.456881],[-84.589406,46.475123],[-84.773322,46.633434],[-84.87869,46.897914],[-85.508626,47.163221],[-86.637058,47.624123],[-87.409259,47.929995],[-88.347264,48.298655],[-88.407906,48.304055],[-88.642724,48.25659],[-89.340382,47.984152],[-89.498962,47.995095]]]},"properties":{"LOCATION_TYPE":"level1","ADM0_A3":"USA","LOCATION_ID":"USA-MI","NAME":"Michigan","TYPE_EN":"State"}},
{"type":"Feature","geometry":{"type":"Polygon","coordinates":[[[-83.130862,41.938029],[-83.413763,41.735267],[-84.303152,41.707312],[-84.806075,41.696806],[-84.80036,41.293681],[-84.808905,40.480278],[-84.814081,39.992192],[-84.823529,39.097416],[-84.721112,39.142802],[-84.637225,39.077299],[-84.444159,39.101811],[-84.321942,39.029496],[-84.195575,38.810551],[-84.083978,38.777763],[-83.972479,38.789311],[-83.865863,38.762236],[-83.714276,38.638529],[-83.650702,38.636039],[-83.534296,38.707402],[-83.368695,38.65977],[-83.305072,38.601445],[-83.133637,38.627934],[-83.030975,38.715873],[-82.886322,38.744828],[-82.82663,38.586479],[-82.698212,38.535453],[-82.589447,38.419316],[-82.509003,38.409135],[-82.331683,38.443608],[-82.263104,38.597538],[-82.192743,38.595317],[-82.187543,38.715312],[-82.20871,38.78599],[-82.058368,39.003227],[-82.002972,39.021708],[-81.84848,38.913432],[-81.783637,38.932719],[-81.746088,39.193363],[-81.68244,39.271],[-81.569354,39.287675],[-81.554266,39.344218],[-81.4789,39.40059],[-81.388446,39.362162],[-81.226947,39.398466],[-81.125775,39.453691],[-81.055341,39.530033],[-80.875238,39.628788],[-80.841107,39.790483],[-80.758685,39.929399],[-80.739081,40.06082],[-80.656757,40.255375],[-80.600555,40.323344],[-80.627094,40.409696],[-80.601508,40.471391],[-80.676849,40.588798],[-80.520233,40.646781],[-80.520233,41.170976],[-80.520233,41.69517],[-80.520233,42.323782],[-81.276662,42.208665],[-81.994241,41.876205],[-82.424861,41.676811],[-82.666913,41.669086],[-82.711122,41.680248],[-83.068413,41.847731],[-83.130862,41.938029]]]},"properties":{"LOCATION_TYPE":"level1","ADM0_A3":"USA","LOCATION_ID":"USA-OH","NAME":"Ohio","TYPE_EN":"State"}},
{"type":"Feature","geometry":{"type":"Polygon","coordinates":[[[-80.520233,42.323782],[-80.520233,41.69517],[-80.520233,41.170976],[-80.520233,40.646781],[-80.519403,39.721488],[-79.477435,39.721757],[-78.438837,39.721611],[-77.861835,39.721562],[-77.169452,39.721488],[-76.361664,39.721342],[-75.788644,39.721318],[-75.731122,39.782304],[-75.601263,39.837846],[-75.424463,39.806614],[-75.391713,39.839586],[-75.147776,39.902574],[-75.1197,39.974189],[-75.02359,40.016303],[-74.837762,40.114921],[-74.739374,40.184867],[-74.895502,40.323442],[-75.064423,40.454008],[-75.088788,40.558329],[-75.182196,40.57039],[-75.188739,40.758549],[-75.105438,40.795634],[-75.061224,40.891508],[-75.139545,40.982206],[-75.026996,41.046806],[-74.886298,41.180839],[-74.844696,41.272978],[-74.698993,41.356254],[-74.749139,41.434672],[-74.886298,41.448344],[-74.99787,41.513847],[-75.063934,41.615702],[-75.055878,41.774906],[-75.078949,41.82808],[-75.177411,41.879716],[-75.249139,41.882402],[-75.263055,41.948002],[-75.338983,41.997392],[-76.597723,41.9981],[-77.141864,41.998417],[-78.094135,41.998979],[-78.910346,41.999443],[-79.762909,41.999858],[-79.763007,42.537705],[-80.246596,42.365477],[-80.520233,42.323782]]]},"properties":{"LOCATION_TYPE":"level1","ADM0_A3":"USA","LOCATION_ID":"USA-PA","NAME":"Pennsylvania","TYPE_EN":"State"}},
{"type":"Feature","geometry":{"type":"MultiPolygon","coordinates":[[[[-79.763007,42.537705],[-79.762909,41.999858],[-78.910346,41.999443],[-78.094135,41.998979],[-77.141864,41.998417],[-76.597723,41.9981],[-75.338983,41.997392],[-75.263055,41.948002],[-75.249139,41.882402],[-75.177411,41.879716],[-75.078949,41.82808],[-75.055878,41.774906],[-75.063934,41.615702],[-74.99787,41.513847],[-74.886298,41.448344],[-74.749139,41.434672],[-74.698993,41.356254],[-73.907135,40.99079],[-73.917877,41.16352],[-73.875315,41.153266],[-73.872182,41.033637],[-73.926829,40.804796],[-73.81991,40.83913],[-73.764394,40.910102],[-73.642865,41.001065],[-73.722968,41.103495],[-73.4841,41.217924],[-73.544696,41.294926],[-73.480536,42.054545],[-73.507245,42.078984],[-73.265516,42.745601],[-73.266522,42.863749],[-73.24704,43.552006],[-73.301434,43.623808],[-73.420721,43.64849],[-73.368256,43.74766],[-73.409979,44.006205],[-73.438544,44.052763],[-73.373309,44.210697],[-73.329755,44.23477],[-73.332684,44.363847],[-73.294721,44.469682],[-73.366718,44.573979],[-73.376093,44.65247],[-73.337787,44.801152],[-73.375604,44.844145],[-73.337299,44.955302],[-73.351341,45.004634],[-73.997649,45.00144],[-74.741557,44.998857],[-74.868474,45.010122],[-75.129647,44.925166],[-75.270233,44.863774],[-75.69969,44.581673],[-75.870325,44.408608],[-76.067264,44.347992],[-76.178679,44.278642],[-76.206636,44.217405],[-76.317172,44.185056],[-76.454631,44.084235],[-76.797194,43.64527],[-76.841532,43.625504],[-77.533997,43.627855],[-78.688086,43.631808],[-78.750821,43.617055],[-79.17431,43.464532],[-79.053775,43.260358],[-79.062947,43.096544],[-79.031967,43.013422],[-78.915256,42.947612],[-78.918951,42.889244],[-79.019384,42.802686],[-79.763007,42.537705]]],[[[-74.126088,40.63349],[-74.191802,40.628264],[-74.192361,40.511489],[-74.053569,40.602704],[-74.126088,40.63349]]],[[[-71.918935,41.064887],[-71.958068,41.069718],[-72.108998,41.00141],[-72.155385,41.054999],[-72.270104,41.002428],[-72.367184,40.9946],[-72.457143,40.910264],[-72.580044,40.932878],[-72.606109,40.989936],[-72.781121,40.96508],[-73.113149,40.973456],[-73.224599,40.908271],[-73.485687,40.945626],[-73.520463,40.917602],[-73.720204,40.866238],[-73.76426,40.810032],[-73.9086,40.788677],[-74.035835,40.638859],[-73.988125,40.56937],[-73.829559,40.648819],[-73.707343,40.582794],[-73.561121,40.638049],[-73.372217,40.662365],[-73.233323,40.714505],[-72.946817,40.741892],[-72.726961,40.807789],[-72.60528,40.80133],[-72.406658,40.862072],[-71.929512,41.037848],[-71.918935,41.064887]]]]},"properties":{"LOCATION_TYPE":"level1","ADM0_A3":"USA","LOCATION_ID":"USA-NY","NAME":"New York","TYPE_EN":"State"}},
{"type":"Feature","geometry":{"type":"Polygon","coordinates":[[[-73.351341,45.004634],[-73.337299,44.955302],[-73.375604,44.844145],[-73.337787,44.801152],[-73.376093,44.65247],[-73.366718,44.573979],[-73.294721,44.469682],[-73.332684,44.363847],[-73.329755,44.23477],[-73.373309,44.210697],[-73.438544,44.052763],[-73.409979,44.006205],[-73.368256,43.74766],[-73.420721,43.64849],[-73.301434,43.623808],[-73.24704,43.552006],[-73.266522,42.863749],[-73.265516,42.745601],[-72.466815,42.729277],[-72.555463,42.877958],[-72.480536,42.989164],[-72.433685,43.263139],[-72.40368,43.300248],[-72.39787,43.531401],[-72.324823,43.633256],[-72.306317,43.720072],[-72.213544,43.784623],[-72.180756,43.88477],[-72.049237,44.142875],[-72.042255,44.281694],[-71.983368,44.339213],[-71.840497,44.357206],[-71.678021,44.446122],[-71.598285,44.515141],[-71.54997,44.596366],[-71.635004,44.740312],[-71.514618,44.895048],[-71.505848,45.013731],[-72.301964,45.00976],[-73.351341,45.004634]]]},"properties":{"LOCATION_TYPE":"level1","ADM0_A3":"USA","LOCATION_ID":"USA-VT","NAME":"Vermont","TYPE_EN":"State"}},
{"type":"Feature","geometry":{"type":"Polygon","coordinates":[[[-71.505848,45.013731],[-71.514618,44.895048],[-71.635004,44.740312],[-71.54997,44.596366],[-71.598285,44.515141],[-71.678021,44.446122],[-71.840497,44.357206],[-71.983368,44.339213],[-72.042255,44.281694],[-72.049237,44.142875],[-72.180756,43.88477],[-72.213544,43.784623],[-72.306317,43.720072],[-72.324823,43.633256],[-72.39787,43.531401],[-72.40368,43.300248],[-72.433685,43.263139],[-72.480536,42.989164],[-72.555463,42.877958],[-72.466815,42.729277],[-71.306317,42.700859],[-71.19621,42.752153],[-71.15163,42.809721],[-71.083319,42.81707],[-70.925555,42.886528],[-70.814281,42.877295],[-70.728383,43.011298],[-70.744089,43.083808],[-70.825116,43.161454],[-70.817059,43.239897],[-70.972626,43.38311],[-70.957831,43.562211],[-70.999042,44.127348],[-71.049823,44.823051],[-71.084952,45.304293],[-71.141725,45.252329],[-71.293396,45.292327],[-71.394888,45.241529],[-71.505848,45.013731]]]},"properties":{"LOCATION_TYPE":"level1","ADM0_A3":"USA","LOCATION_ID":"USA-NH","NAME":"New Hampshire","TYPE_EN":"State"}},
{"type":"Feature","geometry":{"type":"MultiPolygon","coordinates":[[[[-71.084952,45.304293],[-71.049823,44.823051],[-70.999042,44.127348],[-70.957831,43.562211],[-70.972626,43.38311],[-70.817059,43.239897],[-70.825116,43.161454],[-70.744089,43.083808],[-70.660146,43.094143],[-70.568918,43.22899],[-70.581654,43.274888],[-70.519521,43.339545],[-70.382436,43.393744],[-70.356435,43.526964],[-70.204945,43.561143],[-70.239125,43.700059],[-70.108835,43.806749],[-69.985829,43.862779],[-69.8579,43.754259],[-69.787302,43.737535],[-69.649403,43.897569],[-69.567494,43.941636],[-69.47879,43.880316],[-69.430369,43.993109],[-69.370147,44.021511],[-69.263417,43.929918],[-69.191396,43.952175],[-69.118764,44.04088],[-69.088328,44.136501],[-68.998972,44.294786],[-68.944569,44.348822],[-68.986602,44.421169],[-68.827626,44.479112],[-68.800323,44.445583],[-68.82079,44.314643],[-68.756215,44.334459],[-68.633494,44.296251],[-68.52599,44.294786],[-68.563018,44.40058],[-68.269805,44.48607],[-68.111521,44.480089],[-68.097524,44.385728],[-68.019521,44.376695],[-67.899607,44.422105],[-67.852284,44.48253],[-67.874867,44.541775],[-67.80663,44.575385],[-67.683705,44.548041],[-67.574981,44.553494],[-67.539052,44.646226],[-67.40453,44.605699],[-67.326853,44.657253],[-67.224395,44.644232],[-66.977325,44.815538],[-67.062734,44.931423],[-67.051991,44.983385],[-67.10029,45.069363],[-67.206166,45.189401],[-67.356272,45.165926],[-67.475024,45.282353],[-67.428825,45.38705],[-67.493214,45.493142],[-67.42619,45.533449],[-67.449961,45.610809],[-67.660336,45.637371],[-67.80012,45.699847],[-67.772835,45.828057],[-67.789733,46.229014],[-67.805185,47.035631],[-67.962436,47.197689],[-68.197047,47.341401],[-68.299728,47.367833],[-68.385614,47.301713],[-68.539662,47.299853],[-68.644203,47.245283],[-68.761819,47.23704],[-68.906229,47.190221],[-69.0402,47.249055],[-69.069655,47.431886],[-69.221972,47.459688],[-69.267628,47.439844],[-70.007763,46.704075],[-70.074323,46.419545],[-70.188398,46.358412],[-70.280899,46.211857],[-70.244002,46.141009],[-70.311362,46.071866],[-70.316892,45.999002],[-70.262528,45.923038],[-70.41717,45.793795],[-70.407351,45.731525],[-70.589614,45.651788],[-70.686792,45.572723],[-70.722836,45.470921],[-70.833837,45.393096],[-70.835258,45.309794],[-70.906908,45.246232],[-70.951608,45.332014],[-71.084952,45.304293]]],[[[-68.244822,44.424506],[-68.35497,44.423285],[-68.434804,44.299994],[-68.414052,44.258612],[-68.176544,44.328315],[-68.244822,44.424506]]]]},"properties":{"LOCATION_TYPE":"level1","ADM0_A3":"USA","LOCATION_ID":"USA-ME","NAME":"Maine","TYPE_EN":"State"}},
{"type":"Feature","geometry":{"type":"Polygon","coordinates":[[[-114.724285,32.712836],[-114.802678,32.594497],[-114.822108,32.50024],[-113.961696,32.234132],[-113.143218,31.981046],[-112.324715,31.727987],[-111.506238,31.474979],[-111.067118,31.333644],[-111.006269,31.327185],[-109.96628,31.327236],[-109.04743,31.327391],[-109.047382,31.686772],[-109.04726,32.395219],[-109.047211,32.926493],[-109.047113,33.457817],[-109.047064,33.989091],[-109.046942,34.520365],[-109.046893,35.228813],[-109.046796,35.760087],[-109.046747,36.291386],[-109.046625,36.999809],[-109.826849,37.000321],[-110.763178,37.000932],[-111.231317,37.001249],[-112.011591,37.001762],[-112.479706,37.002079],[-113.415985,37.00269],[-114.040204,37.003129],[-114.042011,36.219779],[-114.123895,36.045854],[-114.233637,36.024418],[-114.347504,36.139799],[-114.435492,36.127714],[-114.554779,36.160527],[-114.721185,36.092729],[-114.739569,35.985795],[-114.666815,35.87393],[-114.693475,35.822416],[-114.686664,35.719389],[-114.645062,35.630644],[-114.667621,35.517045],[-114.590887,35.352885],[-114.572626,35.191239],[-114.635516,35.137187],[-114.628217,35.003569],[-114.616962,34.879301],[-114.542352,34.767875],[-114.494257,34.753593],[-114.367206,34.530131],[-114.363788,34.467045],[-114.12514,34.327787],[-114.127387,34.279667],[-114.243842,34.193705],[-114.382147,34.12371],[-114.416937,34.048466],[-114.522186,33.941435],[-114.503217,33.754277],[-114.535858,33.561869],[-114.625848,33.437138],[-114.717377,33.416606],[-114.721332,33.306303],[-114.673016,33.204985],[-114.696747,33.08936],[-114.627338,33.040946],[-114.536542,33.03538],[-114.473749,32.985258],[-114.458002,32.876713],[-114.522186,32.807133],[-114.535858,32.738237],[-114.682929,32.7481],[-114.724285,32.712836]]]},"properties":{"LOCATION_TYPE":"level1","ADM0_A3":"USA","LOCATION_ID":"USA-AZ","NAME":"Arizona","TYPE_EN":"State"}},
{"type":"Feature","geometry":{"type":"MultiPolygon","coordinates":[[[[-114.724285,32.712836],[-114.682929,32.7481],[-114.535858,32.738237],[-114.522186,32.807133],[-114.458002,32.876713],[-114.473749,32.985258],[-114.536542,33.03538],[-114.627338,33.040946],[-114.696747,33.08936],[-114.673016,33.204985],[-114.721332,33.306303],[-114.717377,33.416606],[-114.625848,33.437138],[-114.535858,33.561869],[-114.503217,33.754277],[-114.522186,33.941435],[-114.416937,34.048466],[-114.382147,34.12371],[-114.243842,34.193705],[-114.127387,34.279667],[-114.12514,34.327787],[-114.363788,34.467045],[-114.367206,34.530131],[-114.494257,34.753593],[-114.542352,34.767875],[-114.616962,34.879301],[-114.628217,35.003569],[-115.193793,35.437846],[-115.53493,35.705717],[-116.177582,36.210429],[-116.65954,36.58892],[-117.392889,37.140141],[-118.126215,37.691337],[-118.8289,38.181791],[-119.297333,38.508769],[-120.000018,38.999223],[-120.000238,39.618168],[-120.000409,40.350883],[-120.000458,40.717265],[-120.000604,41.44998],[-120.000751,41.99954],[-120.785443,41.99954],[-121.831708,41.99954],[-122.616425,41.99954],[-123.401093,41.99954],[-124.214521,41.99954],[-124.218837,41.850006],[-124.262895,41.776428],[-124.159459,41.736675],[-124.102773,41.602607],[-124.062155,41.435876],[-124.124262,41.181809],[-124.16289,41.13908],[-124.110413,41.015253],[-124.213845,40.701402],[-124.273875,40.700047],[-124.409202,40.443818],[-124.348283,40.318907],[-124.36351,40.261481],[-124.115793,40.107123],[-123.854019,39.833514],[-123.795967,39.691868],[-123.769768,39.544646],[-123.816509,39.443998],[-123.824924,39.347296],[-123.689076,39.027899],[-123.725242,38.960372],[-123.648307,38.849535],[-123.433607,38.686795],[-123.252658,38.510666],[-123.128729,38.44931],[-123.029522,38.312692],[-122.974535,38.266194],[-122.949648,38.143991],[-123.015998,38.000695],[-122.921112,38.034871],[-122.821432,37.99767],[-122.727738,37.90304],[-122.672392,37.906574],[-122.528426,37.816372],[-122.438801,37.882083],[-122.50344,37.924812],[-122.487422,38.104827],[-122.39652,38.153231],[-122.271459,38.074509],[-122.121083,38.059882],[-122.055165,38.133734],[-121.971269,38.074918],[-122.147939,38.023627],[-122.22704,38.058417],[-122.395032,37.970267],[-122.32876,37.908058],[-122.295502,37.831292],[-122.331509,37.782388],[-122.248933,37.748301],[-122.162779,37.664434],[-122.14631,37.578968],[-122.183071,37.507554],[-122.257924,37.571519],[-122.35852,37.592805],[-122.418757,37.811143],[-122.515172,37.781126],[-122.49474,37.665229],[-122.520472,37.531421],[-122.463246,37.496649],[-122.400338,37.359741],[-122.404457,37.194526],[-122.153643,36.977075],[-122.060868,36.948813],[-121.937243,36.978307],[-121.859934,36.927476],[-121.789812,36.806199],[-121.814258,36.683238],[-121.870004,36.607212],[-121.937695,36.639249],[-121.946309,36.491891],[-121.895629,36.313929],[-121.835601,36.249172],[-121.729139,36.198145],[-121.630155,36.113057],[-121.566739,36.020117],[-121.48998,35.982245],[-121.463201,35.886731],[-121.337232,35.786529],[-121.269146,35.664211],[-121.169402,35.636919],[-121.005362,35.460657],[-120.908184,35.448244],[-120.871097,35.405308],[-120.897654,35.249766],[-120.790842,35.179023],[-120.644887,35.13939],[-120.633697,35.035102],[-120.672839,34.907521],[-120.615573,34.858003],[-120.640248,34.758531],[-120.603054,34.704782],[-120.647834,34.585676],[-120.509986,34.521375],[-120.472681,34.450273],[-120.133412,34.472724],[-120.009968,34.461012],[-119.878636,34.406613],[-119.732947,34.397464],[-119.61716,34.420527],[-119.453034,34.368401],[-119.2693,34.254959],[-119.217087,34.145502],[-118.936807,34.0432],[-118.783399,34.021839],[-118.544057,34.038886],[-118.444651,33.949408],[-118.391388,33.835941],[-118.412041,33.741678],[-118.300882,33.709849],[-118.254552,33.765401],[-118.090536,33.730977],[-117.978505,33.635972],[-117.776519,33.529364],[-117.508844,33.335205],[-117.322161,33.108501],[-117.27477,32.993476],[-117.253641,32.885081],[-117.283597,32.837654],[-117.257476,32.701728],[-117.166371,32.669501],[-117.125121,32.531669],[-116.529472,32.576333],[-115.794064,32.631963],[-114.724285,32.712836]]],[[[-118.358766,32.827828],[-118.483563,32.9216],[-118.49915,32.850628],[-118.425011,32.802416],[-118.358766,32.827828]]],[[[-118.515654,33.423005],[-118.463586,33.323514],[-118.308665,33.33642],[-118.369206,33.408393],[-118.515654,33.423005]]],[[[-120.044139,34.037273],[-120.217616,34.010541],[-120.17561,33.922232],[-120.109891,33.89314],[-119.999628,33.941479],[-120.044139,34.037273]]],[[[-119.529426,34.025248],[-119.633183,34.013635],[-119.856412,34.070552],[-119.887069,34.008777],[-119.850767,33.967383],[-119.719512,33.959134],[-119.559521,33.994309],[-119.529426,34.025248]]]]},"properties":{"LOCATION_TYPE":"level1","ADM0_A3":"USA","LOCATION_ID":"USA-CA","NAME":"California","TYPE_EN":"State"}},
{"type":"Feature","geometry":{"type":"Polygon","coordinates":[[[-109.04743,31.327391],[-108.214811,31.327443],[-108.215121,31.777751],[-107.283524,31.775529],[-106.517189,31.773824],[-106.506052,31.770258],[-106.591498,31.827201],[-106.662177,32.000297],[-105.953363,32.00059],[-104.84267,32.000981],[-103.954144,32.001347],[-103.065595,32.001689],[-103.060394,32.974784],[-103.055145,33.947953],[-103.050678,34.78206],[-103.047675,35.338139],[-103.043182,36.172221],[-103.042108,36.499589],[-103.000238,36.500199],[-103.0008,36.999809],[-103.567596,36.999809],[-104.51225,36.999809],[-105.079071,36.999809],[-105.834735,36.999809],[-106.590521,36.999809],[-107.157269,36.999809],[-107.913055,36.999809],[-109.046625,36.999809],[-109.046747,36.291386],[-109.046796,35.760087],[-109.046893,35.228813],[-109.046942,34.520365],[-109.047064,33.989091],[-109.047113,33.457817],[-109.047211,32.926493],[-109.04726,32.395219],[-109.047382,31.686772],[-109.04743,31.327391]]]},"properties":{"LOCATION_TYPE":"level1","ADM0_A3":"USA","LOCATION_ID":"USA-NM","NAME":"New Mexico","TYPE_EN":"State"}},
{"type":"Feature","geometry":{"type":"MultiPolygon","coordinates":[[[[-106.506052,31.770258],[-106.35849,31.717548],[-106.286298,31.580141],[-106.164316,31.447797],[-106.004739,31.396948],[-105.861983,31.288376],[-105.76819,31.18001],[-105.59094,31.071438],[-105.555955,31.002605],[-105.363771,30.850366],[-105.229257,30.810214],[-105.087043,30.709806],[-105.008495,30.676992],[-104.886591,30.551883],[-104.852432,30.438867],[-104.74939,30.264459],[-104.681564,30.192939],[-104.699108,30.03145],[-104.680479,29.942308],[-104.619682,29.833064],[-104.570279,29.787511],[-104.530824,29.667906],[-104.444008,29.589203],[-104.349026,29.537578],[-104.267171,29.526571],[-104.194514,29.448927],[-104.057313,29.339037],[-103.928122,29.293019],[-103.794177,29.277594],[-103.777718,29.235297],[-103.673125,29.173569],[-103.541711,29.148816],[-103.478537,29.08205],[-103.301545,29.002365],[-103.147989,28.985105],[-103.104684,29.057866],[-102.988386,29.177135],[-102.896893,29.220285],[-102.883069,29.343766],[-102.837672,29.366322],[-102.841134,29.438308],[-102.779665,29.592303],[-102.683469,29.743715],[-102.515288,29.784721],[-102.406096,29.777279],[-102.374547,29.848102],[-102.302175,29.889391],[-102.109344,29.80211],[-101.972246,29.818181],[-101.632216,29.775651],[-101.553977,29.796684],[-101.409309,29.765781],[-101.364351,29.676665],[-101.219011,29.610287],[-101.226478,29.55445],[-101.163562,29.501301],[-101.037782,29.460063],[-101.016232,29.390068],[-100.81609,29.270773],[-100.762501,29.173776],[-100.668967,29.116208],[-100.624318,28.924721],[-100.519054,28.804961],[-100.493939,28.708378],[-100.397097,28.592726],[-100.351622,28.496711],[-100.284339,28.296517],[-100.197626,28.207168],[-100.074895,28.154407],[-100.000584,28.02041],[-99.878808,27.901838],[-99.863357,27.804661],[-99.740445,27.722159],[-99.70037,27.659191],[-99.600169,27.646427],[-99.507203,27.57377],[-99.509503,27.500028],[-99.472916,27.426647],[-99.497591,27.338798],[-99.431988,27.207591],[-99.461728,27.056954],[-99.399329,27.012668],[-99.376849,26.953756],[-99.248278,26.827097],[-99.181125,26.6299],[-99.164873,26.540448],[-99.115108,26.525617],[-99.085498,26.40764],[-98.962844,26.399527],[-98.893029,26.367849],[-98.795851,26.368314],[-98.739911,26.303253],[-98.640564,26.24181],[-98.581627,26.262274],[-98.36934,26.19401],[-98.300429,26.111431],[-98.222656,26.075412],[-97.941666,26.056809],[-97.80201,26.063733],[-97.679614,26.034639],[-97.425418,25.854857],[-97.345733,25.852222],[-97.355112,25.912786],[-97.253051,25.963481],[-97.139272,25.965806],[-97.143178,26.047756],[-97.236236,25.984198],[-97.246693,26.070705],[-97.310536,26.123277],[-97.308746,26.201077],[-97.361073,26.285793],[-97.351918,26.353827],[-97.447865,26.420152],[-97.424916,26.534898],[-97.488393,26.775092],[-97.554758,26.825141],[-97.550201,27.009182],[-97.480702,27.021959],[-97.496897,27.106024],[-97.445953,27.132717],[-97.440118,27.272232],[-97.521127,27.232191],[-97.629522,27.244661],[-97.630238,27.300238],[-97.534088,27.351752],[-97.422353,27.327786],[-97.329335,27.549628],[-97.262807,27.679267],[-97.356068,27.741767],[-97.38561,27.830064],[-97.48705,27.835273],[-97.521067,27.873196],[-97.267201,27.879381],[-97.184071,27.836615],[-97.024973,28.041449],[-97.106109,28.07095],[-97.129872,28.01675],[-97.217519,28.074774],[-97.157338,28.133857],[-97.007436,28.194525],[-97.020172,28.140082],[-96.880238,28.150621],[-96.782338,28.241604],[-96.781158,28.331855],[-96.844472,28.415595],[-96.777455,28.437405],[-96.653717,28.319485],[-96.403798,28.434882],[-96.520375,28.549221],[-96.581939,28.578925],[-96.559478,28.654283],[-96.447133,28.635647],[-96.390207,28.688707],[-96.345774,28.635321],[-96.260406,28.688707],[-96.204905,28.586656],[-95.817372,28.732489],[-95.688873,28.736314],[-95.601918,28.763861],[-95.419179,28.872301],[-95.379384,28.880561],[-95.259999,28.981757],[-95.158925,29.045722],[-95.159169,29.152411],[-95.065175,29.204169],[-94.888824,29.375963],[-94.942942,29.422024],[-95.023915,29.542182],[-95.015502,29.7203],[-94.876076,29.665842],[-94.82649,29.768144],[-94.744627,29.782206],[-94.692741,29.69634],[-94.755235,29.524271],[-94.605448,29.55265],[-94.654286,29.45189],[-94.060129,29.68183],[-93.875803,29.675035],[-93.932712,29.776194],[-93.924399,29.865622],[-93.854075,29.986558],[-93.798421,29.985607],[-93.717206,30.079814],[-93.703973,30.143754],[-93.715179,30.28726],[-93.752411,30.39268],[-93.70639,30.454789],[-93.730536,30.565654],[-93.68681,30.600566],[-93.573846,30.819682],[-93.573846,30.89849],[-93.538153,30.943901],[-93.577557,31.008403],[-93.514764,31.042045],[-93.677899,31.330717],[-93.655072,31.370268],[-93.826923,31.587846],[-93.814301,31.71309],[-93.904169,31.883207],[-94.043231,31.998197],[-94.042352,32.424296],[-94.041254,33.010942],[-94.047284,33.554154],[-94.100897,33.581718],[-94.300116,33.594779],[-94.387421,33.561796],[-94.4841,33.647416],[-94.532904,33.650004],[-94.755487,33.733427],[-94.872748,33.755912],[-94.981659,33.86165],[-95.047455,33.875932],[-95.220306,33.962944],[-95.268597,33.90457],[-95.35705,33.868217],[-95.537128,33.889921],[-95.598114,33.952079],[-95.772284,33.861869],[-95.860394,33.853959],[-95.937885,33.895561],[-96.040204,33.84329],[-96.156415,33.821171],[-96.202728,33.763676],[-96.28952,33.763041],[-96.328778,33.70186],[-96.410468,33.786576],[-96.496454,33.786576],[-96.581976,33.838725],[-96.649359,33.915971],[-96.691962,33.854618],[-96.85556,33.874833],[-96.91452,33.955937],[-97.078314,33.807914],[-97.093817,33.742338],[-97.167548,33.737577],[-97.20058,33.786576],[-97.177655,33.86912],[-97.211786,33.910063],[-97.371747,33.830497],[-97.45246,33.835356],[-97.469257,33.892143],[-97.570941,33.898979],[-97.602826,33.978984],[-97.679974,33.9835],[-97.800751,33.887846],[-97.884003,33.86165],[-97.9591,33.893022],[-97.946649,33.977055],[-98.088397,34.027836],[-98.090668,34.138285],[-98.20954,34.129179],[-98.34328,34.143461],[-98.416547,34.079008],[-98.490692,34.075175],[-98.574725,34.151689],[-98.720062,34.136625],[-98.877704,34.17078],[-98.952826,34.211723],[-99.028558,34.204301],[-99.193036,34.232231],[-99.192059,34.322221],[-99.265497,34.411552],[-99.387396,34.451445],[-99.401386,34.386381],[-99.547284,34.412455],[-99.680804,34.394682],[-99.882001,34.564921],[-99.999286,34.575468],[-100.000897,35.541239],[-100.002387,36.499858],[-100.747968,36.500102],[-101.807538,36.500151],[-102.320184,36.500175],[-103.000238,36.500199],[-103.042108,36.499589],[-103.043182,36.172221],[-103.047675,35.338139],[-103.050678,34.78206],[-103.055145,33.947953],[-103.060394,32.974784],[-103.065595,32.001689],[-103.954144,32.001347],[-104.84267,32.000981],[-105.953363,32.00059],[-106.662177,32.000297],[-106.591498,31.827201],[-106.506052,31.770258]]],[[[-97.075429,27.814521],[-97.230621,27.65119],[-97.370253,27.348366],[-97.38976,27.245551],[-97.351642,27.235171],[-97.320256,27.357574],[-97.178007,27.652844],[-97.075429,27.814521]]],[[[-96.880238,28.130113],[-96.972564,28.009914],[-96.938222,27.983059],[-96.850087,28.071194],[-96.880238,28.130113]]],[[[-96.427724,28.393297],[-96.455434,28.336005],[-96.514963,28.336819],[-96.710357,28.213365],[-96.807769,28.187649],[-96.781158,28.126451],[-96.522328,28.289618],[-96.41686,28.328762],[-96.427724,28.393297]]],[[[-94.81428,29.352932],[-94.943099,29.22286],[-95.081281,29.136084],[-95.075955,29.114044],[-94.724409,29.333155],[-94.81428,29.352932]]]]},"properties":{"LOCATION_TYPE":"level1","ADM0_A3":"USA","LOCATION_ID":"USA-TX","NAME":"Texas","TYPE_EN":"State"}},
{"type":"Feature","geometry":{"type":"MultiPolygon","coordinates":[[[[-141.005564,69.650946],[-141.220611,69.674058],[-141.412913,69.650377],[-141.65331,69.762152],[-142.10733,69.848944],[-142.270904,69.856024],[-142.600819,70.013129],[-142.879547,70.074042],[-142.963612,70.062649],[-143.235666,70.118232],[-144.386138,70.044013],[-144.590159,69.982815],[-144.941558,69.977973],[-145.339223,70.030341],[-145.59968,70.080756],[-145.880198,70.174954],[-146.082631,70.155666],[-146.23058,70.186021],[-146.848785,70.193427],[-147.123687,70.167548],[-147.806142,70.236477],[-147.798695,70.290432],[-148.257395,70.354478],[-148.381418,70.312486],[-148.682444,70.420111],[-148.795847,70.414537],[-149.344472,70.510077],[-149.889719,70.512763],[-150.11913,70.442857],[-150.513132,70.503892],[-150.793528,70.503323],[-150.862416,70.469794],[-151.177724,70.448717],[-151.243601,70.379299],[-151.454172,70.438951],[-151.979685,70.448717],[-151.790395,70.502387],[-151.760365,70.566718],[-152.456166,70.555854],[-152.514109,70.68891],[-152.219228,70.81802],[-152.545847,70.887519],[-152.815745,70.886908],[-153.302439,70.928656],[-153.514027,70.886908],[-153.893544,70.898383],[-154.130971,70.791327],[-154.309071,70.830797],[-154.538808,70.826158],[-154.71288,70.905585],[-154.597117,71.000474],[-154.775258,71.08397],[-155.109324,71.150377],[-155.289174,71.086127],[-155.196726,71.041449],[-155.517893,70.952135],[-155.542429,70.8664],[-155.919789,70.825426],[-156.087229,70.926988],[-156.072092,70.973944],[-155.830759,70.9831],[-155.593739,71.069729],[-155.624745,71.183539],[-155.800893,71.208808],[-155.999338,71.194525],[-156.237009,71.269192],[-156.428415,71.26496],[-156.604441,71.353664],[-156.817209,71.306342],[-157.231191,71.071357],[-157.559071,70.951361],[-158.04304,70.836859],[-158.715403,70.791327],[-159.356801,70.760199],[-159.346303,70.863349],[-159.668162,70.804999],[-159.947865,70.63642],[-159.799306,70.499213],[-159.88679,70.398871],[-160.056345,70.374945],[-159.921986,70.544867],[-159.947092,70.597235],[-160.216176,70.579047],[-160.860666,70.347317],[-161.342152,70.258775],[-161.631947,70.25609],[-161.840525,70.195461],[-161.861033,70.290432],[-162.014963,70.27733],[-162.199412,70.164374],[-162.461497,70.059638],[-162.53779,69.956732],[-162.949778,69.790473],[-163.048533,69.687242],[-163.025461,69.626288],[-163.155751,69.359361],[-163.286122,69.310981],[-163.622548,69.119208],[-163.964548,69.003119],[-164.346425,68.929389],[-164.790761,68.914252],[-165.044057,68.881496],[-165.664744,68.861558],[-165.813588,68.879462],[-166.236765,68.874823],[-166.193796,68.77969],[-166.23998,68.564276],[-166.370351,68.440823],[-166.548166,68.358832],[-166.103464,68.239895],[-165.92809,68.136949],[-165.437205,68.060248],[-165.053944,67.933051],[-164.856028,67.849555],[-164.693552,67.824612],[-164.446034,67.709906],[-164.151479,67.619615],[-163.961619,67.498684],[-163.810048,67.33515],[-163.765614,67.13996],[-163.688303,67.103217],[-162.937327,67.029283],[-162.733347,67.048814],[-162.435496,66.991034],[-161.990224,67.049221],[-161.835154,67.054999],[-161.589548,66.993232],[-161.730662,66.953559],[-161.880564,66.814765],[-161.868276,66.706285],[-161.562611,66.566392],[-161.31371,66.535305],[-161.136057,66.651923],[-160.880971,66.672431],[-160.551707,66.591132],[-160.484853,66.634467],[-160.325429,66.604804],[-160.219187,66.53205],[-160.249094,66.402289],[-160.617177,66.371405],[-160.784779,66.374498],[-161.060984,66.486151],[-161.262888,66.529242],[-161.339182,66.488715],[-161.607167,66.453925],[-161.870839,66.532172],[-162.080759,66.666205],[-162.014963,66.772366],[-162.12092,66.806098],[-162.327138,66.960395],[-162.417104,66.922512],[-162.638743,66.899604],[-162.440541,66.73078],[-162.264516,66.722724],[-161.932485,66.556342],[-161.867258,66.481269],[-161.948313,66.366523],[-161.744618,66.405504],[-161.510691,66.40766],[-161.135732,66.343166],[-160.997019,66.241034],[-161.114329,66.206936],[-161.320668,66.232815],[-161.360097,66.275214],[-161.571238,66.258002],[-161.685292,66.138617],[-161.915639,66.042426],[-162.179433,66.075914],[-162.38801,66.03559],[-162.487904,66.062893],[-162.654734,66.03852],[-162.76476,66.103909],[-162.947703,66.103502],[-163.121653,66.07038],[-163.35436,66.097642],[-163.680491,66.078599],[-163.890492,66.167629],[-163.918772,66.246487],[-163.854685,66.289455],[-163.895619,66.399319],[-163.759104,66.504828],[-163.806874,66.570014],[-163.986399,66.61225],[-164.274363,66.602281],[-164.718088,66.556342],[-164.950551,66.46015],[-165.305735,66.436957],[-165.766428,66.323635],[-165.889963,66.241034],[-165.500111,66.152289],[-165.754994,66.105292],[-166.093699,66.125312],[-166.287465,66.179633],[-166.724965,66.061347],[-166.87682,65.946845],[-167.059885,65.877631],[-167.213246,65.864325],[-167.345937,65.898586],[-167.561025,65.808905],[-167.580922,65.720689],[-167.822743,65.720282],[-168.081003,65.591498],[-167.722118,65.504658],[-167.398555,65.401082],[-166.938303,65.385077],[-166.310131,65.312188],[-166.2516,65.258057],[-166.488718,65.23428],[-166.469228,65.189276],[-166.74951,65.06201],[-166.684529,64.98218],[-166.390207,64.898505],[-166.39391,64.82274],[-166.483469,64.729641],[-166.370351,64.637844],[-166.189687,64.585191],[-165.446238,64.511868],[-165.035512,64.44831],[-164.691721,64.531317],[-164.65038,64.502265],[-164.341868,64.590033],[-163.971384,64.569525],[-163.817128,64.590033],[-163.53657,64.564521],[-163.279286,64.485745],[-163.134999,64.412543],[-163.052968,64.509955],[-163.162302,64.52204],[-163.38976,64.596869],[-163.242502,64.648383],[-162.827463,64.500637],[-162.874623,64.459662],[-162.781321,64.343695],[-162.642649,64.394436],[-162.607167,64.506781],[-162.51122,64.558661],[-162.270212,64.619289],[-162.080881,64.721096],[-161.71642,64.794867],[-161.42219,64.774359],[-161.182566,64.939521],[-160.884714,64.810126],[-160.787709,64.717841],[-160.803171,64.643378],[-161.035024,64.507758],[-161.45698,64.521145],[-161.485707,64.457099],[-161.226755,64.411811],[-161.203114,64.364081],[-160.973459,64.250474],[-160.928782,64.048163],[-160.766957,63.824123],[-160.791575,63.746527],[-160.9499,63.636664],[-161.186269,63.505561],[-161.573435,63.45539],[-161.660349,63.469631],[-162.086985,63.452338],[-162.084218,63.514716],[-162.237253,63.546291],[-162.596506,63.276679],[-162.806345,63.21955],[-162.880808,63.140937],[-163.093984,63.057359],[-163.350535,63.030829],[-163.440663,63.096015],[-163.602528,63.105618],[-163.767323,63.224758],[-164.145375,63.262152],[-164.365834,63.229193],[-164.579091,63.14057],[-164.441599,63.031887],[-164.7235,63.012926],[-164.883168,62.841539],[-164.883168,62.739081],[-164.813222,62.620185],[-164.867869,62.538031],[-165.133046,62.515692],[-165.273549,62.437445],[-165.594594,62.17829],[-165.705556,62.116604],[-165.759511,62.025621],[-165.739084,61.965074],[-165.60908,61.851304],[-165.7801,61.827948],[-166.102773,61.821112],[-166.003367,61.734931],[-165.911204,61.704169],[-166.199941,61.59455],[-166.138254,61.516099],[-165.923899,61.562161],[-165.776967,61.515815],[-165.7801,61.457994],[-165.921254,61.399359],[-165.828725,61.312974],[-165.623728,61.280463],[-165.621693,61.1435],[-165.512807,61.086982],[-165.373728,61.071601],[-165.346384,61.156724],[-165.211497,61.149563],[-165.058705,61.062893],[-165.198476,60.978217],[-165.128977,60.923489],[-164.855824,60.950873],[-164.81489,60.908108],[-164.628041,60.932318],[-164.564443,60.854682],[-164.363759,60.872056],[-164.007069,60.862209],[-163.704091,60.999661],[-163.76594,60.889472],[-163.861521,60.854682],[-163.54365,60.810004],[-163.424306,60.764716],[-163.464304,60.676581],[-163.643544,60.601549],[-163.794382,60.584174],[-163.836171,60.639553],[-163.806874,60.734931],[-163.955637,60.779853],[-164.218373,60.690172],[-164.270823,60.787909],[-164.464833,60.820543],[-164.669138,60.825751],[-164.668406,60.92178],[-164.848256,60.871649],[-165.031361,60.787014],[-164.999216,60.711371],[-165.31428,60.580878],[-165.36974,60.512112],[-165.22175,60.49901],[-165.010447,60.554511],[-165.023997,60.46898],[-165.121571,60.450507],[-164.988962,60.341376],[-164.753489,60.287095],[-164.4853,60.183743],[-164.412668,60.091783],[-164.200551,60.034329],[-164.21227,59.954983],[-164.098337,59.833686],[-163.877146,59.799547],[-163.614939,59.800849],[-163.087636,59.859117],[-162.807973,59.942572],[-162.751698,60.00495],[-162.525828,59.997504],[-162.475535,60.073432],[-162.469187,60.204901],[-162.55842,60.237494],[-162.45858,60.295086],[-162.341664,60.21898],[-162.374949,60.176337],[-162.240061,60.089789],[-162.209828,60.025458],[-162.108754,59.965155],[-162.081776,59.877875],[-161.88154,59.69717],[-161.859242,59.628119],[-161.713938,59.50137],[-161.946604,59.387763],[-161.968251,59.280829],[-162.02953,59.230129],[-161.97411,59.131415],[-161.723134,59.11579],[-161.614003,59.080756],[-161.79955,58.983954],[-161.717376,58.754843],[-161.865418,58.716263],[-161.912845,58.631863],[-161.562373,58.602025],[-161.363888,58.659647],[-161.357469,58.726245],[-160.888551,58.884102],[-160.829368,58.852647],[-160.667156,58.947643],[-160.352169,59.070659],[-160.255116,58.990302],[-160.257192,58.911933],[-160.045815,58.88259],[-159.91148,58.775801],[-159.725177,58.910439],[-159.586941,58.907463],[-159.551462,58.847398],[-159.384954,58.755824],[-159.051259,58.424709],[-158.829661,58.404771],[-158.708689,58.492255],[-158.770009,58.518459],[-158.889396,58.706293],[-158.787953,58.769761],[-158.793894,58.816352],[-158.57787,58.959174],[-158.48884,58.922512],[-158.566151,58.819485],[-158.408315,58.770087],[-158.315867,58.646552],[-158.153676,58.614],[-157.568179,58.747893],[-157.475209,58.799628],[-157.084462,58.886664],[-156.961293,58.963446],[-157.061879,58.726223],[-157.267283,58.620266],[-157.502675,58.46369],[-157.568471,58.320746],[-157.529042,58.256008],[-157.60554,58.105211],[-157.636667,57.909369],[-157.708811,57.729926],[-157.709665,57.568671],[-157.940745,57.497463],[-158.079661,57.396633],[-158.312449,57.314887],[-158.6079,57.100979],[-158.682118,57.02204],[-158.681467,56.786607],[-158.780751,56.777533],[-158.945017,56.842922],[-159.024892,56.796576],[-159.175282,56.763739],[-159.324574,56.674018],[-159.45637,56.62934],[-159.745717,56.579332],[-160.017039,56.44538],[-160.18871,56.386908],[-160.368723,56.276842],[-160.455556,56.172349],[-160.462595,56.112616],[-160.568105,56.007554],[-160.520741,55.935207],[-160.319203,55.866278],[-160.319203,55.825263],[-160.476267,55.804755],[-160.512196,55.86994],[-160.68871,55.862291],[-160.820383,55.739163],[-161.124216,55.961249],[-161.457712,55.953925],[-161.826283,55.879869],[-161.912953,55.830878],[-162.226999,55.697903],[-162.549998,55.458726],[-162.491038,55.380276],[-162.65331,55.361518],[-162.737009,55.31094],[-162.896352,55.266669],[-162.833689,55.229397],[-162.962026,55.169013],[-163.051707,55.214342],[-163.334543,55.119534],[-163.281361,54.944648],[-163.38976,54.858873],[-163.32079,54.81387],[-163.062571,54.928778],[-163.06725,54.973293],[-163.217641,55.045356],[-163.183054,55.139146],[-163.041127,55.099351],[-162.974355,55.009508],[-162.877634,54.938951],[-162.782948,54.93594],[-162.645497,54.99844],[-162.614125,55.166327],[-162.718332,55.217922],[-162.668284,55.291409],[-162.583323,55.301093],[-162.416493,55.097886],[-162.422719,55.036363],[-162.27477,55.019599],[-162.105784,55.089423],[-161.956614,55.125718],[-162.032338,55.17414],[-162.018015,55.239814],[-161.894521,55.242418],[-161.71642,55.393256],[-161.708363,55.527086],[-161.620798,55.612982],[-161.438791,55.638739],[-161.388743,55.57217],[-161.481923,55.480373],[-161.518422,55.383368],[-161.368723,55.385443],[-161.279164,55.354885],[-161.024973,55.427436],[-160.92455,55.51911],[-160.782582,55.447089],[-160.68342,55.464667],[-160.613474,55.605536],[-160.548533,55.489081],[-160.477528,55.494615],[-160.43517,55.57685],[-160.257192,55.646552],[-160.164052,55.657131],[-159.973134,55.777493],[-159.856801,55.790473],[-159.830393,55.852729],[-159.625234,55.81269],[-159.677968,55.752021],[-159.564443,55.704291],[-159.475697,55.831488],[-159.355906,55.879462],[-159.20165,55.89289],[-159.099314,55.92829],[-158.928293,55.920844],[-158.859446,56.012926],[-158.75654,56.00788],[-158.600942,56.040432],[-158.483632,56.032375],[-158.44164,56.133124],[-158.318308,56.174709],[-158.348866,56.229315],[-158.208241,56.283922],[-158.345448,56.325588],[-158.632802,56.298245],[-158.355051,56.471137],[-158.166331,56.45893],[-158.067983,56.511908],[-157.877146,56.478217],[-157.858835,56.565131],[-157.963612,56.569973],[-157.913442,56.653876],[-157.750803,56.674262],[-157.664662,56.611396],[-157.482655,56.620347],[-157.485789,56.674994],[-157.573435,56.71662],[-157.404246,56.773749],[-157.419667,56.867377],[-157.189402,56.776272],[-157.050364,56.87816],[-156.767527,57.011786],[-156.574208,56.983222],[-156.488352,57.113837],[-156.346018,57.177802],[-156.391957,57.314846],[-156.55724,57.305609],[-156.338857,57.415432],[-156.051137,57.51789],[-155.816151,57.572496],[-155.611806,57.665839],[-155.605092,57.792222],[-155.394399,57.725735],[-155.310292,57.740424],[-155.334665,57.826483],[-155.068674,57.897366],[-155.023142,58.02558],[-154.788889,58.003892],[-154.692738,58.068915],[-154.583119,58.02497],[-154.469838,58.08983],[-154.443186,58.144477],[-154.280344,58.133043],[-154.16572,58.216783],[-154.30012,58.32038],[-154.000234,58.385565],[-154.081654,58.495185],[-153.967112,58.491116],[-153.899403,58.616685],[-153.690663,58.621568],[-153.438832,58.733588],[-153.338368,58.855048],[-153.331614,58.933783],[-153.497426,59.003485],[-153.623891,59.011298],[-153.711537,59.070746],[-154.021962,59.08393],[-154.14037,59.031155],[-154.198354,59.076972],[-154.140207,59.281684],[-154.027211,59.341702],[-154.076365,59.381171],[-153.724721,59.466051],[-153.791819,59.542914],[-153.586415,59.56745],[-153.573232,59.642157],[-153.473012,59.66234],[-153.317209,59.638821],[-153.055287,59.71015],[-153.000071,59.80036],[-153.150828,59.819648],[-153.229726,59.868476],[-153.021189,59.888902],[-152.856679,59.882066],[-152.737904,59.908393],[-152.617136,60.019273],[-152.590281,60.092231],[-152.698435,60.170111],[-152.61616,60.22427],[-152.415964,60.297756],[-152.317576,60.420559],[-152.340077,60.476142],[-152.2329,60.559882],[-152.101308,60.613837],[-152.051381,60.673163],[-151.840688,60.751125],[-151.746938,60.916815],[-151.566762,60.994534],[-151.362375,61.012356],[-151.154775,61.064439],[-151.060902,61.163275],[-150.947743,61.211005],[-150.730906,61.253974],[-150.633616,61.298651],[-150.450551,61.25259],[-149.983754,61.246324],[-149.911,61.352688],[-149.757395,61.453355],[-149.648671,61.488186],[-149.428171,61.51317],[-149.320017,61.479153],[-149.65571,61.409003],[-149.796742,61.339016],[-149.895985,61.232082],[-150.067332,61.155748],[-149.617991,60.994615],[-149.483713,60.982408],[-149.334055,60.930325],[-149.225046,60.950873],[-149.126088,60.883612],[-149.621693,60.937242],[-149.824045,60.978217],[-150.043772,60.916815],[-150.22529,60.937242],[-150.334828,61.032864],[-150.452504,61.034247],[-150.763254,60.926703],[-151.071482,60.785346],[-151.253,60.775336],[-151.417307,60.718166],[-151.282786,60.537055],[-151.305979,60.386949],[-151.390248,60.359442],[-151.403269,60.252427],[-151.465443,60.18769],[-151.706044,60.041693],[-151.882883,59.786526],[-151.746938,59.682847],[-151.472605,59.635688],[-151.10912,59.786526],[-150.992787,59.779039],[-151.18456,59.655504],[-151.273305,59.559963],[-151.441477,59.532213],[-151.440419,59.493638],[-151.651845,59.485907],[-151.894032,59.412828],[-151.977162,59.279364],[-151.741526,59.167141],[-151.568105,59.175767],[-151.39684,59.258287],[-151.294423,59.224189],[-151.110341,59.21894],[-151.092478,59.285102],[-150.891957,59.257514],[-150.917673,59.326565],[-150.653066,59.423896],[-150.553334,59.535712],[-150.326243,59.475979],[-150.199452,59.568834],[-150.1103,59.580024],[-149.916493,59.717597],[-149.80724,59.717597],[-149.738596,59.890855],[-149.576853,59.89761],[-149.341135,60.022406],[-148.926015,59.971503],[-148.561757,59.957099],[-148.401967,59.99136],[-148.278635,60.127265],[-148.164906,60.149075],[-148.141306,60.232164],[-148.276235,60.279608],[-148.087351,60.395982],[-147.941884,60.443061],[-147.956939,60.49844],[-148.083608,60.604885],[-148.276601,60.49494],[-148.315256,60.549709],[-148.206288,60.620551],[-148.264638,60.76081],[-148.395823,60.656684],[-148.433054,60.779608],[-148.578928,60.735785],[-148.586374,60.830471],[-148.306467,60.895697],[-148.172353,61.023261],[-148.020985,61.037421],[-148.050404,60.950141],[-147.9381,60.908759],[-147.79247,60.916815],[-147.681956,60.864691],[-147.596791,60.885688],[-147.603831,60.961168],[-147.364613,60.891262],[-147.100657,61.015286],[-146.978831,60.998725],[-146.815541,61.031806],[-146.585846,61.136461],[-146.325795,61.136461],[-146.283762,61.081448],[-146.556874,61.085924],[-146.67276,61.032701],[-146.753285,60.955024],[-146.683502,60.879828],[-146.511464,60.81859],[-146.387278,60.847886],[-146.262847,60.810858],[-146.562611,60.750963],[-146.482289,60.686957],[-146.222483,60.755764],[-146.117299,60.721381],[-146.197743,60.636542],[-145.914296,60.703925],[-145.691762,60.656684],[-145.681304,60.6081],[-145.938754,60.456066],[-145.572581,60.451117],[-145.38915,60.362535],[-145.235911,60.368109],[-145.114003,60.429429],[-145.019521,60.526435],[-144.831776,60.525784],[-144.790842,60.464911],[-144.91454,60.381171],[-144.94164,60.306627],[-144.784047,60.305976],[-144.571116,60.190619],[-144.347564,60.201117],[-144.050771,60.079657],[-143.918609,59.997016],[-143.609609,60.049465],[-143.19579,60.067694],[-142.798492,60.112372],[-142.487416,60.075914],[-141.969106,60.028144],[-141.732655,59.963121],[-141.613881,59.969062],[-141.385894,60.034817],[-141.261586,60.011786],[-141.275258,59.943549],[-141.413197,59.89997],[-141.274159,59.849189],[-140.863149,59.745551],[-140.617014,59.708482],[-140.322743,59.701239],[-139.849029,59.819403],[-139.705963,59.92178],[-139.584828,59.955064],[-139.507232,60.046536],[-139.390248,59.99136],[-139.218739,59.871039],[-139.305165,59.864691],[-139.473215,59.993598],[-139.621083,59.890286],[-139.562082,59.772366],[-139.473378,59.717597],[-139.657582,59.575507],[-139.857004,59.546291],[-139.205881,59.31977],[-138.981679,59.274848],[-138.653635,59.163967],[-138.184885,59.02558],[-137.984364,58.919989],[-137.930979,58.803046],[-137.55427,58.620836],[-137.518544,58.564765],[-137.131418,58.401313],[-136.97936,58.406887],[-136.847524,58.372748],[-136.826243,58.318996],[-136.598378,58.223049],[-136.492828,58.314439],[-136.370595,58.299547],[-136.076283,58.345608],[-136.026723,58.388129],[-136.131907,58.519517],[-136.128245,58.570746],[-136.38386,58.725084],[-136.519683,58.740953],[-136.484771,58.799628],[-136.895863,58.892401],[-136.911244,58.954332],[-136.633453,58.891791],[-136.510813,58.942572],[-136.475209,58.836575],[-136.269114,58.764146],[-136.159535,58.768256],[-136.060292,58.825914],[-135.964019,58.716457],[-135.841135,58.528388],[-135.903188,58.477484],[-135.886708,58.379381],[-135.627512,58.426256],[-135.507069,58.380683],[-135.415924,58.394965],[-135.30956,58.252143],[-135.145619,58.216783],[-135.052846,58.309272],[-135.09968,58.443793],[-135.226186,58.612291],[-135.168446,58.645738],[-135.231028,58.771674],[-135.385813,58.954332],[-135.360748,59.113756],[-135.229604,59.125881],[-135.12857,58.895209],[-135.143625,58.833889],[-135.052154,58.752387],[-134.946116,58.79975],[-134.920766,58.67829],[-134.975657,58.658922],[-134.826975,58.510972],[-134.767323,58.400336],[-134.497955,58.353949],[-134.241607,58.214301],[-134.004506,58.408596],[-133.982411,58.315619],[-134.067698,58.278876],[-134.087066,58.186591],[-134.059722,58.07217],[-133.861155,57.956732],[-133.68635,57.790717],[-133.554311,57.929429],[-133.52892,57.750922],[-133.182729,57.623765],[-133.210439,57.588935],[-133.572865,57.716051],[-133.648264,57.702826],[-133.658803,57.620917],[-133.497426,57.531562],[-133.500396,57.47602],[-133.391469,57.33515],[-133.485097,57.277004],[-133.551991,57.181464],[-133.266469,57.113186],[-133.121083,57.144273],[-133.093007,57.086493],[-132.76769,56.969672],[-132.860422,56.91885],[-132.673207,56.802802],[-132.479482,56.742825],[-132.476877,56.604478],[-132.305043,56.640204],[-132.349721,56.536933],[-132.203277,56.471259],[-132.161041,56.380194],[-131.971303,56.356431],[-131.95934,56.294501],[-131.813791,56.19599],[-131.963043,56.157375],[-131.943512,56.006903],[-132.086008,55.845771],[-132.261545,55.739651],[-132.17162,55.588528],[-131.961415,55.501044],[-131.936269,55.59809],[-131.827707,55.667873],[-131.763824,55.797349],[-131.8933,55.855373],[-131.735911,55.886705],[-131.414377,56.010199],[-131.341868,55.960924],[-131.19225,56.014553],[-131.165191,55.940579],[-131.061513,55.876776],[-130.889882,55.715277],[-130.866322,55.550279],[-130.873158,55.342027],[-131.057607,55.198676],[-131.064931,55.143459],[-130.949696,55.073798],[-131.009674,55.005357],[-130.932688,54.940172],[-130.934234,54.824449],[-130.866322,54.773179],[-130.776926,54.831529],[-130.580312,54.806383],[-130.365387,54.907294],[-130.228871,55.04385],[-130.078236,55.233791],[-129.989247,55.284003],[-130.146962,55.547187],[-130.126454,55.653998],[-130.173655,55.749498],[-130.022817,55.901353],[-130.01901,56.002216],[-130.071539,56.084123],[-130.403974,56.121898],[-130.495518,56.232434],[-130.645768,56.261942],[-130.839089,56.372452],[-131.100546,56.407669],[-131.585891,56.595048],[-131.799108,56.587658],[-131.887966,56.747958],[-131.871558,56.79346],[-132.107384,56.858753],[-132.031859,57.028406],[-132.34122,57.080393],[-132.230994,57.19682],[-132.362304,57.3457],[-132.552447,57.499075],[-132.917153,57.880499],[-133.075154,58.007882],[-133.165588,58.147305],[-133.374567,58.290965],[-133.463089,58.462221],[-133.626283,58.546402],[-133.87123,58.735899],[-134.22219,58.842714],[-134.399389,58.974954],[-134.398019,59.051952],[-134.556717,59.123059],[-134.70552,59.240106],[-134.932431,59.270647],[-135.095754,59.418855],[-135.016198,59.543447],[-135.259879,59.698218],[-135.482759,59.792475],[-135.923818,59.666747],[-136.2585,59.621582],[-136.275036,59.486448],[-136.467557,59.461643],[-136.466549,59.287803],[-136.613491,59.15422],[-136.840816,59.148174],[-137.2819,58.98715],[-137.423106,58.907723],[-137.484394,58.991904],[-137.611363,59.239331],[-138.59921,59.753822],[-138.692098,59.886888],[-139.003759,59.977219],[-139.182146,60.073389],[-139.073186,60.299835],[-139.101608,60.346602],[-139.628346,60.334096],[-139.728417,60.309033],[-139.916933,60.207851],[-140.01579,60.187387],[-140.424111,60.293168],[-140.533743,60.218548],[-140.979555,60.295804],[-141.001156,60.321074],[-141.001363,60.758411],[-141.001828,61.633087],[-141.002061,62.216229],[-141.002293,62.653593],[-141.002603,63.382489],[-141.002913,63.965502],[-141.003146,64.548671],[-141.003378,64.986009],[-141.003637,65.569177],[-141.003921,66.152268],[-141.004153,66.58958],[-141.004386,67.172723],[-141.004696,67.755814],[-141.005084,68.630489],[-141.005316,69.213606],[-141.005564,69.650946]]],[[[-132.647694,54.817857],[-132.629303,54.903998],[-132.709788,54.940823],[-132.794057,54.901923],[-132.647694,54.817857]]],[[[-131.243723,54.934556],[-131.33019,54.961371],[-131.441721,54.920315],[-131.331166,54.861233],[-131.243723,54.934556]]],[[[-132.826487,55.054389],[-132.750722,54.995429],[-132.668202,55.050686],[-132.722768,55.133205],[-132.867421,55.160549],[-132.826487,55.054389]]],[[[-132.702952,54.701239],[-132.722483,54.776557],[-132.942494,54.948188],[-132.997141,55.064276],[-133.086537,55.092231],[-133.066762,55.200914],[-133.121409,55.251288],[-133.216868,55.099066],[-133.064565,54.947089],[-133.037099,54.877387],[-132.856191,54.744696],[-132.842885,54.693793],[-132.702952,54.701239]]],[[[-131.479563,55.006293],[-131.34553,55.058051],[-131.395579,55.215399],[-131.531239,55.274237],[-131.586537,55.218655],[-131.531484,55.15176],[-131.624501,55.017401],[-131.479563,55.006293]]],[[[-133.291371,55.262926],[-133.318105,55.339057],[-133.43224,55.314439],[-133.445627,55.229153],[-133.306549,55.203111],[-133.291371,55.262926]]],[[[-131.818471,55.413764],[-131.853179,55.300482],[-131.817779,55.197984],[-131.743316,55.142727],[-131.636098,55.299302],[-131.818471,55.413764]]],[[[-133.449615,55.406928],[-133.580556,55.426215],[-133.65567,55.372789],[-133.636301,55.25316],[-133.449615,55.406928]]],[[[-133.346588,55.447903],[-133.273427,55.500312],[-133.324452,55.556952],[-133.433176,55.527981],[-133.346588,55.447903]]],[[[-133.603871,55.489447],[-133.586781,55.544135],[-133.70287,55.557766],[-133.709625,55.465806],[-133.603871,55.489447]]],[[[-133.305653,55.797349],[-133.466949,55.790473],[-133.504506,55.822903],[-133.682362,55.790473],[-133.62385,55.729478],[-133.487172,55.706732],[-133.305653,55.797349]]],[[[-155.652333,55.886664],[-155.741648,55.831488],[-155.718693,55.774851],[-155.55724,55.800482],[-155.556101,55.914618],[-155.652333,55.886664]]],[[[-134.17927,55.914618],[-134.298695,55.9265],[-134.31843,55.833808],[-134.258412,55.818427],[-134.17927,55.914618]]],[[[-130.961903,55.58511],[-130.938303,55.651516],[-131.044423,55.790473],[-131.179555,55.923529],[-131.280263,55.965155],[-131.578847,55.907172],[-131.670644,55.839504],[-131.629303,55.767727],[-131.709218,55.739651],[-131.707428,55.629625],[-131.650543,55.550279],[-131.810292,55.47663],[-131.78661,55.427314],[-131.661529,55.343207],[-131.50886,55.311713],[-131.192006,55.185736],[-131.065175,55.261054],[-131.018381,55.354315],[-130.961903,55.58511]]],[[[-133.607289,56.078518],[-133.689198,56.043769],[-133.794911,55.94359],[-133.630971,55.918647],[-133.470326,56.017279],[-133.29955,56.01203],[-133.308827,56.103013],[-133.39269,56.160468],[-133.607289,56.078518]]],[[[-132.548411,56.304429],[-132.603342,56.236151],[-132.681386,56.229193],[-132.704986,56.117418],[-132.645416,56.058092],[-132.449086,56.064846],[-132.428578,55.969306],[-132.303375,55.915351],[-132.122629,55.945502],[-132.167877,56.051215],[-132.092193,56.106431],[-132.192128,56.176581],[-132.359446,56.217922],[-132.385325,56.33218],[-132.548411,56.304429]]],[[[-131.976715,54.831529],[-131.996816,55.034491],[-132.134592,54.97016],[-131.975982,55.176947],[-131.994293,55.268134],[-132.090728,55.276801],[-132.250111,55.413764],[-132.401275,55.516791],[-132.287709,55.537299],[-132.346669,55.643134],[-132.462717,55.667629],[-132.462717,55.776842],[-132.531728,55.848538],[-132.73644,55.996568],[-132.918528,56.065904],[-133.062815,56.052314],[-133.053863,56.234442],[-133.140614,56.266303],[-133.182118,56.332343],[-133.294097,56.313788],[-133.586781,56.352851],[-133.612172,56.212348],[-133.425404,56.167914],[-133.285512,56.167385],[-133.236724,55.900336],[-133.147939,55.818427],[-133.305653,55.763861],[-133.385243,55.709296],[-133.357045,55.616197],[-133.251291,55.584784],[-133.0631,55.623481],[-133.124867,55.502183],[-133.046702,55.437079],[-133.01773,55.350328],[-133.1787,55.38642],[-133.257069,55.33393],[-133.212961,55.279202],[-132.959584,55.276557],[-132.808217,55.228217],[-132.78482,55.188422],[-132.608551,55.119208],[-132.511138,55.112738],[-132.579416,54.954413],[-132.422597,54.930162],[-132.26476,54.84455],[-132.297597,54.744452],[-132.149973,54.698635],[-132.004018,54.693793],[-131.976715,54.831529]]],[[[-132.612904,56.400621],[-132.702952,56.462104],[-132.924224,56.451972],[-133.04894,56.362779],[-133.038889,56.330512],[-132.868886,56.243476],[-132.647206,56.282416],[-132.612904,56.400621]]],[[[-132.004018,56.339179],[-132.123891,56.343207],[-132.239898,56.445299],[-132.339223,56.483222],[-132.327138,56.330268],[-132.352895,56.277777],[-132.072336,56.119452],[-131.928334,56.194566],[-132.004018,56.339179]]],[[[-154.42516,56.593044],[-154.536326,56.597602],[-154.700144,56.530341],[-154.791249,56.430854],[-154.73823,56.398261],[-154.610789,56.483222],[-154.487538,56.516791],[-154.42516,56.593044]]],[[[-154.08259,56.552069],[-154.08259,56.606106],[-154.226186,56.608344],[-154.337758,56.56391],[-154.210072,56.503648],[-154.08259,56.552069]]],[[[-132.959584,56.787991],[-132.890859,56.629381],[-132.954498,56.592271],[-132.937489,56.517564],[-132.791656,56.496894],[-132.57372,56.559475],[-132.533437,56.600328],[-132.816314,56.797349],[-132.959584,56.787991]]],[[[-133.884674,56.490058],[-133.857737,56.58747],[-133.705678,56.604153],[-133.801178,56.777004],[-133.920766,56.699897],[-133.935618,56.812201],[-134.012685,56.885159],[-134.175852,56.922024],[-134.408559,56.842922],[-134.357574,56.676581],[-134.22761,56.607408],[-134.246938,56.563381],[-134.067372,56.477607],[-134.114369,56.393785],[-134.239166,56.404486],[-134.281972,56.362779],[-134.21467,56.291327],[-134.263051,56.246283],[-134.200063,56.150539],[-134.210683,56.062812],[-134.036692,56.123196],[-133.949127,56.092353],[-133.895579,56.219957],[-133.981272,56.283881],[-133.956695,56.359687],[-133.845204,56.434394],[-133.884674,56.490058]]],[[[-133.912668,57.08275],[-134.018178,57.017564],[-133.839182,56.919501],[-133.820139,56.855414],[-133.696645,56.832017],[-133.695668,56.659369],[-133.646067,56.592597],[-133.659413,56.464179],[-133.52717,56.439032],[-133.346588,56.475735],[-133.147939,56.462104],[-132.933949,56.641588],[-132.991078,56.808417],[-132.935658,56.866848],[-132.980377,56.935045],[-133.10912,56.998725],[-133.388173,56.997138],[-133.582875,57.050035],[-133.912668,57.08275]]],[[[-152.907867,57.16474],[-153.154408,57.164537],[-153.260487,57.205634],[-153.41161,57.079047],[-153.325551,57.02204],[-153.215647,57.072211],[-152.907867,57.16474]]],[[[-135.601552,57.171576],[-135.615224,57.284491],[-135.824086,57.332343],[-135.839223,57.245673],[-135.762074,57.114163],[-135.82315,57.079779],[-135.841135,56.989691],[-135.628245,57.010199],[-135.546295,57.141099],[-135.601552,57.171576]]],[[[-134.62149,56.743842],[-134.689768,56.849677],[-134.723948,56.996039],[-134.808258,57.181383],[-134.971059,57.312445],[-134.994781,57.397773],[-135.130279,57.441107],[-135.381174,57.553616],[-135.519032,57.50731],[-135.504709,57.466498],[-135.673207,57.349677],[-135.529205,57.236721],[-135.334055,57.250393],[-135.412913,57.157904],[-135.310292,57.047349],[-135.350006,56.970404],[-135.294504,56.892157],[-135.367543,56.828925],[-135.154693,56.745917],[-135.052846,56.537828],[-134.882436,56.329576],[-134.749989,56.217353],[-134.626373,56.261461],[-134.648793,56.339179],[-134.614613,56.558295],[-134.62149,56.743842]]],[[[-153.301747,57.833197],[-153.279734,57.902899],[-153.482249,57.977769],[-153.541941,57.935614],[-153.301747,57.833197]]],[[[-152.160878,57.627143],[-152.467763,57.657172],[-152.458974,57.768134],[-152.329091,57.825751],[-152.486318,57.910712],[-152.636952,57.915107],[-152.726389,57.833197],[-152.817983,57.860419],[-152.862294,57.934516],[-153.202463,57.946194],[-153.191884,57.805243],[-153.350168,57.81269],[-153.558298,57.738349],[-153.574412,57.839545],[-153.723826,57.902086],[-153.843455,57.870592],[-153.924631,57.810492],[-153.925526,57.72956],[-153.810902,57.659003],[-153.868723,57.628607],[-153.753977,57.561957],[-153.808827,57.51789],[-153.81135,57.41234],[-153.890736,57.408026],[-153.935496,57.53498],[-154.055857,57.655097],[-154.239329,57.673285],[-154.455556,57.576728],[-154.614735,57.526557],[-154.810007,57.346584],[-154.601511,57.258938],[-154.535024,57.174628],[-154.528554,56.991645],[-154.388743,56.963853],[-154.237986,56.899563],[-154.158315,56.969184],[-154.121205,57.123725],[-154.27241,57.117377],[-154.384226,57.051744],[-154.494944,57.113593],[-154.360666,57.147935],[-154.120432,57.147935],[-153.959665,57.120063],[-154.080027,57.066596],[-154.099558,56.96483],[-153.962636,56.995103],[-153.877146,56.97663],[-154.130116,56.786526],[-153.962514,56.748236],[-153.837717,56.844184],[-153.709828,56.859931],[-153.713612,56.914537],[-153.559763,56.986518],[-153.610829,57.02383],[-153.526845,57.126695],[-153.455271,57.116848],[-153.253285,57.236721],[-153.096303,57.218248],[-152.959096,57.257148],[-153.057322,57.326321],[-152.914418,57.339789],[-152.837473,57.270738],[-152.692209,57.283271],[-152.596018,57.373928],[-152.591013,57.450914],[-152.330312,57.44595],[-152.308909,57.509019],[-152.160878,57.627143]]],[[[-136.389801,57.963568],[-136.361928,58.031195],[-136.475331,58.097846],[-136.561147,58.017524],[-136.533193,57.949286],[-136.389801,57.963568]]],[[[-153.418365,58.065985],[-153.253285,58.052314],[-153.026926,57.988756],[-153.106191,58.094631],[-153.295481,58.14643],[-153.418365,58.065985]]],[[[-135.847971,57.394355],[-135.707428,57.366523],[-135.546295,57.466051],[-135.628041,57.706041],[-135.056874,57.46662],[-134.905995,57.457261],[-134.813873,57.497463],[-134.913889,57.755845],[-134.983022,57.761542],[-135.197499,57.709662],[-135.327504,57.72956],[-135.372385,57.805243],[-135.499908,57.834784],[-135.505686,57.891425],[-135.259389,57.795966],[-135.013783,57.785875],[-134.942454,57.806586],[-134.924794,58.027493],[-135.389272,58.141059],[-135.63565,58.230414],[-135.813547,58.274359],[-135.922841,58.23192],[-135.982289,58.167629],[-136.102935,58.221625],[-136.22468,58.149237],[-136.405263,58.133938],[-136.409657,58.079901],[-136.296946,58.010565],[-136.364369,57.975775],[-136.394846,57.885688],[-136.277252,57.775336],[-136.088206,57.688544],[-136.142812,57.644761],[-135.946767,57.516343],[-135.949086,57.461859],[-135.847971,57.394355]]],[[[-134.597279,58.23725],[-134.258412,58.196275],[-134.481842,58.333482],[-134.67984,58.309272],[-134.597279,58.23725]]],[[[-134.353993,57.092719],[-134.245595,57.182563],[-134.167388,57.191555],[-134.127431,57.264635],[-134.142242,57.350165],[-133.982411,57.308498],[-133.86498,57.355129],[-133.937856,57.618557],[-134.011138,57.653795],[-134.20873,57.839911],[-134.312245,57.979438],[-134.141672,57.956732],[-134.114369,57.880316],[-134.01061,57.806586],[-133.962961,57.692328],[-133.860015,57.658026],[-133.888417,57.798407],[-134.002309,57.939358],[-134.169342,58.077786],[-134.186391,58.168402],[-134.331614,58.148139],[-134.444651,58.177395],[-134.693186,58.168402],[-134.711293,58.22309],[-134.874745,58.367621],[-134.969146,58.363227],[-134.915679,58.209947],[-134.797841,58.112779],[-134.800038,58.035224],[-134.721262,57.897366],[-134.716054,57.745795],[-134.653554,57.598212],[-134.463857,57.394355],[-134.62149,57.229926],[-134.579905,57.154771],[-134.622914,57.110826],[-134.574615,57.02912],[-134.50182,57.028957],[-134.353993,57.092719]]],[[[-151.966013,58.332831],[-152.095082,58.367621],[-152.476877,58.361477],[-152.499827,58.463202],[-152.650624,58.483629],[-152.785105,58.370836],[-152.793284,58.286811],[-153.041697,58.305569],[-153.229604,58.168891],[-153.081166,58.111029],[-153.014353,58.045478],[-152.804921,57.991523],[-152.708079,58.052069],[-152.331125,58.165025],[-152.304392,58.257554],[-152.129994,58.166164],[-151.972239,58.23725],[-151.966013,58.332831]]],[[[-152.644399,58.518459],[-152.483022,58.480536],[-152.363271,58.551947],[-152.369578,58.638088],[-152.572621,58.580227],[-152.644399,58.518459]]],[[[-160.947643,58.737648],[-161.061676,58.700505],[-161.074126,58.546924],[-160.897858,58.570343],[-160.685924,58.810839],[-160.947643,58.737648]]],[[[-148.159373,60.043158],[-148.077463,60.15998],[-148.27123,60.102973],[-148.159373,60.043158]]],[[[-147.107249,60.2862],[-147.295644,60.232164],[-147.380198,60.139594],[-147.533111,60.05858],[-147.703114,59.997504],[-147.886138,59.857611],[-147.84024,59.786526],[-147.643707,59.862616],[-147.468251,59.876776],[-147.490305,59.939195],[-147.233795,60.133124],[-147.010487,60.23371],[-147.107249,60.2862]]],[[[-146.188629,60.402167],[-146.36677,60.409654],[-146.353098,60.471137],[-146.588124,60.484036],[-146.722646,60.386217],[-146.490305,60.361274],[-146.493276,60.303778],[-146.188629,60.402167]]],[[[-147.771392,60.409654],[-147.847076,60.382392],[-147.867584,60.272528],[-147.738759,60.259833],[-147.631012,60.374823],[-147.771392,60.409654]]],[[[-145.757232,60.62873],[-145.949045,60.567328],[-146.286448,60.51732],[-146.29426,60.454779],[-146.096913,60.479682],[-145.76415,60.587104],[-145.757232,60.62873]]],[[[-148.087351,60.800116],[-147.919342,60.838324],[-148.032094,60.930406],[-148.128285,60.8581],[-148.087351,60.800116]]],[[[-162.34081,63.602484],[-162.436391,63.640326],[-162.676503,63.611518],[-162.614858,63.548529],[-162.38801,63.562201],[-162.34081,63.602484]]],[[[-176.264719,51.810004],[-176.347157,51.86994],[-176.423044,51.85102],[-176.397043,51.741889],[-176.292673,51.741156],[-176.264719,51.810004]]],[[[-176.011464,51.829901],[-176.190134,51.886705],[-176.219065,51.824368],[-176.011464,51.829901]]],[[[-177.800282,51.795722],[-177.95226,51.92475],[-178.147817,51.9147],[-178.213816,51.876044],[-177.954823,51.729071],[-178.044626,51.665595],[-177.957997,51.637437],[-177.806508,51.703315],[-177.800282,51.795722]]],[[[-177.122182,51.932929],[-177.194407,51.929999],[-177.215525,51.818793],[-177.385447,51.726386],[-177.277659,51.680121],[-177.127756,51.747463],[-177.136952,51.822821],[-177.046824,51.891995],[-177.122182,51.932929]]],[[[-176.437245,51.788275],[-176.641469,51.857164],[-176.549428,51.91413],[-176.648671,51.951809],[-176.781809,51.936469],[-176.779856,51.829047],[-176.91511,51.791938],[-176.882151,51.720364],[-176.966624,51.669135],[-176.917063,51.601549],[-176.828318,51.673814],[-176.588124,51.685858],[-176.437245,51.788275]]],[[[-176.138743,51.994371],[-176.04304,51.963365],[-175.998484,52.059556],[-176.068715,52.107652],[-176.193349,52.059556],[-176.138743,51.994371]]],[[[-173.123402,52.107978],[-173.508005,52.111558],[-173.531199,52.144965],[-173.838816,52.119574],[-173.836008,52.043362],[-173.570668,52.048529],[-173.500559,52.022854],[-173.376536,52.038764],[-173.123402,52.107978]]],[[[-172.407175,52.385443],[-172.557973,52.350653],[-172.633046,52.261298],[-172.529408,52.25023],[-172.310902,52.316474],[-172.407175,52.385443]]],[[[-174.051951,52.24079],[-173.991892,52.312567],[-174.08613,52.399075],[-174.190297,52.417873],[-174.346791,52.364325],[-174.325673,52.309638],[-174.228261,52.267524],[-174.330881,52.202338],[-174.559071,52.179348],[-174.601552,52.104641],[-174.722971,52.124701],[-174.855092,52.104804],[-174.974599,52.058336],[-174.715281,52.016506],[-174.475697,52.068915],[-174.373769,52.111721],[-174.230051,52.095608],[-174.100209,52.140937],[-174.180735,52.230699],[-174.051951,52.24079]]],[[[-170.604644,52.687079],[-170.670481,52.700832],[-170.821238,52.616034],[-170.597849,52.611396],[-170.604644,52.687079]]],[[[-169.686635,52.872016],[-169.85029,52.882514],[-170.011667,52.837714],[-169.957102,52.790351],[-169.864817,52.820868],[-169.737904,52.778306],[-169.686635,52.872016]]],[[[-167.857493,53.392768],[-167.794789,53.502021],[-168.00829,53.570299],[-168.199818,53.540229],[-168.373606,53.46015],[-168.406565,53.409491],[-168.360789,53.271308],[-168.605702,53.275133],[-168.759511,53.186713],[-168.768625,53.081448],[-168.862009,53.006903],[-168.751291,52.96015],[-168.584055,53.030463],[-168.489939,53.04206],[-168.287587,53.242987],[-168.138173,53.273261],[-167.857493,53.392768]]],[[[-166.136952,53.837836],[-166.299265,53.781684],[-166.226308,53.727973],[-166.117177,53.793036],[-166.136952,53.837836]]],[[[-166.294301,53.727973],[-166.440378,53.754462],[-166.349477,53.875922],[-166.224924,53.905463],[-166.276723,53.974921],[-166.4558,53.896145],[-166.636098,53.876532],[-166.605702,53.985785],[-166.753896,54.016018],[-166.856313,53.967597],[-167.021596,53.961249],[-167.163401,53.857367],[-167.038197,53.755276],[-166.968617,53.77261],[-166.768137,53.714545],[-166.870432,53.673896],[-166.946523,53.715766],[-167.064646,53.682685],[-167.155385,53.622626],[-167.15864,53.477118],[-167.291615,53.47602],[-167.321523,53.416449],[-167.474599,53.434027],[-167.594187,53.378607],[-167.718455,53.381293],[-167.850046,53.309638],[-167.66511,53.241929],[-167.5006,53.275458],[-167.391347,53.344428],[-166.87682,53.481513],[-166.764475,53.449123],[-166.656361,53.502387],[-166.547231,53.625922],[-166.294301,53.727973]]],[[[-165.739084,54.12519],[-165.879628,54.213446],[-166.071238,54.185207],[-166.12267,54.118354],[-166.040761,54.036444],[-165.739084,54.12519]]],[[[-165.485829,54.173651],[-165.547312,54.222073],[-165.684438,54.235053],[-165.588816,54.110907],[-165.485829,54.173651]]],[[[-159.901479,55.140082],[-160.152903,55.121649],[-160.148549,55.07099],[-160.017039,55.045315],[-159.901479,55.140082]]],[[[179.400076,51.408433],[179.28004,51.398505],[179.195323,51.470526],[179.122895,51.480414],[178.992686,51.576646],[178.88738,51.620551],[178.721202,51.642808],[178.735118,51.584906],[178.941417,51.55036],[179.076915,51.453559],[179.24643,51.391059],[179.400076,51.408433]]],[[[178.533946,51.987494],[178.459972,51.944403],[178.537852,51.896674],[178.604259,51.93769],[178.533946,51.987494]]],[[[179.780935,51.967027],[179.643403,52.030341],[179.486095,51.973863],[179.49822,51.916409],[179.6421,51.874172],[179.746593,51.913479],[179.780935,51.967027]]],[[[177.642589,52.124701],[177.593435,52.125067],[177.516287,52.000963],[177.372569,51.974677],[177.224294,51.891995],[177.334483,51.839667],[177.365977,51.912095],[177.471365,51.939154],[177.567638,51.911811],[177.567638,52.001858],[177.648448,52.043647],[177.642589,52.124701]]],[[[173.79127,52.501532],[173.618663,52.498725],[173.401703,52.396674],[173.605317,52.396796],[173.743419,52.361233],[173.713064,52.450588],[173.79127,52.501532]]],[[[173.376638,52.830471],[173.301524,52.85932],[173.30128,52.925605],[173.127208,52.99494],[172.969412,52.974433],[172.781098,53.01553],[172.660411,53.008612],[172.640391,52.868801],[172.811046,52.887926],[172.763438,52.795722],[172.893809,52.796088],[172.944347,52.749823],[173.089366,52.830471],[173.222667,52.843817],[173.376638,52.830471]]],[[[-162.587229,54.441107],[-162.827463,54.501939],[-162.796376,54.423489],[-162.728586,54.395819],[-162.549998,54.385891],[-162.587229,54.441107]]],[[[-162.374949,54.954413],[-162.424184,54.897935],[-162.278757,54.851996],[-162.229319,54.9206],[-162.302561,54.985663],[-162.374949,54.954413]]],[[[-163.073842,54.687567],[-163.144154,54.770331],[-163.303334,54.761786],[-163.373036,54.79267],[-163.423166,54.912014],[-163.571645,55.057034],[-163.75654,55.06037],[-163.916737,55.036363],[-164.05073,54.971137],[-164.15685,54.956977],[-164.313954,54.893012],[-164.399648,54.92772],[-164.547353,54.882758],[-164.700673,54.67829],[-164.958241,54.58515],[-164.845286,54.423489],[-164.652577,54.391995],[-164.405588,54.435981],[-164.329701,54.534817],[-164.13268,54.623236],[-163.789866,54.637926],[-163.622548,54.611802],[-163.430735,54.68008],[-163.369496,54.764553],[-163.238474,54.683051],[-163.073842,54.687567]]],[[[-161.730662,55.160549],[-161.843821,55.171332],[-161.906077,55.134589],[-161.751169,55.058051],[-161.652781,55.106269],[-161.730662,55.160549]]],[[[-160.325429,55.358547],[-160.486928,55.353217],[-160.498484,55.302232],[-160.325429,55.276557],[-160.325429,55.358547]]],[[[-160.497385,55.194648],[-160.56371,55.229804],[-160.574452,55.324937],[-160.695994,55.406928],[-160.853627,55.331855],[-160.847401,55.207099],[-160.627065,55.153713],[-160.497385,55.194648]]],[[[-165.582102,59.950995],[-165.677195,60.063178],[-165.7329,60.176337],[-165.684438,60.299791],[-165.787546,60.341376],[-165.98823,60.320624],[-166.185374,60.402167],[-166.379832,60.348944],[-166.459218,60.387152],[-166.792307,60.292304],[-166.873972,60.210639],[-167.288075,60.238715],[-167.436147,60.19538],[-167.189809,60.027777],[-167.044789,60.001654],[-166.613352,59.856391],[-166.406443,59.854804],[-166.244008,59.807847],[-165.979115,59.876166],[-165.771067,59.906968],[-165.598622,59.909654],[-165.582102,59.950995]]],[[[-172.297312,60.351304],[-172.410756,60.401679],[-172.53364,60.391506],[-172.811838,60.477973],[-173.037668,60.565375],[-173.03779,60.505845],[-172.57197,60.327094],[-172.297312,60.351304]]],[[[-168.740712,63.280992],[-168.715199,63.311957],[-169.007639,63.34927],[-169.123972,63.300605],[-169.325551,63.363105],[-169.549509,63.362942],[-169.597279,63.424384],[-169.782216,63.43537],[-170.038564,63.531928],[-170.082468,63.61518],[-170.297353,63.695543],[-170.496571,63.7001],[-170.662587,63.672512],[-170.93696,63.571682],[-171.504343,63.653266],[-171.72057,63.752672],[-171.852895,63.521186],[-171.735585,63.375922],[-171.43932,63.31977],[-171.083852,63.444892],[-170.85615,63.460354],[-170.444325,63.359198],[-170.234975,63.283515],[-170.236033,63.197455],[-170.113393,63.202786],[-169.817454,63.126776],[-169.716176,63.024848],[-169.597524,62.983873],[-169.526479,63.091376],[-169.287343,63.193305],[-168.811838,63.170111],[-168.740712,63.280992]]]]},"properties":{"LOCATION_TYPE":"level1","ADM0_A3":"USA","LOCATION_ID":"USA-AK","NAME":"Alaska","TYPE_EN":"State"}},
{"type":"Feature","geometry":{"type":"MultiPolygon","coordinates":[[[[-89.52599,30.192776],[-89.587885,30.212138],[-89.636273,30.302348],[-89.677606,30.45684],[-89.735785,30.531474],[-89.799457,30.565873],[-89.846063,30.682499],[-89.738959,30.950419],[-89.735272,31.000102],[-90.710468,31.000151],[-91.657343,31.000224],[-91.579022,31.056156],[-91.62746,31.141825],[-91.604633,31.205522],[-91.632953,31.278276],[-91.541034,31.282524],[-91.495575,31.411259],[-91.528949,31.500614],[-91.435663,31.573197],[-91.404169,31.738383],[-91.336029,31.858085],[-91.257489,31.881669],[-91.158392,31.983256],[-91.091425,32.014115],[-91.068915,32.084721],[-90.916547,32.339848],[-91.093036,32.450834],[-91.097089,32.555131],[-91.161005,32.625395],[-91.157269,32.680375],[-91.092792,32.74058],[-91.157269,32.770854],[-91.133344,32.858549],[-91.071942,32.923197],[-91.168158,32.981523],[-91.166473,33.014335],[-91.895697,33.013017],[-92.432098,33.01248],[-93.147284,33.011772],[-94.041254,33.010942],[-94.042352,32.424296],[-94.043231,31.998197],[-93.904169,31.883207],[-93.814301,31.71309],[-93.826923,31.587846],[-93.655072,31.370268],[-93.677899,31.330717],[-93.514764,31.042045],[-93.577557,31.008403],[-93.538153,30.943901],[-93.573846,30.89849],[-93.573846,30.819682],[-93.68681,30.600566],[-93.730536,30.565654],[-93.70639,30.454789],[-93.752411,30.39268],[-93.715179,30.28726],[-93.703973,30.143754],[-93.717206,30.079814],[-93.798421,29.985607],[-93.759952,29.960576],[-93.781941,29.856515],[-93.888238,29.807175],[-93.831028,29.700135],[-93.73938,29.737248],[-93.453396,29.770425],[-93.199593,29.772811],[-93.026845,29.732856],[-92.683058,29.604133],[-92.546213,29.571682],[-92.276493,29.533836],[-92.136865,29.586862],[-92.107411,29.620429],[-92.150217,29.707506],[-92.134145,29.756822],[-92.000478,29.798896],[-91.984446,29.831977],[-91.847524,29.831244],[-91.877919,29.759345],[-91.684682,29.753119],[-91.630442,29.728827],[-91.644154,29.645168],[-91.568959,29.647121],[-91.534332,29.534003],[-91.429026,29.527899],[-91.320912,29.496649],[-91.278188,29.524237],[-91.219838,29.404446],[-91.327992,29.294867],[-91.228586,29.238593],[-91.079579,29.195868],[-90.929921,29.171291],[-90.884023,29.133775],[-90.828603,29.176337],[-90.705922,29.119534],[-90.562001,29.300727],[-90.393707,29.298285],[-90.251088,29.247382],[-90.271311,29.167426],[-90.229237,29.086656],[-90.08023,29.174709],[-90.095041,29.28384],[-90.036285,29.365871],[-90.080393,29.537258],[-89.971181,29.473375],[-89.907704,29.477037],[-89.781809,29.391669],[-89.757705,29.343163],[-89.62267,29.285142],[-89.608225,29.256049],[-89.482533,29.243069],[-89.383656,29.087836],[-89.311838,29.072333],[-89.40746,28.969306],[-89.374013,28.947455],[-89.30956,29.050198],[-89.249745,29.064887],[-89.18814,29.030463],[-89.023183,29.147406],[-89.126536,29.249701],[-89.201975,29.352932],[-89.342275,29.346096],[-89.433949,29.403469],[-89.515777,29.392524],[-89.541575,29.470852],[-89.668365,29.521796],[-89.723256,29.60163],[-89.639068,29.620266],[-89.456776,29.82925],[-89.420033,29.791978],[-89.331695,29.879869],[-89.434722,29.9289],[-89.427317,30.058661],[-89.571197,29.988471],[-89.6197,29.879869],[-89.686513,29.882554],[-89.838938,29.995347],[-89.788808,30.098863],[-89.880442,30.154853],[-89.927317,30.095526],[-90.036977,30.040269],[-90.168365,30.024482],[-90.339101,30.066067],[-90.432973,30.143297],[-90.405019,30.22016],[-90.222401,30.3876],[-90.058502,30.360297],[-89.969146,30.264716],[-89.770334,30.239691],[-89.708404,30.175279],[-89.52599,30.192776]]],[[[-91.802073,29.490058],[-91.720204,29.581732],[-91.92927,29.647121],[-92.012318,29.613715],[-92.020497,29.568752],[-91.840484,29.483832],[-91.802073,29.490058]]]]},"properties":{"LOCATION_TYPE":"level1","ADM0_A3":"USA","LOCATION_ID":"USA-LA","NAME":"Louisiana","TYPE_EN":"State"}},
{"type":"Feature","geometry":{"type":"Polygon","coordinates":[[[-88.402212,30.387831],[-88.449408,31.232524],[-88.486151,31.889506],[-88.379022,32.700102],[-88.308466,33.233842],[-88.235638,33.785014],[-88.169696,34.284013],[-88.089423,34.892045],[-88.179071,34.997831],[-89.264374,34.998954],[-90.304218,35.000077],[-90.271796,34.923051],[-90.352362,34.864067],[-90.463886,34.827934],[-90.45473,34.759306],[-90.55368,34.739994],[-90.593866,34.642338],[-90.576068,34.573515],[-90.593964,34.425053],[-90.821161,34.285649],[-90.864276,34.206279],[-90.955878,34.157109],[-90.88244,34.099467],[-90.909222,34.035307],[-91.084637,33.996684],[-91.035614,33.930473],[-91.069257,33.883671],[-91.045429,33.814506],[-91.192328,33.708061],[-91.151679,33.633403],[-91.215765,33.53394],[-91.127167,33.47808],[-91.134003,33.382524],[-91.182098,33.320024],[-91.107587,33.267826],[-91.099237,33.149736],[-91.161298,33.118705],[-91.166473,33.014335],[-91.168158,32.981523],[-91.071942,32.923197],[-91.133344,32.858549],[-91.157269,32.770854],[-91.092792,32.74058],[-91.157269,32.680375],[-91.161005,32.625395],[-91.097089,32.555131],[-91.093036,32.450834],[-90.916547,32.339848],[-91.068915,32.084721],[-91.091425,32.014115],[-91.158392,31.983256],[-91.257489,31.881669],[-91.336029,31.858085],[-91.404169,31.738383],[-91.435663,31.573197],[-91.528949,31.500614],[-91.495575,31.411259],[-91.541034,31.282524],[-91.632953,31.278276],[-91.604633,31.205522],[-91.62746,31.141825],[-91.579022,31.056156],[-91.657343,31.000224],[-90.710468,31.000151],[-89.735272,31.000102],[-89.738959,30.950419],[-89.846063,30.682499],[-89.799457,30.565873],[-89.735785,30.531474],[-89.677606,30.45684],[-89.636273,30.302348],[-89.587885,30.212138],[-89.52599,30.192776],[-89.442535,30.189765],[-89.421051,30.257799],[-89.33023,30.302883],[-89.013417,30.377427],[-88.927642,30.442206],[-88.845855,30.422593],[-88.742055,30.354071],[-88.662221,30.35456],[-88.598704,30.395006],[-88.558461,30.348456],[-88.47057,30.323879],[-88.402212,30.387831]]]},"properties":{"LOCATION_TYPE":"level1","ADM0_A3":"USA","LOCATION_ID":"USA-MS","NAME":"Mississippi","TYPE_EN":"State"}},
{"type":"Feature","geometry":{"type":"Polygon","coordinates":[[[-87.419583,30.479597],[-87.441376,30.544755],[-87.404657,30.645341],[-87.496845,30.722612],[-87.626923,30.873051],[-87.593646,30.999711],[-86.595282,30.999858],[-85.642059,31.000004],[-85.006586,31.000102],[-85.018182,31.086845],[-85.101019,31.18267],[-85.110199,31.271537],[-85.042548,31.535331],[-85.058026,31.616508],[-85.109491,31.692338],[-85.143915,31.823954],[-85.122089,31.902958],[-85.060443,32.003935],[-85.047382,32.137626],[-85.017719,32.183329],[-84.900726,32.260868],[-84.972308,32.320561],[-84.967743,32.433549],[-85.003095,32.523075],[-85.083514,32.615336],[-85.130682,32.779203],[-85.167474,32.817729],[-85.198627,32.944364],[-85.350214,33.711528],[-85.458807,34.271928],[-85.562714,34.752641],[-85.605682,34.985209],[-86.726459,34.989775],[-87.514276,35.005473],[-88.185516,35.009745],[-88.179071,34.997831],[-88.089423,34.892045],[-88.169696,34.284013],[-88.235638,33.785014],[-88.308466,33.233842],[-88.379022,32.700102],[-88.486151,31.889506],[-88.449408,31.232524],[-88.402212,30.387831],[-88.355336,30.403754],[-88.120107,30.338324],[-88.11205,30.45307],[-88.052561,30.654364],[-87.942535,30.659735],[-87.910308,30.548977],[-87.940745,30.48314],[-87.916575,30.423326],[-87.776235,30.313137],[-87.786488,30.236762],[-87.590159,30.275377],[-87.572865,30.321519],[-87.473704,30.359198],[-87.401112,30.440131],[-87.419583,30.479597]]]},"properties":{"LOCATION_TYPE":"level1","ADM0_A3":"USA","LOCATION_ID":"USA-AL","NAME":"Alabama","TYPE_EN":"State"}},
{"type":"Feature","geometry":{"type":"MultiPolygon","coordinates":[[[[-87.447336,30.313137],[-87.446286,30.298224],[-87.328847,30.319729],[-87.156809,30.474514],[-87.154408,30.580552],[-87.060455,30.494859],[-87.015289,30.521064],[-86.940175,30.456488],[-87.044504,30.389594],[-86.680084,30.422309],[-86.484609,30.480048],[-86.408355,30.461412],[-86.286,30.497463],[-86.151479,30.457261],[-86.231068,30.414944],[-86.364817,30.380764],[-86.065989,30.306057],[-85.864491,30.216254],[-85.744252,30.139472],[-85.767242,30.240546],[-85.708648,30.247016],[-85.670888,30.122952],[-85.356516,29.888739],[-85.302154,29.797919],[-85.307851,29.693427],[-85.240712,29.688707],[-85.124257,29.721829],[-84.886627,29.730048],[-84.733632,29.791693],[-84.653188,29.852769],[-84.508372,29.922065],[-84.348988,29.902045],[-84.343007,29.946763],[-84.44518,29.968329],[-84.391021,30.024482],[-84.269643,30.092678],[-84.147613,30.087877],[-84.024037,30.106594],[-83.856435,30.002387],[-83.787709,29.989691],[-83.680572,29.921291],[-83.593373,29.826158],[-83.527659,29.71601],[-83.408925,29.667304],[-83.404775,29.531684],[-83.215688,29.41059],[-83.157704,29.305121],[-83.084788,29.272203],[-83.023915,29.17475],[-82.849233,29.182196],[-82.773508,29.119534],[-82.755116,29.010159],[-82.68517,28.913072],[-82.644399,28.900377],[-82.636952,28.746487],[-82.664215,28.447943],[-82.787343,28.193752],[-82.767323,28.105902],[-82.842397,27.828518],[-82.795969,27.815334],[-82.684722,27.701239],[-82.637766,27.701117],[-82.595815,27.829983],[-82.604726,27.881496],[-82.718861,27.927802],[-82.679799,28.013251],[-82.596018,27.983059],[-82.484853,27.892564],[-82.421742,27.917182],[-82.398183,27.796047],[-82.544179,27.650051],[-82.578603,27.547309],[-82.660756,27.520331],[-82.645416,27.442939],[-82.573638,27.395087],[-82.561838,27.276272],[-82.376617,26.940334],[-82.313832,26.849351],[-82.19811,26.803127],[-82.144521,26.940416],[-82.057037,26.86579],[-82.082102,26.680243],[-82.039052,26.527899],[-81.974477,26.510443],[-81.923736,26.454901],[-81.855946,26.448879],[-81.851796,26.341986],[-81.822133,26.292873],[-81.800893,26.098619],[-81.664377,25.98135],[-81.684316,25.925116],[-81.564076,25.920478],[-81.396148,25.85163],[-81.321685,25.782701],[-81.21467,25.527574],[-81.149159,25.395413],[-81.095123,25.351304],[-80.980784,25.318305],[-80.924143,25.263577],[-80.944651,25.212307],[-81.07787,25.272854],[-81.148346,25.331204],[-81.177113,25.227769],[-81.149159,25.165717],[-81.086537,25.121405],[-80.910227,25.14525],[-80.85497,25.186225],[-80.710927,25.14525],[-80.580637,25.241441],[-80.42691,25.221747],[-80.395863,25.295396],[-80.31432,25.371161],[-80.342437,25.493638],[-80.306874,25.618232],[-80.240712,25.72956],[-80.196197,25.753811],[-80.176584,25.858385],[-80.129262,25.887885],[-80.112782,26.068834],[-80.077707,26.287584],[-80.053619,26.556708],[-80.032379,26.587348],[-80.038238,26.811184],[-80.075551,26.973212],[-80.148793,27.138251],[-80.176991,27.150702],[-80.345367,27.514594],[-80.380971,27.666083],[-80.738271,28.373481],[-80.797475,28.608303],[-80.828236,28.661444],[-80.848134,28.790595],[-80.749257,28.724107],[-80.76594,28.612291],[-80.609446,28.610175],[-80.58788,28.505764],[-80.617909,28.37934],[-80.619944,28.206977],[-80.592193,28.207913],[-80.594065,28.401597],[-80.540435,28.451606],[-80.567616,28.557807],[-80.922109,29.068305],[-81.178293,29.585517],[-81.255849,29.789455],[-81.394928,30.29857],[-81.389394,30.384223],[-81.447743,30.508002],[-81.428578,30.681708],[-81.50003,30.712185],[-81.708759,30.741069],[-81.909052,30.81851],[-81.969696,30.810697],[-82.041327,30.736698],[-82.047308,30.650053],[-82.012152,30.587992],[-82.048578,30.375395],[-82.16618,30.364555],[-82.212518,30.41956],[-82.239838,30.564653],[-83.020673,30.610893],[-83.570404,30.64351],[-84.214594,30.681767],[-84.867011,30.720365],[-84.920477,30.760087],[-84.944061,30.891679],[-85.006586,31.000102],[-85.642059,31.000004],[-86.595282,30.999858],[-87.593646,30.999711],[-87.626923,30.873051],[-87.496845,30.722612],[-87.404657,30.645341],[-87.441376,30.544755],[-87.419583,30.479597],[-87.35851,30.463324],[-87.447336,30.313137]]],[[[-80.67748,28.578925],[-80.739898,28.517483],[-80.719635,28.388332],[-80.658193,28.437486],[-80.612172,28.568834],[-80.67748,28.578925]]]]},"properties":{"LOCATION_TYPE":"level1","ADM0_A3":"USA","LOCATION_ID":"USA-FL","NAME":"Florida","TYPE_EN":"State"}},
{"type":"Feature","geometry":{"type":"MultiPolygon","coordinates":[[[[-80.890289,32.03266],[-81.020038,32.091215],[-81.077899,32.087113],[-81.156415,32.193876],[-81.129755,32.300004],[-81.166986,32.354643],[-81.200751,32.48455],[-81.238959,32.525956],[-81.405756,32.624296],[-81.402509,32.744902],[-81.437567,32.848075],[-81.500409,32.931694],[-81.517621,33.039555],[-81.759735,33.155937],[-81.817548,33.224687],[-81.841669,33.313603],[-81.930975,33.361235],[-81.923944,33.458573],[-82.040936,33.560014],[-82.19389,33.634648],[-82.245306,33.750541],[-82.363251,33.843656],[-82.570526,33.967802],[-82.599384,34.045414],[-82.734442,34.184721],[-82.76142,34.292778],[-82.827509,34.37498],[-82.857294,34.460649],[-83.01496,34.481718],[-83.121722,34.569877],[-83.323895,34.671708],[-83.355487,34.708427],[-83.308221,34.820048],[-83.158357,34.935198],[-83.114764,35.000444],[-83.795331,34.992851],[-84.324628,34.987065],[-84.870111,34.988334],[-85.605682,34.985209],[-85.562714,34.752641],[-85.458807,34.271928],[-85.350214,33.711528],[-85.198627,32.944364],[-85.167474,32.817729],[-85.130682,32.779203],[-85.083514,32.615336],[-85.003095,32.523075],[-84.967743,32.433549],[-84.972308,32.320561],[-84.900726,32.260868],[-85.017719,32.183329],[-85.047382,32.137626],[-85.060443,32.003935],[-85.122089,31.902958],[-85.143915,31.823954],[-85.109491,31.692338],[-85.058026,31.616508],[-85.042548,31.535331],[-85.110199,31.271537],[-85.101019,31.18267],[-85.018182,31.086845],[-85.006586,31.000102],[-84.944061,30.891679],[-84.920477,30.760087],[-84.867011,30.720365],[-84.214594,30.681767],[-83.570404,30.64351],[-83.020673,30.610893],[-82.239838,30.564653],[-82.212518,30.41956],[-82.16618,30.364555],[-82.048578,30.375395],[-82.012152,30.587992],[-82.047308,30.650053],[-82.041327,30.736698],[-81.969696,30.810697],[-81.909052,30.81851],[-81.708759,30.741069],[-81.50003,30.712185],[-81.519032,30.841783],[-81.499257,30.968207],[-81.424143,31.025051],[-81.456532,31.190416],[-81.385976,31.14175],[-81.269887,31.274848],[-81.328277,31.315253],[-81.363899,31.41583],[-81.300933,31.570787],[-81.196278,31.717597],[-81.119049,31.737616],[-81.060902,31.788153],[-81.074696,31.888414],[-80.980458,31.865383],[-80.949534,31.913723],[-80.835683,32.002916],[-80.890289,32.03266]]],[[[-81.251289,31.504578],[-81.30032,31.411516],[-81.261718,31.387792],[-81.17465,31.521421],[-81.251289,31.504578]]]]},"properties":{"LOCATION_TYPE":"level1","ADM0_A3":"USA","LOCATION_ID":"USA-GA","NAME":"Georgia","TYPE_EN":"State"}},
{"type":"Feature","geometry":{"type":"Polygon","coordinates":[[[-78.573158,33.882603],[-79.22851,34.436576],[-79.65351,34.795732],[-79.703803,34.805815],[-80.776239,34.825737],[-80.792914,34.961747],[-80.927118,35.108134],[-81.027704,35.061283],[-81.073529,35.154203],[-81.764716,35.183598],[-82.287201,35.205888],[-82.554022,35.159135],[-82.742133,35.077055],[-82.803876,35.080815],[-83.114764,35.000444],[-83.158357,34.935198],[-83.308221,34.820048],[-83.355487,34.708427],[-83.323895,34.671708],[-83.121722,34.569877],[-83.01496,34.481718],[-82.857294,34.460649],[-82.827509,34.37498],[-82.76142,34.292778],[-82.734442,34.184721],[-82.599384,34.045414],[-82.570526,33.967802],[-82.363251,33.843656],[-82.245306,33.750541],[-82.19389,33.634648],[-82.040936,33.560014],[-81.923944,33.458573],[-81.930975,33.361235],[-81.841669,33.313603],[-81.817548,33.224687],[-81.759735,33.155937],[-81.517621,33.039555],[-81.500409,32.931694],[-81.437567,32.848075],[-81.402509,32.744902],[-81.405756,32.624296],[-81.238959,32.525956],[-81.200751,32.48455],[-81.166986,32.354643],[-81.129755,32.300004],[-81.156415,32.193876],[-81.077899,32.087113],[-81.020038,32.091215],[-80.890289,32.03266],[-80.887563,32.069403],[-80.737131,32.152086],[-80.677846,32.214748],[-80.79894,32.319729],[-80.759348,32.360785],[-80.63683,32.266791],[-80.553293,32.278795],[-80.44107,32.366116],[-80.469838,32.442125],[-80.570953,32.491685],[-80.525014,32.540188],[-80.409332,32.481106],[-80.331207,32.486396],[-80.149078,32.581448],[-80.005116,32.611558],[-79.887318,32.688137],[-79.850982,32.758612],[-79.744537,32.799628],[-79.607411,32.916246],[-79.584828,33.013821],[-79.491322,32.9914],[-79.387034,33.01732],[-79.202952,33.192939],[-79.133127,33.417426],[-78.937978,33.642076],[-78.763336,33.778551],[-78.573158,33.882603]]]},"properties":{"LOCATION_TYPE":"level1","ADM0_A3":"USA","LOCATION_ID":"USA-SC","NAME":"South Carolina","TYPE_EN":"State"}},
{"type":"Feature","geometry":{"type":"MultiPolygon","coordinates":[[[[-76.031728,36.550279],[-77.036151,36.548783],[-77.898749,36.542265],[-78.983612,36.542265],[-80.089594,36.539775],[-80.677118,36.562162],[-81.227313,36.569633],[-81.61933,36.593852],[-81.658856,36.60955],[-81.715009,36.526347],[-81.740497,36.409452],[-81.924017,36.294071],[-82.024677,36.139921],[-82.086566,36.10059],[-82.198773,36.158525],[-82.394574,36.095683],[-82.489276,35.993827],[-82.583685,35.968803],[-82.629779,36.057353],[-82.770258,36.000248],[-82.810175,35.933329],[-82.87829,35.95557],[-82.98266,35.787992],[-83.075433,35.789457],[-83.244183,35.716679],[-83.499213,35.569975],[-83.728095,35.566557],[-83.880194,35.516459],[-84.011493,35.424516],[-84.046063,35.301615],[-84.095184,35.257914],[-84.261249,35.255668],[-84.300507,35.208354],[-84.324628,34.987065],[-83.795331,34.992851],[-83.114764,35.000444],[-82.803876,35.080815],[-82.742133,35.077055],[-82.554022,35.159135],[-82.287201,35.205888],[-81.764716,35.183598],[-81.073529,35.154203],[-81.027704,35.061283],[-80.927118,35.108134],[-80.792914,34.961747],[-80.776239,34.825737],[-79.703803,34.805815],[-79.65351,34.795732],[-79.22851,34.436576],[-78.573158,33.882603],[-78.252512,33.925116],[-78.032338,33.892279],[-77.972157,33.952623],[-77.911122,33.958157],[-77.87442,34.12226],[-77.832672,34.207017],[-77.668324,34.376166],[-77.535878,34.468573],[-77.378896,34.527167],[-77.25357,34.594387],[-77.201527,34.650702],[-76.896108,34.739203],[-76.658193,34.721869],[-76.571604,34.780829],[-76.503896,34.766547],[-76.335683,34.899482],[-76.377553,34.965806],[-76.548248,34.999335],[-76.642445,34.983832],[-76.761952,34.912421],[-76.805572,34.944729],[-76.940256,34.979804],[-76.946278,35.06859],[-76.839101,34.992499],[-76.764475,34.989203],[-76.560536,35.124416],[-76.66393,35.180894],[-76.492828,35.23017],[-76.49706,35.31151],[-76.694081,35.353664],[-76.90392,35.443915],[-76.976308,35.438178],[-76.994049,35.497056],[-76.704335,35.430365],[-76.599762,35.395087],[-76.575185,35.497463],[-76.498362,35.391343],[-76.442494,35.403998],[-76.268707,35.348375],[-76.15038,35.347154],[-75.897206,35.579047],[-75.753814,35.611802],[-75.724924,35.698228],[-75.721832,35.829169],[-75.790517,35.932522],[-75.852854,35.979967],[-75.98998,35.886908],[-75.994862,35.730292],[-76.065094,35.767768],[-76.085561,35.863267],[-76.048329,35.98371],[-76.195424,35.993638],[-76.387278,35.938422],[-76.473012,35.972357],[-76.557932,35.938422],[-76.729848,35.945258],[-76.687001,36.056098],[-76.524403,36.013495],[-76.411733,36.082953],[-76.195424,36.103502],[-76.020416,36.191474],[-75.85969,36.161566],[-75.916371,36.402655],[-76.011708,36.460598],[-76.031728,36.550279]]],[[[-75.908966,36.549425],[-75.942983,36.549628],[-75.966922,36.54981],[-76.013254,36.550157],[-75.97289,36.499701],[-75.908966,36.549425]]]]},"properties":{"LOCATION_TYPE":"level1","ADM0_A3":"USA","LOCATION_ID":"USA-NC","NAME":"North Carolina","TYPE_EN":"State"}},
{"type":"Feature","geometry":{"type":"MultiPolygon","coordinates":[[[[-76.013254,36.550157],[-75.966922,36.54981],[-75.962717,36.709296],[-75.927887,36.706204],[-75.880645,36.549262],[-75.853101,36.549028],[-75.960241,36.806754],[-75.98893,36.911959],[-76.125986,36.916252],[-76.268901,36.961415],[-76.317738,36.883531],[-76.475982,36.907904],[-76.571604,37.027737],[-76.659743,37.04331],[-76.717995,37.150014],[-76.801869,37.206488],[-76.893707,37.206488],[-76.878163,37.268988],[-76.61734,37.199164],[-76.611188,37.119442],[-76.452992,37.030178],[-76.429189,36.976304],[-76.296213,37.013577],[-76.269887,37.069281],[-76.298207,37.144599],[-76.468073,37.213966],[-76.378505,37.272332],[-76.409291,37.407782],[-76.321645,37.386298],[-76.244537,37.44953],[-76.356516,37.521796],[-76.443023,37.618598],[-76.522221,37.614881],[-76.613401,37.739539],[-76.583485,37.777289],[-76.489613,37.658352],[-76.349436,37.627997],[-76.317047,37.732245],[-76.250071,37.822821],[-76.247909,37.903471],[-76.530629,38.025133],[-76.534423,38.075171],[-76.614613,38.150377],[-76.881773,38.177027],[-76.954171,38.210168],[-76.965443,38.267239],[-77.030132,38.307682],[-77.014781,38.372328],[-77.248979,38.329885],[-77.292131,38.340737],[-77.326592,38.450934],[-77.229888,38.656684],[-77.134865,38.636283],[-77.117258,38.706244],[-77.047771,38.715724],[-77.034951,38.860973],[-77.068333,38.901938],[-77.119781,38.934064],[-77.233466,38.986625],[-77.27226,39.047758],[-77.421576,39.074247],[-77.49577,39.12393],[-77.466742,39.243754],[-77.558368,39.299003],[-77.734686,39.331059],[-77.835736,39.144169],[-78.322162,39.450834],[-78.358856,39.331303],[-78.403876,39.277812],[-78.413886,39.166386],[-78.660541,38.934306],[-78.743182,38.930082],[-78.862225,38.793193],[-78.988178,38.845634],[-79.145892,38.63726],[-79.20246,38.515092],[-79.297382,38.424833],[-79.504315,38.478739],[-79.552362,38.567631],[-79.635956,38.592118],[-79.692596,38.442143],[-79.765399,38.358549],[-79.792011,38.280204],[-79.916596,38.179057],[-79.999945,38.001591],[-80.206903,37.814848],[-80.284857,37.685136],[-80.230731,37.610673],[-80.301605,37.570512],[-80.294305,37.509233],[-80.45246,37.429496],[-80.527826,37.468266],[-80.73122,37.38477],[-80.845892,37.424809],[-80.864935,37.346391],[-80.948261,37.294828],[-81.132074,37.280253],[-81.224091,37.24434],[-81.342596,37.333891],[-81.424091,37.271342],[-81.545624,37.212773],[-81.644598,37.209355],[-81.7716,37.282987],[-81.823798,37.286405],[-81.932733,37.379692],[-81.977631,37.464775],[-81.965228,37.538676],[-82.351386,37.278495],[-82.632587,37.16392],[-82.708148,37.113139],[-82.726874,37.037992],[-82.854559,36.971952],[-82.884296,36.89434],[-83.082416,36.834599],[-83.137201,36.749955],[-83.239569,36.737138],[-83.413202,36.676274],[-83.508978,36.668534],[-83.667474,36.604008],[-82.8341,36.600614],[-81.95246,36.596977],[-81.905292,36.617509],[-81.658856,36.60955],[-81.61933,36.593852],[-81.227313,36.569633],[-80.677118,36.562162],[-80.089594,36.539775],[-78.983612,36.542265],[-77.898749,36.542265],[-77.036151,36.548783],[-76.031728,36.550279],[-76.013254,36.550157]]],[[[-75.377375,38.015198],[-75.62357,37.994278],[-75.647858,37.965717],[-75.708119,37.833157],[-75.798207,37.796129],[-75.788686,37.727484],[-75.921742,37.610541],[-75.893788,37.56273],[-76.010569,37.316352],[-76.016957,37.257799],[-75.966429,37.134795],[-75.887309,37.356967],[-75.82844,37.390694],[-75.818707,37.454238],[-75.492285,37.831084],[-75.424895,37.875113],[-75.434344,37.961833],[-75.377375,38.015198]]]]},"properties":{"LOCATION_TYPE":"level1","ADM0_A3":"USA","LOCATION_ID":"USA-VA","NAME":"Virginia","TYPE_EN":"State"}},
{"type":"Feature","geometry":{"type":"Polygon","coordinates":[[[-77.022933,38.802768],[-76.909315,38.892975],[-77.041949,38.996136],[-77.119781,38.934064],[-77.068333,38.901938],[-77.015932,38.854279],[-77.022933,38.802768]]]},"properties":{"LOCATION_TYPE":"level1","ADM0_A3":"USA","LOCATION_ID":"USA-DC","NAME":"District of Columbia","TYPE_EN":"Federal District"}},
{"type":"Feature","geometry":{"type":"Polygon","coordinates":[[[-75.647858,37.965717],[-75.62357,37.994278],[-75.377375,38.015198],[-75.333892,38.111558],[-75.290435,38.110826],[-75.242665,38.226955],[-75.154286,38.240912],[-75.1044,38.31623],[-75.125478,38.360338],[-75.083892,38.453599],[-75.693701,38.460354],[-75.734683,38.989406],[-75.788532,39.647418],[-75.788644,39.721318],[-76.361664,39.721342],[-77.169452,39.721488],[-77.861835,39.721562],[-78.438837,39.721611],[-79.477435,39.721757],[-79.487933,39.209867],[-79.179535,39.386332],[-79.064667,39.482328],[-78.969012,39.450273],[-78.877631,39.521684],[-78.778583,39.636796],[-78.745184,39.575419],[-78.577289,39.529106],[-78.468964,39.533598],[-78.433807,39.624198],[-78.280023,39.635356],[-78.213471,39.69329],[-78.132977,39.701347],[-77.969135,39.601567],[-77.882636,39.61558],[-77.85993,39.515531],[-77.790936,39.484184],[-77.738934,39.406132],[-77.734686,39.331059],[-77.558368,39.299003],[-77.466742,39.243754],[-77.49577,39.12393],[-77.421576,39.074247],[-77.27226,39.047758],[-77.233466,38.986625],[-77.119781,38.934064],[-77.041949,38.996136],[-76.909315,38.892975],[-77.022933,38.802768],[-77.045638,38.700696],[-77.121002,38.623765],[-77.184438,38.604967],[-77.267041,38.49408],[-77.255259,38.393522],[-77.203651,38.364295],[-77.021582,38.461395],[-76.973377,38.344264],[-76.922174,38.291593],[-76.754725,38.227602],[-76.616743,38.223306],[-76.434086,38.132143],[-76.351284,38.057358],[-76.320507,38.138776],[-76.387278,38.226955],[-76.419359,38.321706],[-76.396057,38.391275],[-76.511977,38.527734],[-76.521528,38.724893],[-76.551666,38.77558],[-76.459612,38.912137],[-76.486158,38.986525],[-76.398549,39.01439],[-76.449178,39.194957],[-76.390492,39.271552],[-76.424469,39.323676],[-76.209706,39.364651],[-76.065094,39.470771],[-76.082997,39.557807],[-76.00835,39.548687],[-75.999664,39.4855],[-76.034265,39.392877],[-76.174957,39.31623],[-76.272686,39.151552],[-76.130523,39.117825],[-76.15099,39.009101],[-76.247182,38.951158],[-76.154449,38.895331],[-76.212426,38.807637],[-76.304677,38.82274],[-76.340321,38.72842],[-76.236467,38.715155],[-76.145375,38.665025],[-76.242665,38.556708],[-76.254303,38.479804],[-76.318959,38.473944],[-76.221099,38.343899],[-76.028676,38.241767],[-75.906646,38.270982],[-75.856028,38.219713],[-75.941558,38.155463],[-75.814443,38.135199],[-75.886342,37.987942],[-75.647858,37.965717]]]},"properties":{"LOCATION_TYPE":"level1","ADM0_A3":"USA","LOCATION_ID":"USA-MD","NAME":"Maryland","TYPE_EN":"State"}},
{"type":"Feature","geometry":{"type":"Polygon","coordinates":[[[-75.083892,38.453599],[-75.057729,38.453437],[-75.043975,38.453803],[-75.057729,38.55272],[-75.126047,38.590033],[-75.120921,38.683835],[-75.066123,38.678025],[-75.08434,38.795967],[-75.166327,38.794382],[-75.310326,38.927818],[-75.314849,38.984076],[-75.39379,39.055551],[-75.394154,39.224595],[-75.434411,39.314874],[-75.587938,39.462771],[-75.554596,39.541164],[-75.605214,39.616685],[-75.424463,39.806614],[-75.601263,39.837846],[-75.731122,39.782304],[-75.788644,39.721318],[-75.788532,39.647418],[-75.734683,38.989406],[-75.693701,38.460354],[-75.083892,38.453599]]]},"properties":{"LOCATION_TYPE":"level1","ADM0_A3":"USA","LOCATION_ID":"USA-DE","NAME":"Delaware","TYPE_EN":"State"}},
{"type":"Feature","geometry":{"type":"Polygon","coordinates":[[[-75.02359,40.016303],[-75.144154,39.874905],[-75.310902,39.843207],[-75.440175,39.777004],[-75.510243,39.652655],[-75.557444,39.621243],[-75.510406,39.559638],[-75.531606,39.477973],[-75.359364,39.337877],[-75.249501,39.296942],[-75.159332,39.198635],[-75.026682,39.210679],[-74.938588,39.192532],[-74.887278,39.146796],[-74.967641,38.935777],[-74.875111,38.944525],[-74.745717,39.054511],[-74.654368,39.201361],[-74.578969,39.267768],[-74.509633,39.378852],[-74.358795,39.550198],[-74.256418,39.61164],[-74.167551,39.699368],[-74.190197,39.744163],[-74.127268,39.848456],[-74.103686,40.014024],[-74.057465,40.012122],[-73.972394,40.32765],[-74.032338,40.421617],[-74.197133,40.440863],[-74.282687,40.497319],[-74.209647,40.634231],[-74.096006,40.654758],[-74.031929,40.714181],[-73.91808,40.931464],[-73.907135,40.99079],[-74.698993,41.356254],[-74.844696,41.272978],[-74.886298,41.180839],[-75.026996,41.046806],[-75.139545,40.982206],[-75.061224,40.891508],[-75.105438,40.795634],[-75.188739,40.758549],[-75.182196,40.57039],[-75.088788,40.558329],[-75.064423,40.454008],[-74.895502,40.323442],[-74.739374,40.184867],[-74.837762,40.114921],[-75.02359,40.016303]]]},"properties":{"LOCATION_TYPE":"level1","ADM0_A3":"USA","LOCATION_ID":"USA-NJ","NAME":"New Jersey","TYPE_EN":"State"}},
{"type":"Feature","geometry":{"type":"Polygon","coordinates":[[[-73.642865,41.001065],[-73.564849,41.018948],[-73.17011,41.169571],[-72.779449,41.270168],[-72.686676,41.256415],[-72.604807,41.283759],[-72.507924,41.256415],[-72.433461,41.289984],[-72.287953,41.282945],[-72.194325,41.323798],[-72.110707,41.311103],[-71.97289,41.343695],[-71.860424,41.320502],[-71.804462,41.415727],[-71.795746,41.518901],[-71.8008,42.010917],[-71.801581,42.021684],[-72.757587,42.033036],[-73.480536,42.054545],[-73.544696,41.294926],[-73.4841,41.217924],[-73.722968,41.103495],[-73.642865,41.001065]]]},"properties":{"LOCATION_TYPE":"level1","ADM0_A3":"USA","LOCATION_ID":"USA-CT","NAME":"Connecticut","TYPE_EN":"State"}},
{"type":"Feature","geometry":{"type":"MultiPolygon","coordinates":[[[[-71.236858,41.709564],[-71.340692,41.796904],[-71.337567,41.890409],[-71.380536,41.907939],[-71.387079,42.015824],[-71.8008,42.010917],[-71.795746,41.518901],[-71.804462,41.415727],[-71.860424,41.320502],[-71.598884,41.367522],[-71.497711,41.366278],[-71.426096,41.468736],[-71.442779,41.574652],[-71.355621,41.746283],[-71.236858,41.709564]]],[[[-71.121897,41.513007],[-71.131122,41.661137],[-71.193961,41.676861],[-71.202016,41.502631],[-71.121897,41.513007]]]]},"properties":{"LOCATION_TYPE":"level1","ADM0_A3":"USA","LOCATION_ID":"USA-RI","NAME":"Rhode Island","TYPE_EN":"State"}},
{"type":"Feature","geometry":{"type":"MultiPolygon","coordinates":[[[[-71.193961,41.676861],[-71.131122,41.661137],[-71.121897,41.513007],[-71.040151,41.507148],[-70.92516,41.550727],[-70.907338,41.614936],[-70.774322,41.646226],[-70.658274,41.721991],[-70.658682,41.521349],[-70.504262,41.563707],[-70.428375,41.631903],[-70.239898,41.643256],[-69.978139,41.68183],[-69.938873,41.674221],[-69.943255,41.857625],[-70.070241,41.773458],[-70.274729,41.715155],[-70.439198,41.75609],[-70.533111,41.81623],[-70.565826,41.95539],[-70.654937,41.957099],[-70.630971,42.092515],[-70.783803,42.25967],[-70.96288,42.280219],[-71.038442,42.307929],[-70.974355,42.416449],[-70.838206,42.499172],[-70.861399,42.546942],[-70.647328,42.604519],[-70.658966,42.684312],[-70.75711,42.657213],[-70.81961,42.718736],[-70.814281,42.877295],[-70.925555,42.886528],[-71.083319,42.81707],[-71.15163,42.809721],[-71.19621,42.752153],[-71.306317,42.700859],[-72.466815,42.729277],[-73.265516,42.745601],[-73.507245,42.078984],[-73.480536,42.054545],[-72.757587,42.033036],[-71.801581,42.021684],[-71.8008,42.010917],[-71.387079,42.015824],[-71.380536,41.907939],[-71.337567,41.890409],[-71.340692,41.796904],[-71.236858,41.709564],[-71.193961,41.676861]]],[[[-70.054149,41.392686],[-70.032338,41.339504],[-70.137745,41.247152],[-70.00113,41.239257],[-69.95776,41.275748],[-70.054149,41.392686]]],[[[-70.576405,41.427802],[-70.605133,41.474026],[-70.715321,41.420356],[-70.781972,41.354234],[-70.507436,41.362616],[-70.576405,41.427802]]]]},"properties":{"LOCATION_TYPE":"level1","ADM0_A3":"USA","LOCATION_ID":"USA-MA","NAME":"Massachusetts","TYPE_EN":"State"}},
{"type":"Feature","geometry":{"type":"Polygon","coordinates":[[[-123.180095,46.179102],[-123.233306,46.137152],[-123.385521,46.146183],[-123.519273,46.235269],[-123.614084,46.186469],[-123.727189,46.170422],[-123.766771,46.204106],[-123.866933,46.159857],[-123.990468,46.200507],[-123.936842,46.081831],[-123.93399,45.979682],[-123.990549,45.937934],[-123.956614,45.873236],[-123.981139,45.760294],[-123.920732,45.662663],[-123.957875,45.576158],[-123.971099,45.451972],[-123.918446,45.41767],[-123.981028,45.349595],[-123.960357,45.299994],[-123.971099,45.153713],[-124.034535,44.878404],[-124.065185,44.823311],[-124.063194,44.60952],[-124.084427,44.411664],[-124.113596,44.301459],[-124.113946,44.190583],[-124.151031,43.881741],[-124.176018,43.762477],[-124.277027,43.421455],[-124.308708,43.354911],[-124.376504,43.340229],[-124.444883,43.029999],[-124.547719,42.845445],[-124.515004,42.748725],[-124.41454,42.662421],[-124.394439,42.566555],[-124.420675,42.491005],[-124.432814,42.329311],[-124.379059,42.220278],[-124.359556,42.113002],[-124.214521,41.99954],[-123.401093,41.99954],[-122.616425,41.99954],[-121.831708,41.99954],[-120.785443,41.99954],[-120.000751,41.99954],[-119.440546,41.99954],[-118.694745,41.99954],[-117.948895,41.99954],[-117.01662,41.99954],[-117.018475,42.927983],[-117.020184,43.785087],[-116.934174,44.028544],[-116.968695,44.0835],[-116.896942,44.185917],[-116.986005,44.271879],[-117.195062,44.297709],[-117.203803,44.482499],[-117.112274,44.572831],[-117.010565,44.74998],[-116.917279,44.802592],[-116.832806,44.919877],[-116.823505,45.035795],[-116.71745,45.151371],[-116.649042,45.347514],[-116.462958,45.581913],[-116.463666,45.642436],[-116.530121,45.751567],[-116.687787,45.826713],[-116.759393,45.837968],[-116.838593,45.909867],[-116.878827,46.001469],[-117.916571,46.000541],[-119.002362,45.999516],[-119.093329,45.948832],[-119.341327,45.946147],[-119.591693,45.921147],[-119.66247,45.87183],[-119.934198,45.837968],[-120.12724,45.789091],[-120.229901,45.737065],[-120.47016,45.710136],[-120.620966,45.730863],[-120.668622,45.703373],[-120.900116,45.641801],[-121.043915,45.652934],[-121.13288,45.62415],[-121.271845,45.708769],[-121.570233,45.729447],[-121.792645,45.721391],[-121.971063,45.642338],[-122.261054,45.566313],[-122.539618,45.621879],[-122.673114,45.625737],[-122.738861,45.662846],[-122.806537,45.978129],[-122.910175,46.10789],[-123.111835,46.186479],[-123.180095,46.179102]]]},"properties":{"LOCATION_TYPE":"level1","ADM0_A3":"USA","LOCATION_ID":"USA-OR","NAME":"Oregon","TYPE_EN":"State"}},
{"type":"Feature","geometry":{"type":"MultiPolygon","coordinates":[[[[-154.899622,19.567016],[-154.980044,19.662806],[-155.018544,19.745836],[-155.085371,19.727409],[-155.087141,19.86038],[-155.168043,19.946827],[-155.332313,20.046721],[-155.527194,20.126269],[-155.586363,20.122936],[-155.711669,20.196149],[-155.737986,20.243801],[-155.867242,20.263132],[-155.89927,20.21669],[-155.882556,20.104943],[-155.824083,20.020092],[-155.926015,19.868801],[-156.038808,19.783149],[-156.060164,19.731221],[-155.982197,19.607675],[-155.88553,19.334157],[-155.91993,19.138601],[-155.87813,19.029072],[-155.817253,19.013231],[-155.682932,18.932886],[-155.618523,18.955544],[-155.502797,19.137681],[-155.364136,19.203575],[-155.291127,19.259524],[-155.202958,19.25558],[-155.093031,19.28621],[-154.982301,19.339244],[-154.874736,19.412884],[-154.817209,19.479722],[-154.846623,19.544938],[-154.899622,19.567016]]],[[[-156.561774,20.598008],[-156.608815,20.591046],[-156.679261,20.504713],[-156.544555,20.513217],[-156.561774,20.598008]]],[[[-156.848378,20.876817],[-156.89272,20.914141],[-156.990414,20.927509],[-156.982386,20.759414],[-156.913738,20.734724],[-156.831257,20.763807],[-156.803539,20.812564],[-156.848378,20.876817]]],[[[-156.001698,20.800442],[-156.119281,20.836071],[-156.242909,20.941555],[-156.298329,20.952704],[-156.481672,20.904397],[-156.525889,20.987322],[-156.597929,21.032653],[-156.666469,21.003438],[-156.696009,20.915802],[-156.620234,20.807088],[-156.533899,20.774139],[-156.464319,20.781383],[-156.44275,20.660569],[-156.407653,20.587207],[-156.302594,20.581179],[-156.20383,20.626043],[-156.129504,20.624473],[-156.003134,20.685898],[-156.001698,20.800442]]],[[[-156.749013,21.170966],[-156.897045,21.165191],[-157.259759,21.22188],[-157.30427,21.128241],[-157.273061,21.087348],[-157.072374,21.099381],[-156.869578,21.053371],[-156.755605,21.095526],[-156.749013,21.170966]]],[[[-157.706824,21.351995],[-157.738704,21.405451],[-157.842127,21.461049],[-157.836449,21.534049],[-157.920181,21.627451],[-157.962433,21.705012],[-158.014445,21.701499],[-158.121072,21.585895],[-158.236338,21.584941],[-158.2276,21.483047],[-158.094309,21.293606],[-157.905239,21.305631],[-157.794965,21.254663],[-157.647167,21.306431],[-157.706824,21.351995]]],[[[-160.113759,22.000271],[-160.12362,21.956296],[-160.234424,21.874456],[-160.171677,21.848648],[-160.085246,21.893536],[-160.051436,21.98305],[-160.113759,22.000271]]],[[[-159.301259,22.151028],[-159.338735,22.213039],[-159.39972,22.235495],[-159.589582,22.220954],[-159.716534,22.157514],[-159.785066,22.057349],[-159.759794,21.978533],[-159.676209,21.955171],[-159.61001,21.899719],[-159.437315,21.868769],[-159.334128,21.958057],[-159.333176,22.049569],[-159.301259,22.151028]]]]},"properties":{"LOCATION_TYPE":"level1","ADM0_A3":"USA","LOCATION_ID":"USA-HI","NAME":"Hawaii","TYPE_EN":"State"}},
{"type":"Feature","geometry":{"type":"Polygon","coordinates":[[[-111.050238,41.999833],[-112.359393,41.999906],[-113.481512,42.000004],[-114.042548,42.000077],[-114.042352,41.531571],[-114.041888,40.594682],[-114.041596,39.970072],[-114.041278,39.189286],[-114.040814,38.252348],[-114.040399,37.471611],[-114.040204,37.003129],[-113.415985,37.00269],[-112.479706,37.002079],[-112.011591,37.001762],[-111.231317,37.001249],[-110.763178,37.000932],[-109.826849,37.000321],[-109.046625,36.999809],[-109.0466,37.499809],[-109.0466,38.37476],[-109.046503,38.999809],[-109.046454,39.749809],[-109.046454,40.374809],[-109.046332,40.999833],[-109.672479,40.999833],[-110.423822,40.999833],[-111.049921,40.999833],[-111.050238,41.999833]]]},"properties":{"LOCATION_TYPE":"level1","ADM0_A3":"USA","LOCATION_ID":"USA-UT","NAME":"Utah","TYPE_EN":"State"}},
{"type":"Feature","geometry":{"type":"Polygon","coordinates":[[[-111.050238,41.999833],[-111.049921,40.999833],[-110.423822,40.999833],[-109.672479,40.999833],[-109.046332,40.999833],[-108.261273,40.999833],[-107.790155,40.999833],[-107.005072,40.999833],[-106.06286,40.999833],[-105.591815,40.999833],[-104.649701,40.999833],[-104.053729,40.999833],[-104.052362,41.499955],[-104.052606,42.125126],[-104.053119,43.00037],[-104.055365,43.875248],[-104.055731,44.625834],[-104.056659,45.000102],[-104.798749,45.000102],[-105.777899,45.000102],[-106.321893,45.000102],[-107.192255,45.000102],[-107.845062,45.000029],[-108.715448,45.000029],[-109.91225,45.000029],[-111.0508,45.000029],[-111.051386,44.49788],[-111.051093,43.873393],[-111.050873,43.405009],[-111.050555,42.780473],[-111.050238,41.999833]]]},"properties":{"LOCATION_TYPE":"level1","ADM0_A3":"USA","LOCATION_ID":"USA-WY","NAME":"Wyoming","TYPE_EN":"State"}},
{"type":"Feature","geometry":{"type":"Polygon","coordinates":[[[-114.042548,42.000077],[-114.971991,41.999858],[-115.715497,41.99976],[-117.01662,41.99954],[-117.948895,41.99954],[-118.694745,41.99954],[-119.440546,41.99954],[-120.000751,41.99954],[-120.000604,41.44998],[-120.000458,40.717265],[-120.000409,40.350883],[-120.000238,39.618168],[-120.000018,38.999223],[-119.297333,38.508769],[-118.8289,38.181791],[-118.126215,37.691337],[-117.392889,37.140141],[-116.65954,36.58892],[-116.177582,36.210429],[-115.53493,35.705717],[-115.193793,35.437846],[-114.628217,35.003569],[-114.635516,35.137187],[-114.572626,35.191239],[-114.590887,35.352885],[-114.667621,35.517045],[-114.645062,35.630644],[-114.686664,35.719389],[-114.693475,35.822416],[-114.666815,35.87393],[-114.739569,35.985795],[-114.721185,36.092729],[-114.554779,36.160527],[-114.435492,36.127714],[-114.347504,36.139799],[-114.233637,36.024418],[-114.123895,36.045854],[-114.042011,36.219779],[-114.040204,37.003129],[-114.040399,37.471611],[-114.040814,38.252348],[-114.041278,39.189286],[-114.041596,39.970072],[-114.041888,40.594682],[-114.042352,41.531571],[-114.042548,42.000077]]]},"properties":{"LOCATION_TYPE":"level1","ADM0_A3":"USA","LOCATION_ID":"USA-NV","NAME":"Nevada","TYPE_EN":"State"}},
{"type":"Feature","geometry":{"type":"Polygon","coordinates":[[[-109.046332,40.999833],[-109.046454,40.374809],[-109.046454,39.749809],[-109.046503,38.999809],[-109.0466,38.37476],[-109.0466,37.499809],[-109.046625,36.999809],[-107.913055,36.999809],[-107.157269,36.999809],[-106.590521,36.999809],[-105.834735,36.999809],[-105.079071,36.999809],[-104.51225,36.999809],[-103.567596,36.999809],[-103.0008,36.999809],[-102.039569,36.999809],[-102.0414,37.468608],[-102.044354,38.218656],[-102.046918,38.875004],[-102.048773,39.343803],[-102.051263,40.000102],[-102.051801,40.999589],[-102.831171,40.999662],[-103.545404,40.999736],[-104.053729,40.999833],[-104.649701,40.999833],[-105.591815,40.999833],[-106.06286,40.999833],[-107.005072,40.999833],[-107.790155,40.999833],[-108.261273,40.999833],[-109.046332,40.999833]]]},"properties":{"LOCATION_TYPE":"level1","ADM0_A3":"USA","LOCATION_ID":"USA-CO","NAME":"Colorado","TYPE_EN":"State"}},
{"type":"Feature","geometry":{"type":"Polygon","coordinates":[[[-104.044891,45.942021],[-104.039301,44.999931],[-104.056659,45.000102],[-104.055731,44.625834],[-104.055365,43.875248],[-104.053119,43.00037],[-103.00661,43.00037],[-102.154755,43.000321],[-100.962177,43.000321],[-100.11037,43.000224],[-99.428925,43.000224],[-98.485101,43.000199],[-98.242914,42.872441],[-98.006879,42.784086],[-97.941888,42.788383],[-97.838788,42.871513],[-97.6612,42.85413],[-97.500409,42.859819],[-97.301166,42.887089],[-97.127264,42.789628],[-96.947089,42.745146],[-96.856952,42.740092],[-96.799384,42.686796],[-96.708856,42.677494],[-96.693549,42.61519],[-96.611298,42.534306],[-96.48266,42.518339],[-96.523016,42.649076],[-96.637958,42.751054],[-96.563422,42.844511],[-96.510956,42.965531],[-96.507391,43.045268],[-96.455389,43.121733],[-96.480804,43.21663],[-96.56452,43.223466],[-96.535614,43.385673],[-96.595282,43.498905],[-96.453558,43.500126],[-96.453558,44.378837],[-96.453607,45.296562],[-96.566473,45.393534],[-96.688153,45.408964],[-96.863055,45.600761],[-96.846405,45.642948],[-96.637909,45.763529],[-96.556342,45.941752],[-97.488178,45.941801],[-98.187054,45.94185],[-99.118866,45.94185],[-99.817792,45.941899],[-100.749579,45.941899],[-101.215546,45.941947],[-102.147382,45.941996],[-102.6133,45.941996],[-103.545087,45.941996],[-104.044891,45.942021]]]},"properties":{"LOCATION_TYPE":"level1","ADM0_A3":"USA","LOCATION_ID":"USA-SD","NAME":"South Dakota","TYPE_EN":"State"}},
{"type":"Feature","geometry":{"type":"Polygon","coordinates":[[[-104.053729,40.999833],[-103.545404,40.999736],[-102.831171,40.999662],[-102.051801,40.999589],[-102.051263,40.000102],[-100.97641,40.000102],[-100.138007,40.000102],[-99.090057,40.000102],[-98.042059,40.000102],[-96.994061,40.000102],[-95.946063,40.000102],[-95.317255,40.000102],[-95.41955,40.045048],[-95.403754,40.114189],[-95.629022,40.34539],[-95.696137,40.518315],[-95.768231,40.548735],[-95.767645,40.600468],[-95.773041,40.660673],[-95.869305,40.728886],[-95.827655,40.794145],[-95.838251,40.982353],[-95.870966,41.012113],[-95.876044,41.167167],[-95.923846,41.207646],[-95.879169,41.317997],[-95.957977,41.338481],[-95.930878,41.464921],[-96.082147,41.549809],[-96.101898,41.647074],[-96.064227,41.795951],[-96.133026,41.866069],[-96.15434,41.987821],[-96.260272,42.057865],[-96.265668,42.119535],[-96.351337,42.205741],[-96.342352,42.300199],[-96.402167,42.368998],[-96.39743,42.496684],[-96.48266,42.518339],[-96.611298,42.534306],[-96.693549,42.61519],[-96.708856,42.677494],[-96.799384,42.686796],[-96.856952,42.740092],[-96.947089,42.745146],[-97.127264,42.789628],[-97.301166,42.887089],[-97.500409,42.859819],[-97.6612,42.85413],[-97.838788,42.871513],[-97.941888,42.788383],[-98.006879,42.784086],[-98.242914,42.872441],[-98.485101,43.000199],[-99.428925,43.000224],[-100.11037,43.000224],[-100.962177,43.000321],[-102.154755,43.000321],[-103.00661,43.00037],[-104.053119,43.00037],[-104.052606,42.125126],[-104.052362,41.499955],[-104.053729,40.999833]]]},"properties":{"LOCATION_TYPE":"level1","ADM0_A3":"USA","LOCATION_ID":"USA-NE","NAME":"Nebraska","TYPE_EN":"State"}},
{"type":"Feature","geometry":{"type":"Polygon","coordinates":[[[-102.039569,36.999809],[-100.857318,36.999809],[-99.932977,36.999809],[-99.470795,36.999809],[-98.546454,36.999809],[-97.853217,36.999809],[-96.928851,36.999809],[-96.004511,36.999809],[-95.542328,36.999809],[-94.618036,36.999809],[-94.617889,37.893656],[-94.617816,38.404472],[-94.617743,39.123149],[-94.829584,39.217289],[-94.908588,39.367021],[-95.098822,39.530229],[-95.037738,39.655863],[-94.961176,39.74207],[-94.890839,39.729594],[-94.882343,39.820903],[-95.001874,39.902885],[-95.067816,39.865556],[-95.190839,39.906547],[-95.317255,40.000102],[-95.946063,40.000102],[-96.994061,40.000102],[-98.042059,40.000102],[-99.090057,40.000102],[-100.138007,40.000102],[-100.97641,40.000102],[-102.051263,40.000102],[-102.048773,39.343803],[-102.046918,38.875004],[-102.044354,38.218656],[-102.0414,37.468608],[-102.039569,36.999809]]]},"properties":{"LOCATION_TYPE":"level1","ADM0_A3":"USA","LOCATION_ID":"USA-KS","NAME":"Kansas","TYPE_EN":"State"}},
{"type":"Feature","geometry":{"type":"Polygon","coordinates":[[[-103.000238,36.500199],[-102.320184,36.500175],[-101.807538,36.500151],[-100.747968,36.500102],[-100.002387,36.499858],[-100.000897,35.541239],[-99.999286,34.575468],[-99.882001,34.564921],[-99.680804,34.394682],[-99.547284,34.412455],[-99.401386,34.386381],[-99.387396,34.451445],[-99.265497,34.411552],[-99.192059,34.322221],[-99.193036,34.232231],[-99.028558,34.204301],[-98.952826,34.211723],[-98.877704,34.17078],[-98.720062,34.136625],[-98.574725,34.151689],[-98.490692,34.075175],[-98.416547,34.079008],[-98.34328,34.143461],[-98.20954,34.129179],[-98.090668,34.138285],[-98.088397,34.027836],[-97.946649,33.977055],[-97.9591,33.893022],[-97.884003,33.86165],[-97.800751,33.887846],[-97.679974,33.9835],[-97.602826,33.978984],[-97.570941,33.898979],[-97.469257,33.892143],[-97.45246,33.835356],[-97.371747,33.830497],[-97.211786,33.910063],[-97.177655,33.86912],[-97.20058,33.786576],[-97.167548,33.737577],[-97.093817,33.742338],[-97.078314,33.807914],[-96.91452,33.955937],[-96.85556,33.874833],[-96.691962,33.854618],[-96.649359,33.915971],[-96.581976,33.838725],[-96.496454,33.786576],[-96.410468,33.786576],[-96.328778,33.70186],[-96.28952,33.763041],[-96.202728,33.763676],[-96.156415,33.821171],[-96.040204,33.84329],[-95.937885,33.895561],[-95.860394,33.853959],[-95.772284,33.861869],[-95.598114,33.952079],[-95.537128,33.889921],[-95.35705,33.868217],[-95.268597,33.90457],[-95.220306,33.962944],[-95.047455,33.875932],[-94.981659,33.86165],[-94.872748,33.755912],[-94.755487,33.733427],[-94.532904,33.650004],[-94.4841,33.647416],[-94.472821,34.082109],[-94.450336,34.951518],[-94.439081,35.38621],[-94.506317,35.803813],[-94.618329,36.499833],[-94.618036,36.999809],[-95.542328,36.999809],[-96.004511,36.999809],[-96.928851,36.999809],[-97.853217,36.999809],[-98.546454,36.999809],[-99.470795,36.999809],[-99.932977,36.999809],[-100.857318,36.999809],[-102.039569,36.999809],[-103.0008,36.999809],[-103.000238,36.500199]]]},"properties":{"LOCATION_TYPE":"level1","ADM0_A3":"USA","LOCATION_ID":"USA-OK","NAME":"Oklahoma","TYPE_EN":"State"}},
{"type":"Feature","geometry":{"type":"Polygon","coordinates":[[[-96.453558,43.500126],[-96.595282,43.498905],[-96.535614,43.385673],[-96.56452,43.223466],[-96.480804,43.21663],[-96.455389,43.121733],[-96.507391,43.045268],[-96.510956,42.965531],[-96.563422,42.844511],[-96.637958,42.751054],[-96.523016,42.649076],[-96.48266,42.518339],[-96.39743,42.496684],[-96.402167,42.368998],[-96.342352,42.300199],[-96.351337,42.205741],[-96.265668,42.119535],[-96.260272,42.057865],[-96.15434,41.987821],[-96.133026,41.866069],[-96.064227,41.795951],[-96.101898,41.647074],[-96.082147,41.549809],[-95.930878,41.464921],[-95.957977,41.338481],[-95.879169,41.317997],[-95.923846,41.207646],[-95.876044,41.167167],[-95.870966,41.012113],[-95.838251,40.982353],[-95.827655,40.794145],[-95.869305,40.728886],[-95.773041,40.660673],[-95.767645,40.600468],[-94.922089,40.581303],[-94.478339,40.572953],[-94.015839,40.575053],[-93.561664,40.585478],[-93.094989,40.581303],[-91.943964,40.605522],[-91.730682,40.618803],[-91.682001,40.550834],[-91.545429,40.468266],[-91.441864,40.379521],[-91.382587,40.392924],[-91.383319,40.598637],[-91.187787,40.653276],[-91.127167,40.70164],[-91.093524,40.823637],[-90.966644,40.946244],[-90.951532,41.075419],[-90.99743,41.146684],[-91.082367,41.18975],[-91.099237,41.256547],[-91.054779,41.382865],[-90.991522,41.433647],[-90.704511,41.451225],[-90.603192,41.510453],[-90.440912,41.543412],[-90.346332,41.605375],[-90.304999,41.748539],[-90.201239,41.813578],[-90.140277,42.03057],[-90.169696,42.116459],[-90.403143,42.245365],[-90.463226,42.375956],[-90.654218,42.489848],[-90.641278,42.511772],[-90.626263,42.544487],[-90.702997,42.655326],[-90.966571,42.701615],[-91.045477,42.742094],[-91.130585,42.911332],[-91.167792,43.160453],[-91.084784,43.280107],[-91.111029,43.340043],[-91.197113,43.365971],[-91.25014,43.500956],[-91.90058,43.50081],[-92.876239,43.500639],[-93.851874,43.500492],[-94.827509,43.500346],[-95.803168,43.500199],[-96.453558,43.500126]]]},"properties":{"LOCATION_TYPE":"level1","ADM0_A3":"USA","LOCATION_ID":"USA-IA","NAME":"Iowa","TYPE_EN":"State"}},
{"type":"Feature","geometry":{"type":"Polygon","coordinates":[[[-95.767645,40.600468],[-95.768231,40.548735],[-95.696137,40.518315],[-95.629022,40.34539],[-95.403754,40.114189],[-95.41955,40.045048],[-95.317255,40.000102],[-95.190839,39.906547],[-95.067816,39.865556],[-95.001874,39.902885],[-94.882343,39.820903],[-94.890839,39.729594],[-94.961176,39.74207],[-95.037738,39.655863],[-95.098822,39.530229],[-94.908588,39.367021],[-94.829584,39.217289],[-94.617743,39.123149],[-94.617816,38.404472],[-94.617889,37.893656],[-94.618036,36.999809],[-94.618329,36.499833],[-93.521552,36.499833],[-92.698993,36.499833],[-92.150629,36.499833],[-91.053876,36.499833],[-90.162177,36.499833],[-90.122284,36.418412],[-90.062958,36.368901],[-90.067499,36.287358],[-90.143304,36.21143],[-90.215448,36.184452],[-90.342548,36.061479],[-90.373309,35.986186],[-89.723846,36.000492],[-89.674091,36.102201],[-89.613861,36.141703],[-89.694623,36.246977],[-89.583441,36.25474],[-89.62619,36.323149],[-89.530756,36.383525],[-89.559882,36.500151],[-89.494379,36.50142],[-89.424457,36.498954],[-89.358832,36.638017],[-89.253314,36.56912],[-89.205389,36.607572],[-89.140619,36.73455],[-89.149359,36.851176],[-89.1237,36.979643],[-89.176947,36.978324],[-89.246161,37.045487],[-89.327167,37.014213],[-89.523309,37.268022],[-89.458637,37.362553],[-89.451141,37.440336],[-89.526971,37.56204],[-89.549579,37.69766],[-89.64682,37.7335],[-89.721942,37.837162],[-89.831926,37.88456],[-89.922723,37.952592],[-90.005048,37.962504],[-90.110809,38.016654],[-90.346332,38.207133],[-90.382001,38.300492],[-90.263788,38.542924],[-90.196478,38.638163],[-90.197919,38.744242],[-90.12724,38.830302],[-90.183563,38.882695],[-90.428265,38.967436],[-90.479047,38.958915],[-90.585297,38.87808],[-90.657513,38.921049],[-90.702631,38.99539],[-90.702631,39.101225],[-90.729926,39.200834],[-90.81955,39.320121],[-91.050897,39.452421],[-91.104315,39.533085],[-91.355072,39.710795],[-91.391425,39.80352],[-91.449335,39.86558],[-91.446039,39.947904],[-91.492523,40.009599],[-91.518939,40.174906],[-91.496088,40.313407],[-91.441864,40.379521],[-91.545429,40.468266],[-91.682001,40.550834],[-91.730682,40.618803],[-91.943964,40.605522],[-93.094989,40.581303],[-93.561664,40.585478],[-94.015839,40.575053],[-94.478339,40.572953],[-94.922089,40.581303],[-95.767645,40.600468]]]},"properties":{"LOCATION_TYPE":"level1","ADM0_A3":"USA","LOCATION_ID":"USA-MO","NAME":"Missouri","TYPE_EN":"State"}},
{"type":"Feature","geometry":{"type":"Polygon","coordinates":[[[-87.018818,42.496236],[-87.131716,43.236616],[-87.147166,43.379859],[-87.114374,43.76519],[-86.999896,44.16768],[-86.851926,44.562755],[-86.714642,44.84517],[-86.595042,44.990621],[-86.448603,45.114972],[-86.250623,45.236051],[-86.763571,45.443848],[-87.092447,45.443848],[-87.1988,45.32277],[-87.403325,45.204963],[-87.436049,45.078976],[-87.653558,45.120756],[-87.726654,45.182817],[-87.726654,45.243754],[-87.654804,45.36143],[-87.882196,45.377397],[-87.811932,45.484696],[-87.802606,45.68704],[-87.909637,45.760502],[-88.072528,45.78748],[-88.115204,45.924589],[-88.187738,45.959379],[-88.335907,45.977323],[-88.537347,46.026054],[-88.642084,46.00811],[-88.837274,46.0356],[-89.119232,46.148173],[-90.1185,46.340629],[-90.230341,46.508744],[-90.392279,46.547929],[-90.412543,46.584233],[-89.957636,47.286112],[-90.653973,47.308061],[-91.468304,46.924052],[-91.964862,46.728739],[-92.109955,46.768656],[-92.207294,46.673832],[-92.291596,46.659672],[-92.292572,46.083329],[-92.363348,46.027299],[-92.704096,45.91309],[-92.795331,45.775346],[-92.881976,45.715922],[-92.883197,45.576127],[-92.750897,45.559184],[-92.667743,45.445439],[-92.70849,45.332743],[-92.750897,45.299711],[-92.772821,45.187529],[-92.755389,45.106645],[-92.802435,45.077983],[-92.758344,44.925737],[-92.819794,44.757841],[-92.584662,44.607963],[-92.393768,44.579594],[-92.27265,44.465824],[-92.102606,44.436918],[-91.950116,44.335722],[-91.836884,44.18184],[-91.662616,44.073271],[-91.540985,44.065605],[-91.425971,44.022514],[-91.36098,43.944828],[-91.295013,43.918974],[-91.249213,43.768949],[-91.25014,43.500956],[-91.197113,43.365971],[-91.111029,43.340043],[-91.084784,43.280107],[-91.167792,43.160453],[-91.130585,42.911332],[-91.045477,42.742094],[-90.966571,42.701615],[-90.702997,42.655326],[-90.626263,42.544487],[-90.641278,42.511772],[-89.927972,42.506791],[-89.39621,42.503031],[-88.509979,42.496781],[-87.801044,42.491777],[-87.018818,42.496236]]]},"properties":{"LOCATION_TYPE":"level1","ADM0_A3":"USA","LOCATION_ID":"USA-WI","NAME":"Wisconsin","TYPE_EN":"State"}},
{"type":"Feature","geometry":{"type":"Polygon","coordinates":[[[-91.441864,40.379521],[-91.496088,40.313407],[-91.518939,40.174906],[-91.492523,40.009599],[-91.446039,39.947904],[-91.449335,39.86558],[-91.391425,39.80352],[-91.355072,39.710795],[-91.104315,39.533085],[-91.050897,39.452421],[-90.81955,39.320121],[-90.729926,39.200834],[-90.702631,39.101225],[-90.702631,38.99539],[-90.657513,38.921049],[-90.585297,38.87808],[-90.479047,38.958915],[-90.428265,38.967436],[-90.183563,38.882695],[-90.12724,38.830302],[-90.197919,38.744242],[-90.196478,38.638163],[-90.263788,38.542924],[-90.382001,38.300492],[-90.346332,38.207133],[-90.110809,38.016654],[-90.005048,37.962504],[-89.922723,37.952592],[-89.831926,37.88456],[-89.721942,37.837162],[-89.64682,37.7335],[-89.549579,37.69766],[-89.526971,37.56204],[-89.451141,37.440336],[-89.458637,37.362553],[-89.523309,37.268022],[-89.327167,37.014213],[-89.246161,37.045487],[-89.176947,36.978324],[-89.1237,36.979643],[-89.178705,37.062284],[-89.04372,37.208573],[-88.906976,37.220219],[-88.633002,37.114897],[-88.484296,37.072465],[-88.434003,37.168534],[-88.503412,37.266996],[-88.507855,37.34268],[-88.465009,37.408891],[-88.307098,37.448149],[-88.123065,37.474613],[-88.082977,37.519706],[-88.163348,37.640043],[-88.060321,37.751225],[-88.045282,37.806742],[-88.045404,38.051713],[-88.02995,38.09788],[-87.933954,38.159867],[-87.992596,38.209965],[-87.945599,38.298832],[-87.844379,38.317778],[-87.752338,38.421562],[-87.762421,38.460966],[-87.646503,38.519877],[-87.666815,38.556547],[-87.615033,38.651713],[-87.547772,38.682768],[-87.511224,38.763383],[-87.556952,38.87808],[-87.542523,38.970219],[-87.583661,39.001591],[-87.6633,39.156571],[-87.598749,39.205644],[-87.62536,39.299711],[-87.532684,39.361625],[-87.528925,40.123881],[-87.526044,40.703349],[-87.523187,41.282768],[-87.521039,41.759721],[-87.207733,41.759674],[-87.067332,42.34201],[-87.018818,42.496236],[-87.801044,42.491777],[-88.509979,42.496781],[-89.39621,42.503031],[-89.927972,42.506791],[-90.641278,42.511772],[-90.654218,42.489848],[-90.463226,42.375956],[-90.403143,42.245365],[-90.169696,42.116459],[-90.140277,42.03057],[-90.201239,41.813578],[-90.304999,41.748539],[-90.346332,41.605375],[-90.440912,41.543412],[-90.603192,41.510453],[-90.704511,41.451225],[-90.991522,41.433647],[-91.054779,41.382865],[-91.099237,41.256547],[-91.082367,41.18975],[-90.99743,41.146684],[-90.951532,41.075419],[-90.966644,40.946244],[-91.093524,40.823637],[-91.127167,40.70164],[-91.187787,40.653276],[-91.383319,40.598637],[-91.382587,40.392924],[-91.441864,40.379521]]]},"properties":{"LOCATION_TYPE":"level1","ADM0_A3":"USA","LOCATION_ID":"USA-IL","NAME":"Illinois","TYPE_EN":"State"}},
{"type":"Feature","geometry":{"type":"Polygon","coordinates":[[[-89.1237,36.979643],[-89.149359,36.851176],[-89.140619,36.73455],[-89.205389,36.607572],[-89.253314,36.56912],[-89.358832,36.638017],[-89.424457,36.498954],[-88.560907,36.498759],[-88.042743,36.498637],[-88.067108,36.689701],[-87.868671,36.674028],[-87.83327,36.644218],[-87.082343,36.651615],[-86.464032,36.662577],[-86.066815,36.634477],[-85.426508,36.618656],[-85.121356,36.624858],[-84.628363,36.61099],[-83.730341,36.585771],[-83.667474,36.604008],[-83.508978,36.668534],[-83.413202,36.676274],[-83.239569,36.737138],[-83.137201,36.749955],[-83.082416,36.834599],[-82.884296,36.89434],[-82.854559,36.971952],[-82.726874,37.037992],[-82.708148,37.113139],[-82.632587,37.16392],[-82.351386,37.278495],[-81.965228,37.538676],[-82.115936,37.563383],[-82.181097,37.63018],[-82.296454,37.688383],[-82.316815,37.747001],[-82.399237,37.823002],[-82.417401,37.887553],[-82.482831,37.941362],[-82.631195,38.152861],[-82.57182,38.247636],[-82.589447,38.419316],[-82.698212,38.535453],[-82.82663,38.586479],[-82.886322,38.744828],[-83.030975,38.715873],[-83.133637,38.627934],[-83.305072,38.601445],[-83.368695,38.65977],[-83.534296,38.707402],[-83.650702,38.636039],[-83.714276,38.638529],[-83.865863,38.762236],[-83.972479,38.789311],[-84.083978,38.777763],[-84.195575,38.810551],[-84.321942,39.029496],[-84.444159,39.101811],[-84.637225,39.077299],[-84.721112,39.142802],[-84.823529,39.097416],[-84.87309,39.06165],[-84.828143,38.99141],[-84.87746,38.919657],[-84.783954,38.892924],[-84.819403,38.789311],[-84.999457,38.771684],[-85.18598,38.69373],[-85.257294,38.740898],[-85.436078,38.734696],[-85.45517,38.707524],[-85.410223,38.572074],[-85.526581,38.468656],[-85.619696,38.431913],[-85.665106,38.309526],[-85.769867,38.270048],[-85.815912,38.289018],[-85.891327,38.202104],[-85.914569,38.063627],[-85.95993,38.007865],[-86.031976,37.993998],[-86.183734,38.022929],[-86.275238,38.069926],[-86.282684,38.141947],[-86.416132,38.115238],[-86.523456,38.019194],[-86.535858,37.928642],[-86.643866,37.901371],[-86.742206,37.903862],[-86.818817,37.995219],[-87.043036,37.891801],[-87.086713,37.805448],[-87.42663,37.946415],[-87.548895,37.913383],[-87.601386,37.856962],[-87.673651,37.898612],[-87.797162,37.878154],[-87.887665,37.928617],[-87.929755,37.88892],[-87.899579,37.82974],[-87.945819,37.788578],[-88.045282,37.806742],[-88.060321,37.751225],[-88.163348,37.640043],[-88.082977,37.519706],[-88.123065,37.474613],[-88.307098,37.448149],[-88.465009,37.408891],[-88.507855,37.34268],[-88.503412,37.266996],[-88.434003,37.168534],[-88.484296,37.072465],[-88.633002,37.114897],[-88.906976,37.220219],[-89.04372,37.208573],[-89.178705,37.062284],[-89.1237,36.979643]]]},"properties":{"LOCATION_TYPE":"level1","ADM0_A3":"USA","LOCATION_ID":"USA-KY","NAME":"Kentucky","TYPE_EN":"State"}},
{"type":"Feature","geometry":{"type":"Polygon","coordinates":[[[-90.304218,35.000077],[-90.222211,35.047807],[-90.177777,35.129936],[-90.106146,35.123539],[-90.084589,35.188969],[-90.114325,35.280522],[-90.10307,35.385551],[-90.022308,35.452714],[-90.012323,35.511625],[-89.917914,35.548002],[-89.951337,35.602543],[-89.909833,35.652153],[-89.937885,35.736332],[-89.785004,35.790824],[-89.722113,35.833451],[-89.75954,35.908915],[-89.667304,35.915238],[-89.723846,36.000492],[-90.373309,35.986186],[-90.342548,36.061479],[-90.215448,36.184452],[-90.143304,36.21143],[-90.067499,36.287358],[-90.062958,36.368901],[-90.122284,36.418412],[-90.162177,36.499833],[-91.053876,36.499833],[-92.150629,36.499833],[-92.698993,36.499833],[-93.521552,36.499833],[-94.618329,36.499833],[-94.506317,35.803813],[-94.439081,35.38621],[-94.450336,34.951518],[-94.472821,34.082109],[-94.4841,33.647416],[-94.387421,33.561796],[-94.300116,33.594779],[-94.100897,33.581718],[-94.047284,33.554154],[-94.041254,33.010942],[-93.147284,33.011772],[-92.432098,33.01248],[-91.895697,33.013017],[-91.166473,33.014335],[-91.161298,33.118705],[-91.099237,33.149736],[-91.107587,33.267826],[-91.182098,33.320024],[-91.134003,33.382524],[-91.127167,33.47808],[-91.215765,33.53394],[-91.151679,33.633403],[-91.192328,33.708061],[-91.045429,33.814506],[-91.069257,33.883671],[-91.035614,33.930473],[-91.084637,33.996684],[-90.909222,34.035307],[-90.88244,34.099467],[-90.955878,34.157109],[-90.864276,34.206279],[-90.821161,34.285649],[-90.593964,34.425053],[-90.576068,34.573515],[-90.593866,34.642338],[-90.55368,34.739994],[-90.45473,34.759306],[-90.463886,34.827934],[-90.352362,34.864067],[-90.271796,34.923051],[-90.304218,35.000077]]]},"properties":{"LOCATION_TYPE":"level1","ADM0_A3":"USA","LOCATION_ID":"USA-AR","NAME":"Arkansas","TYPE_EN":"State"}},
{"type":"Feature","geometry":{"type":"Polygon","coordinates":[[[-89.723846,36.000492],[-89.667304,35.915238],[-89.75954,35.908915],[-89.722113,35.833451],[-89.785004,35.790824],[-89.937885,35.736332],[-89.909833,35.652153],[-89.951337,35.602543],[-89.917914,35.548002],[-90.012323,35.511625],[-90.022308,35.452714],[-90.10307,35.385551],[-90.114325,35.280522],[-90.084589,35.188969],[-90.106146,35.123539],[-90.177777,35.129936],[-90.222211,35.047807],[-90.304218,35.000077],[-89.264374,34.998954],[-88.179071,34.997831],[-88.185516,35.009745],[-87.514276,35.005473],[-86.726459,34.989775],[-85.605682,34.985209],[-84.870111,34.988334],[-84.324628,34.987065],[-84.300507,35.208354],[-84.261249,35.255668],[-84.095184,35.257914],[-84.046063,35.301615],[-84.011493,35.424516],[-83.880194,35.516459],[-83.728095,35.566557],[-83.499213,35.569975],[-83.244183,35.716679],[-83.075433,35.789457],[-82.98266,35.787992],[-82.87829,35.95557],[-82.810175,35.933329],[-82.770258,36.000248],[-82.629779,36.057353],[-82.583685,35.968803],[-82.489276,35.993827],[-82.394574,36.095683],[-82.198773,36.158525],[-82.086566,36.10059],[-82.024677,36.139921],[-81.924017,36.294071],[-81.740497,36.409452],[-81.715009,36.526347],[-81.658856,36.60955],[-81.905292,36.617509],[-81.95246,36.596977],[-82.8341,36.600614],[-83.667474,36.604008],[-83.730341,36.585771],[-84.628363,36.61099],[-85.121356,36.624858],[-85.426508,36.618656],[-86.066815,36.634477],[-86.464032,36.662577],[-87.082343,36.651615],[-87.83327,36.644218],[-87.868671,36.674028],[-88.067108,36.689701],[-88.042743,36.498637],[-88.560907,36.498759],[-89.424457,36.498954],[-89.494379,36.50142],[-89.559882,36.500151],[-89.530756,36.383525],[-89.62619,36.323149],[-89.583441,36.25474],[-89.694623,36.246977],[-89.613861,36.141703],[-89.674091,36.102201],[-89.723846,36.000492]]]},"properties":{"LOCATION_TYPE":"level1","ADM0_A3":"USA","LOCATION_ID":"USA-TN","NAME":"Tennessee","TYPE_EN":"State"}},
{"type":"Feature","geometry":{"type":"Polygon","coordinates":[[[-82.589447,38.419316],[-82.57182,38.247636],[-82.631195,38.152861],[-82.482831,37.941362],[-82.417401,37.887553],[-82.399237,37.823002],[-82.316815,37.747001],[-82.296454,37.688383],[-82.181097,37.63018],[-82.115936,37.563383],[-81.965228,37.538676],[-81.977631,37.464775],[-81.932733,37.379692],[-81.823798,37.286405],[-81.7716,37.282987],[-81.644598,37.209355],[-81.545624,37.212773],[-81.424091,37.271342],[-81.342596,37.333891],[-81.224091,37.24434],[-81.132074,37.280253],[-80.948261,37.294828],[-80.864935,37.346391],[-80.845892,37.424809],[-80.73122,37.38477],[-80.527826,37.468266],[-80.45246,37.429496],[-80.294305,37.509233],[-80.301605,37.570512],[-80.230731,37.610673],[-80.284857,37.685136],[-80.206903,37.814848],[-79.999945,38.001591],[-79.916596,38.179057],[-79.792011,38.280204],[-79.765399,38.358549],[-79.692596,38.442143],[-79.635956,38.592118],[-79.552362,38.567631],[-79.504315,38.478739],[-79.297382,38.424833],[-79.20246,38.515092],[-79.145892,38.63726],[-78.988178,38.845634],[-78.862225,38.793193],[-78.743182,38.930082],[-78.660541,38.934306],[-78.413886,39.166386],[-78.403876,39.277812],[-78.358856,39.331303],[-78.322162,39.450834],[-77.835736,39.144169],[-77.734686,39.331059],[-77.738934,39.406132],[-77.790936,39.484184],[-77.85993,39.515531],[-77.882636,39.61558],[-77.969135,39.601567],[-78.132977,39.701347],[-78.213471,39.69329],[-78.280023,39.635356],[-78.433807,39.624198],[-78.468964,39.533598],[-78.577289,39.529106],[-78.745184,39.575419],[-78.778583,39.636796],[-78.877631,39.521684],[-78.969012,39.450273],[-79.064667,39.482328],[-79.179535,39.386332],[-79.487933,39.209867],[-79.477435,39.721757],[-80.519403,39.721488],[-80.520233,40.646781],[-80.676849,40.588798],[-80.601508,40.471391],[-80.627094,40.409696],[-80.600555,40.323344],[-80.656757,40.255375],[-80.739081,40.06082],[-80.758685,39.929399],[-80.841107,39.790483],[-80.875238,39.628788],[-81.055341,39.530033],[-81.125775,39.453691],[-81.226947,39.398466],[-81.388446,39.362162],[-81.4789,39.40059],[-81.554266,39.344218],[-81.569354,39.287675],[-81.68244,39.271],[-81.746088,39.193363],[-81.783637,38.932719],[-81.84848,38.913432],[-82.002972,39.021708],[-82.058368,39.003227],[-82.20871,38.78599],[-82.187543,38.715312],[-82.192743,38.595317],[-82.263104,38.597538],[-82.331683,38.443608],[-82.509003,38.409135],[-82.589447,38.419316]]]},"properties":{"LOCATION_TYPE":"level1","ADM0_A3":"USA","LOCATION_ID":"USA-WV","NAME":"West Virginia","TYPE_EN":"State"}},
{"type":"Feature","geometry":{"type":"Polygon","coordinates":[[[-84.806075,41.696806],[-84.806075,41.758275],[-85.882538,41.759159],[-86.813593,41.75955],[-87.207733,41.759674],[-87.521039,41.759721],[-87.523187,41.282768],[-87.526044,40.703349],[-87.528925,40.123881],[-87.532684,39.361625],[-87.62536,39.299711],[-87.598749,39.205644],[-87.6633,39.156571],[-87.583661,39.001591],[-87.542523,38.970219],[-87.556952,38.87808],[-87.511224,38.763383],[-87.547772,38.682768],[-87.615033,38.651713],[-87.666815,38.556547],[-87.646503,38.519877],[-87.762421,38.460966],[-87.752338,38.421562],[-87.844379,38.317778],[-87.945599,38.298832],[-87.992596,38.209965],[-87.933954,38.159867],[-88.02995,38.09788],[-88.045404,38.051713],[-88.045282,37.806742],[-87.945819,37.788578],[-87.899579,37.82974],[-87.929755,37.88892],[-87.887665,37.928617],[-87.797162,37.878154],[-87.673651,37.898612],[-87.601386,37.856962],[-87.548895,37.913383],[-87.42663,37.946415],[-87.086713,37.805448],[-87.043036,37.891801],[-86.818817,37.995219],[-86.742206,37.903862],[-86.643866,37.901371],[-86.535858,37.928642],[-86.523456,38.019194],[-86.416132,38.115238],[-86.282684,38.141947],[-86.275238,38.069926],[-86.183734,38.022929],[-86.031976,37.993998],[-85.95993,38.007865],[-85.914569,38.063627],[-85.891327,38.202104],[-85.815912,38.289018],[-85.769867,38.270048],[-85.665106,38.309526],[-85.619696,38.431913],[-85.526581,38.468656],[-85.410223,38.572074],[-85.45517,38.707524],[-85.436078,38.734696],[-85.257294,38.740898],[-85.18598,38.69373],[-84.999457,38.771684],[-84.819403,38.789311],[-84.783954,38.892924],[-84.87746,38.919657],[-84.828143,38.99141],[-84.87309,39.06165],[-84.823529,39.097416],[-84.814081,39.992192],[-84.808905,40.480278],[-84.80036,41.293681],[-84.806075,41.696806]]]},"properties":{"LOCATION_TYPE":"level1","ADM0_A3":"USA","LOCATION_ID":"USA-IN","NAME":"Indiana","TYPE_EN":"State"}}
]}